{"id": "Q1001988", "text": "Buffalo City Hall is the seat for municipal government in the City of Buffalo, New York. Located at 65 Niagara Square, the 32 story Art Deco building was completed in 1931 by Dietel, Wade & Jones. At 378 ft (115.2 m) height or 398 feet (121.3 m) from the street to the tip of the tower, it is one of the largest and tallest municipal buildings in the United States of America and is also one of the tallest buildings in Western New York. The design was by John Wade, chief architect, with the assistance of George Dietel. The friezes were sculpted by Albert Stewart and the sculpture executed by Rene Paul Chambellan. It was listed on the National Register of Historic Places in 1999.", "mentions": {"country": [{"start_char": 351, "end_char": 364, "uri": "http://www.wikidata.org/entity/Q30"}], "architect": [], "owned_by": []}, "mentions_same_attribute_class": {"country": [], "architect": [], "owned_by": []}}