{"id": "Q1017614", "text": "Indi Home (Chinese: \u6a02\u60a0\u5c45; Jyutping: lok6 jau4 geoi1) is a skyscraper located in the Tsuen Wan district of the New Territories in Hong Kong. The tower rises 56 floors and 212 metres (696 ft) in height. The building was completed in 2005. It was developed by Chinese Estates Groups under the name of its subsidiary Kwong Sang Hong Limited. Indi Home, which stands as the joint 45th-tallest building in Hong Kong, is composed almost entirely of residential units, of which there are 950; the lower floors also have retailing space. The structure has a total floor area of 54,000 square metres (580,000 sq ft).", "mentions": {"country": [{"start_char": 128, "end_char": 137, "uri": "http://www.wikidata.org/entity/Q8646"}, {"start_char": 399, "end_char": 408, "uri": "http://www.wikidata.org/entity/Q8646"}], "architect": [], "owned_by": []}, "mentions_same_attribute_class": {"country": [], "architect": [], "owned_by": []}}