{"id": "Q1012819", "text": "Post & Telecommunication Hub (also known as Guangdong Telecom Plaza) is a 68-storey, 260 m (850 ft) skyscraper in Guangzhou, China. The building was completed in 2003.", "mentions": {"country": [{"start_char": 114, "end_char": 123, "uri": "http://www.wikidata.org/entity/Q16572"}, {"start_char": 125, "end_char": 130, "uri": "http://www.wikidata.org/entity/Q148"}], "architect": [], "owned_by": []}, "mentions_same_attribute_class": {"country": [], "architect": [], "owned_by": []}}