{"id": "Q1025472", "text": "Caesars Windsor in Windsor, Ontario is one of four casinos in the Detroit\u2013Windsor area. Owned by the government of the province of Ontario (through the Ontario Lottery and Gaming Corporation), it is operated by Caesars Entertainment. Both the original Casino Windsor and the new expansion were designed by WZMH Architects. The casino is located on Windsor's riverfront overlooking the Detroit skyline near the Canadian end of the Detroit-Windsor Tunnel. The creation of this casino was a leading factor in the legalization of casino gambling in Detroit. The \"Forum\" hotel tower stands at 23 stories tall and opened in 1998. The \"Augustus\" tower stands at 27 stories and opened in 2008. Caesars Windsor attracts about six million visitors annually. Its main competitors are MGM Grand Detroit, MotorCity Casino, and Greektown Casino in Detroit. Caesars Windsor attracts people from Ontario, Michigan, Ohio, Illinois and other states in the Midwest United States.", "mentions": {"country": [{"start_char": 131, "end_char": 138, "uri": "http://www.wikidata.org/entity/Q1904"}, {"start_char": 152, "end_char": 159, "uri": "http://www.wikidata.org/entity/Q1904"}, {"start_char": 880, "end_char": 887, "uri": "http://www.wikidata.org/entity/Q1904"}, {"start_char": 880, "end_char": 887, "uri": "http://www.wikidata.org/entity/Q1904"}], "architect": [], "owned_by": []}, "mentions_same_attribute_class": {"country": [], "architect": [], "owned_by": []}}