{"id": "Q1032561", "text": "Skatteskrapan (\"The Tax Scraper\") is an 26-storey, 86 m (282 ft) skyscraper in Stockholm, Sweden. It is located at G\u00f6tgatan 76 in the district of S\u00f6dermalm, in a block named Gamen (\"The Vulture\"). With an initial height of 81 metres and 25 floors, it was the tallest building in Sweden from its completion in 1959 to 1964 when it was surpassed by the 84 metres tall Dagens Nyheter Tower. The building was designed by the architect Paul Hedqvist for the Swedish National Tax Board (hence its name Skatteskrapan). It served as the office of the Tax Board until 2003, when it was decided by then mayor of Stockholm Annika Billstr\u00f6m that the building was to be rebuilt on the inside to turn the building into student apartments. Svenska Bost\u00e4der took over ownership of the building from its former host Vasakronan on 29 December 2003. In 2008 the building was bought by AP Fastigheter that merged shortly after with Vasakronan. The building is protected as a cultural landmark by the city of Stockholm, which means it can't be rebuilt on the outside. The rebuilt skyscraper, which was built by Skanska now has room for 415 student apartments as well as office and conference apartments on the top floors. In connection to the rebuilt scraper, a new seven floor-building was built aside with 61 student apartments and 19 rented apartments. On the first and second floors of the skyscraper, and in the side building, there is room for shops and restaurants. The official name of the new building complex is now Skrapan (\"The Scraper\"). In the rebuilding process a new floor with a skybar was added increasing the floor count from 25 to 26.", "mentions": {"country": [{"start_char": 90, "end_char": 96, "uri": "http://www.wikidata.org/entity/Q34"}, {"start_char": 279, "end_char": 285, "uri": "http://www.wikidata.org/entity/Q34"}], "architect": [{"start_char": 431, "end_char": 444, "uri": "http://www.wikidata.org/entity/Q621197"}], "owned_by": []}, "mentions_same_attribute_class": {"country": [], "architect": [], "owned_by": []}}