{"id": "Q1033771", "text": "Devon Tower (formerly known as Canterra Tower) is a skyscraper in Calgary, Alberta, Canada. Located at 400 3rd Avenue SW, it stands at 177 metres (581 ft) or 45 storeys tall. The building was completed in 1988 and was designed by WZMH Architects in the postmodern style. It was built with glass curtain walls on all sides. The building is owned and managed by global real estate investor, developer and owner Oxford Properties, and major tenants in the building include Devon Canada, an oil and gas company and Norton Rose Fulbright LLP, one of Canada's largest law firms. Devon Tower is a Class \u2018AAA\u2019 office tower located in the bustling Eau Claire District. It has an efficient floor plate and offers tremendous vista views of downtown, the mountains, the city and prairies, and it is one of the city\u2019s top office buildings.", "mentions": {"country": [{"start_char": 84, "end_char": 90, "uri": "http://www.wikidata.org/entity/Q16"}, {"start_char": 545, "end_char": 551, "uri": "http://www.wikidata.org/entity/Q16"}], "architect": [{"start_char": 230, "end_char": 245, "uri": "http://www.wikidata.org/entity/Q3564873"}], "owned_by": [{"start_char": 409, "end_char": 426, "uri": "http://www.wikidata.org/entity/Q2042805"}]}, "mentions_same_attribute_class": {"country": [], "architect": [], "owned_by": []}}