{"id": "Q1030463", "text": "Mode Gakuen Cocoon Tower (\u30e2\u30fc\u30c9\u5b66\u5712\u30b3\u30af\u30fc\u30f3\u30bf\u30ef\u30fc M\u014ddo gakuen kok\u016bn taw\u0101) is a 204-metre (669 ft), 50-story educational facility located in the Nishi-Shinjuku district in Shinjuku, Tokyo, Japan. The building is home to three educational institutions: Tokyo Mode Gakuen (fashion vocational school), HAL Tokyo (special technology and design college), and Shuto Ik\u014d (medical college). Completed in October 2008, the tower is the second-tallest educational building in the world and is the 17th-tallest building in Tokyo. It was awarded the 2008 Skyscraper of the Year by Emporis.com.", "mentions": {"country": [{"start_char": 177, "end_char": 182, "uri": "http://www.wikidata.org/entity/Q17"}, {"start_char": 240, "end_char": 245, "uri": "http://www.wikidata.org/entity/Q1490"}, {"start_char": 291, "end_char": 296, "uri": "http://www.wikidata.org/entity/Q1490"}, {"start_char": 500, "end_char": 505, "uri": "http://www.wikidata.org/entity/Q1490"}], "architect": [], "owned_by": []}, "mentions_same_attribute_class": {"country": [], "architect": [], "owned_by": []}}