{"id": "Q1034660", "text": "Capital Gate is a skyscraper in Abu Dhabi adjacent to the Abu Dhabi National Exhibition Centre designed with a striking lean. At 160 m (520 ft) and 35 stories, it is one of the tallest buildings in the city and inclines 18\u00b0 to the west. The owner and developer of Capital Gate is Abu Dhabi National Exhibitions Company. The tower (also known as the Leaning Tower of Abu Dhabi) is the focal point of the Capital Center/Abu Dhabi National Exhibition Centre master development.", "mentions": {"country": [{"start_char": 32, "end_char": 41, "uri": "http://www.wikidata.org/entity/Q1519"}, {"start_char": 366, "end_char": 375, "uri": "http://www.wikidata.org/entity/Q1519"}, {"start_char": 32, "end_char": 41, "uri": "http://www.wikidata.org/entity/Q1519"}], "architect": [], "owned_by": []}, "mentions_same_attribute_class": {"country": [], "architect": [], "owned_by": []}}