{"id": "Q1033099", "text": "Grand Lisboa (Chinese: \u65b0\u8461\u4eac) is a 47-floor, 261-metre-tall (856 ft) hotel in Macau, owned by Sociedade de Turismo e Divers\u00f5es de Macau and designed by Hong Kong architects Dennis Lau and Ng Chun Man. Its casino and restaurants were opened on February 11, 2007, while the hotel was opened in December 2008. The casino offers 800 mass gaming tables and 1000 slot machines. The hotel contains 430 hotel rooms and suites. The Grand Lisboa is the tallest building in Macau.The casino is the first in Macau to offer Texas hold 'em poker ring games. It was also the first to offer craps, though several other casinos in Macau now offer the game. Jo\u00ebl Robuchon joined the group in 2007 as the owner of the hotel restaurant, Robuchon a Galera, which in 2008 was awarded three stars by the Michelin Guide. The wine list features over 14,600 wines and has won the Wine Spectator \u201cGrand Award\u201d. The Star of Stanley Ho is on permanent display at the Casino Grand Lisboa. According to the Gemological Institute of America, the 218.08 carats (43.616 g) diamond is the largest cushion shaped internally flawless D-color diamond in the world.", "mentions": {"country": [{"start_char": 76, "end_char": 81, "uri": "http://www.wikidata.org/entity/Q14773"}, {"start_char": 128, "end_char": 133, "uri": "http://www.wikidata.org/entity/Q14773"}, {"start_char": 494, "end_char": 499, "uri": "http://www.wikidata.org/entity/Q14773"}, {"start_char": 612, "end_char": 617, "uri": "http://www.wikidata.org/entity/Q14773"}, {"start_char": 76, "end_char": 81, "uri": "http://www.wikidata.org/entity/Q14773"}, {"start_char": 128, "end_char": 133, "uri": "http://www.wikidata.org/entity/Q14773"}, {"start_char": 494, "end_char": 499, "uri": "http://www.wikidata.org/entity/Q14773"}, {"start_char": 612, "end_char": 617, "uri": "http://www.wikidata.org/entity/Q14773"}], "architect": [], "owned_by": []}, "mentions_same_attribute_class": {"country": [], "architect": [], "owned_by": []}}