{"id": "Q1049209", "text": "The Venetian Resort Hotel Casino is a five-diamond luxury hotel and casino resort situated between Harrah's and The Palazzo on the east side of the Las Vegas Strip in Paradise, Nevada, United States, on the site of the old Sands Hotel. Designed by KlingStubbins, the hotel tower contains 36 stories and rises 475 feet (145 m). The Venetian is owned and operated by the Las Vegas Sands Corporation. The Venetian also serves as the seat of the corporate headquarters for its parent company. The Venetian resort complex is (together with the adjacent Sands Expo Convention Center and The Palazzo Hotel and Casino Resort) the world's second-largest hotel, with 4049 rooms, 3068 suites ranging in price from $169 to $10,000 per night and a 120,000-square-foot (11,000 m2) casino. Since its opening, The Venetian Macau is the largest casino in the world, trumping The Venetian, Las Vegas.", "mentions": {"country": [{"start_char": 185, "end_char": 198, "uri": "http://www.wikidata.org/entity/Q30"}, {"start_char": 185, "end_char": 198, "uri": "http://www.wikidata.org/entity/Q30"}], "architect": [{"start_char": 248, "end_char": 261, "uri": "http://www.wikidata.org/entity/Q6421014"}], "owned_by": []}, "mentions_same_attribute_class": {"country": [], "architect": [], "owned_by": []}}