{"id": "Q10413351", "text": "The Burj Qatar (Arabic: \u0642\u0637\u0631 \u0628\u0631\u062c) is a skyscraper in West Bay, Doha, Qatar. The $125-million office building, designed by French architect Jean Nouvel, has a height of 232 metres (761 ft), with 46 stories. The Chicago-based Council on Tall Buildings and Urban Habitat named it the best tall building in the Middle East and North Africa in 2012, citing the way the cylindrical building uses \"ancient Islamic patterns\" in its cylindrical design.", "mentions": {"country": [{"start_char": 68, "end_char": 73, "uri": "http://www.wikidata.org/entity/Q846"}], "architect": [{"start_char": 138, "end_char": 149, "uri": "http://www.wikidata.org/entity/Q214317"}], "owned_by": []}, "mentions_same_attribute_class": {"country": [], "architect": [], "owned_by": []}}