{"id": "Q1052475", "text": "First Canadian Place (originally First Bank Building) is a skyscraper in the financial district of Toronto, Ontario, at the northwest corner of King and Bay streets, and is the location of the Toronto operational head office of the Bank of Montreal. At 298 m (978 ft), it is Canada's tallest skyscraper and the 15th tallest building in North America to structural top (spires) and 9th highest to the roof top, and the 105th tallest in the world. It is the third tallest free-standing structure in Canada, after CN Tower (also in Toronto) and the Inco Superstack chimney in Sudbury, Ontario. The building is owned by Brookfield Office Properties, putting it in co-ownership with the neighbouring Exchange Tower and Bay Adelaide Centre as well as various other office spaces across Downtown Toronto.", "mentions": {"country": [{"start_char": 275, "end_char": 281, "uri": "http://www.wikidata.org/entity/Q16"}, {"start_char": 497, "end_char": 503, "uri": "http://www.wikidata.org/entity/Q16"}, {"start_char": 497, "end_char": 503, "uri": "http://www.wikidata.org/entity/Q16"}], "architect": [], "owned_by": [{"start_char": 616, "end_char": 644, "uri": "http://www.wikidata.org/entity/Q4974584"}]}, "mentions_same_attribute_class": {"country": [], "architect": [], "owned_by": []}}