{"id": "Q1054303", "text": "Centro Financiero Confinanzas, also known as Torre de David (the Tower of David), is an unfinished skyscraper in Caracas, the capital of Venezuela. It is the third highest skyscraper in the country after the twin towers of Parque Central Complex. The construction of the tower began in 1990 but was halted in 1994 due to the Venezuelan banking crisis. As of 2016, the building remains incomplete.", "mentions": {"country": [{"start_char": 113, "end_char": 120, "uri": "http://www.wikidata.org/entity/Q1533"}, {"start_char": 137, "end_char": 146, "uri": "http://www.wikidata.org/entity/Q717"}, {"start_char": 113, "end_char": 120, "uri": "http://www.wikidata.org/entity/Q1533"}, {"start_char": 137, "end_char": 146, "uri": "http://www.wikidata.org/entity/Q717"}], "architect": [], "owned_by": []}, "mentions_same_attribute_class": {"country": [], "architect": [], "owned_by": []}}