{"id": "Q1066662", "text": "The Park Row Building is a building on Park Row in the Financial District of the New York City borough of Manhattan also known as 15 Park Row. The building was designed by R. H. Robertson, a pioneer in steel skyscraper design, and engineered by the firm of Nathaniel Roberts. In 1999, the New York City Landmarks Preservation Commission designated the Park Row Building a landmark.", "mentions": {"country": [{"start_char": 106, "end_char": 115, "uri": "http://www.wikidata.org/entity/Q11299"}, {"start_char": 106, "end_char": 115, "uri": "http://www.wikidata.org/entity/Q11299"}, {"start_char": 106, "end_char": 115, "uri": "http://www.wikidata.org/entity/Q11299"}], "architect": [], "owned_by": []}, "mentions_same_attribute_class": {"country": [], "architect": [], "owned_by": []}}