{"id": "Q1068235", "text": "Shanghai Jinjiang Hotel (aka Jin Jiang Hotel) is a luxury hotel in Shanghai, China. The main part of the hotel comprises two early 20th century apartment buildings, set around two lawns. The hotel contains 515 guest rooms, which include both modern facilities and traditional furniture and decor. The hotel covers an area of about 30,000 square metres, of which 10,000 square metres are covered with green leisure space, flowers, and trees.", "mentions": {"country": [], "architect": [], "owned_by": []}, "mentions_same_attribute_class": {"country": [], "architect": [], "owned_by": []}}