{"id": "Q1063195", "text": "The Torre de Madrid (Spanish: Tower of Madrid) is one of the tallest buildings in Madrid. It measures 142 metres in height, has 36 floors and was constructed between 1954 and 1957. It was designed by the architects Juli\u00e1n and Jos\u00e9 Mar\u00eda Otamendi Machimbarrena as an assignment of the Metropolitan Real Estate Agency, for whom already they had built the Edificio Espa\u00f1a. It is situated on the Plaza de Espa\u00f1a, being a symbolic building for the plaza and the city. It holds offices and apartments. It was the highest office building in Western Europe until 1967, when it was surpassed by the 150-metre high South Tower in Brussels. The Tower appeared in numerous Spanish movies released in the 1960s. The tower was conceived to be the tallest concrete building in the world at the time of its completion and until the construction of Torrespa\u00f1a was the highest building in Madrid. The lead architects also envisioned that the building would harbour 500 stores, spacious galleries, a hotel, and even a cinema. Furthermore, the tower was equipped with twelve elevators of the fastest model of the time, permitting users to travel 3.5 metres per second. The works were finished on October 15, 1957. The Tower of Madrid is found in the Plaza de Espa\u00f1a, at the end of the street of Gran Via, in the heart of the Spanish capital. Along with the 117-metre-tall Edificio de Espa\u00f1a, situated in the same plaza, they form an interesting architectural assembly. Both enjoy protection on the part of the City Hall of the capital. It was the tallest building in Spain until 1982, when it was surpassed by the Torrespa\u00f1a telecommunications tower. It forms part of the Gran Via skyscraper zone, to the contrary that most of the skyscrapers with a height of 100+ metres in the city, situated in the financial district of AZCA, in the neighborhood of Tetu\u00e1n. On April 28, 2005, the tower was put up for sale by the real estate agency Metrovacesa along with the Edificio Espa\u00f1a to vote part of the acquisition of the French company Gecina. The price was about 400.000.000 \u20ac.", "mentions": {"country": [{"start_char": 39, "end_char": 45, "uri": "http://www.wikidata.org/entity/Q2807"}, {"start_char": 82, "end_char": 88, "uri": "http://www.wikidata.org/entity/Q2807"}, {"start_char": 871, "end_char": 877, "uri": "http://www.wikidata.org/entity/Q2807"}, {"start_char": 1207, "end_char": 1213, "uri": "http://www.wikidata.org/entity/Q2807"}, {"start_char": 1547, "end_char": 1552, "uri": "http://www.wikidata.org/entity/Q29"}, {"start_char": 1547, "end_char": 1552, "uri": "http://www.wikidata.org/entity/Q29"}], "architect": [], "owned_by": []}, "mentions_same_attribute_class": {"country": [], "architect": [], "owned_by": []}}