{"id": "Q10635766", "text": "Point Hyllie is a project currently under construction in Malm\u00f6, Sweden. The complex will feature four high-rises, with the tallest one being a 110 m residential skyscraper. The project will contain approximately 320 residential units, including offices and stores. The design was revealed at a press conference held by Malm\u00f6 Municipality on August 2006, as the result of an international competition, featuring amongst others, renowned Austrian architects Coop Himmelb(l)au.[citation needed] The winning proposal was a design by Danish architect Lone Wiggers of C. F. M\u00f8ller Architects. Originally called \"Malm\u00f6 Tower\" and intended to be 216 metres tall, covering 53 storeys, the project was ultimately reduced in height to 110 m.", "mentions": {"country": [{"start_char": 65, "end_char": 71, "uri": "http://www.wikidata.org/entity/Q34"}], "architect": [], "owned_by": []}, "mentions_same_attribute_class": {"country": [], "architect": [], "owned_by": []}}