{"id": "Q1066676", "text": "The Plaza Hotel, located in the Midtown Manhattan neighborhood of the borough of Manhattan, New York City, is a landmark 20-story luxury hotel and condominium apartment building, owned by the Indian conglomerate, Sahara India Pariwar. With a height of 250 ft (76 m) and length of 400 ft (120 m) that occupies the west side of Grand Army Plaza, from which it derives its name, and extends along Central Park South in Manhattan. Fifth Avenue extends along the east side of Grand Army Plaza. The Plaza Hotel is recognized as a Historic Hotel of America by the National Trust for Historic Preservation.", "mentions": {"country": [{"start_char": 81, "end_char": 100, "uri": "http://www.wikidata.org/entity/Q11299"}, {"start_char": 416, "end_char": 425, "uri": "http://www.wikidata.org/entity/Q11299"}, {"start_char": 81, "end_char": 100, "uri": "http://www.wikidata.org/entity/Q11299"}], "architect": [], "owned_by": []}, "mentions_same_attribute_class": {"country": [], "architect": [], "owned_by": []}}