{"id": "Q1076139", "text": "JW Marriott International Finance Centre is a supertall skyscraper with 102 floors and with a roof height of 431 m (1,414 ft) planned for Chongqing, China. The design has gone through several versions, requiring the demolition of the base for a previous version of the project.", "mentions": {"country": [{"start_char": 138, "end_char": 147, "uri": "http://www.wikidata.org/entity/Q11725"}, {"start_char": 149, "end_char": 154, "uri": "http://www.wikidata.org/entity/Q148"}], "architect": [], "owned_by": []}, "mentions_same_attribute_class": {"country": [], "architect": [], "owned_by": []}}