{"id": "Q1077308", "text": "Ping An International Finance Centre (also known as the Ping An IFC) (Chinese:\u5e73\u5b89\u56fd\u9645\u91d1\u878d\u4e2d\u5fc3) is a 115-story megatall skyscraper under construction in Shenzhen, Guangdong province, China. The building was commissioned by Ping An Insurance and designed by the American architectural firm Kohn Pedersen Fox Associates. It is expected to be completed in 2016, thus becoming the 4th tallest building in the world.", "mentions": {"country": [{"start_char": 145, "end_char": 153, "uri": "http://www.wikidata.org/entity/Q15174"}], "architect": [{"start_char": 281, "end_char": 309, "uri": "http://www.wikidata.org/entity/Q212487"}], "owned_by": [{"start_char": 215, "end_char": 232, "uri": "http://www.wikidata.org/entity/Q1256188"}]}, "mentions_same_attribute_class": {"country": [], "architect": [], "owned_by": []}}