{"id": "Q1071998", "text": "The Chicago Temple Building is a 173 meter (568 foot) tall skyscraper church located at 77 W. Washington St. in Chicago, Illinois, United States. It is home to the congregation of the First United Methodist Church of Chicago. It was completed in 1924 and has 23 floors dedicated to religious and office use. It is by some measures the tallest church building in the world, although this distinction is usually bestowed upon a building whose usage is entirely or almost entirely devoted to religious purposes; by this standard Ulm Minster is as of 2016 the tallest church in the world. The congregation was founded in 1831 and built a log cabin on the north bank of the Chicago River in 1834. In 1838, it moved the cabin across the river to the corner of Washington and Clark Streets. The current structure was completed after a debate within the congregation whether the church should remain in central Chicago or sell its valuable property and relocate to the growing suburban areas. It was the tallest building in Chicago from 1924 until 1930, when it was surpassed by the Chicago Board of Trade Building. This claim included the height of the steeple to maintain the title over the 35 East Wacker Building which opened in 1927. The building is constructed on a steel frame faced with limestone and is designed in the neo-gothic style by the firm of Holabird & Roche. During planning and construction, the building was called City Temple, however by the time of completion, the name was changed to Chicago Temple. The building houses three sanctuaries: The Sky Chapel was created in 1952 as a gift from the Walgreen family in memory of Charles Walgreen founder of the drugstore chain bearing his name. At 400 ft (120 m) above ground level, it is considered the world's highest worship space and contains 16 stained glass windows. Four depict scenes from the Old Testament, four from the life of Jesus, four represent the history of the Christian Church in the Old World, and the final four the church in the New World. The carved wood altar-front depicts Jesus looking over the city of Chicago (specifically a view from the top of the church building in 1952), mirroring the front of the sanctuary altar, which shows Jesus looking over Jerusalem. Floors 5 through 21 of the building are rented office space with one residential area which is used by the Methodist church's senior pastor as a parsonage, occupying the three floors of the spire, just below the Sky Chapel. The sixth floor of the building once held the office of Clarence Darrow, the famous trial attorney. A fictionalized version of the building is one of the settings in Charles Merrill Smith's Father Randollph detective series, where the title character is the senior pastor resident in the skyscraper's parsonage. The congregation is approximately 60% white, 16% black, and maybe 20% Asian[citation needed] and the remainder mixed. Bread is broken every other week and the diversity in the church is recognized and accepted as a modern church.[citation needed] It had its roots on John Wesley's teaching. The temple is located at the southeast corner of Clark and Washington Street across from the Richard J. Daley Center which houses offices for the offices for the city of Chicago and Cook County courts and the Chicago Picasso. Due to its proximity to the Cook County and US District Courts, the majority of the building's tenants are attorney's firms. A sculpture entitled Mir\u00f3's Chicago by Joan Mir\u00f3 occupies a courtyard between the Chicago Temple and the adjacent George Dunne Cook County Building.", "mentions": {"country": [{"start_char": 131, "end_char": 144, "uri": "http://www.wikidata.org/entity/Q30"}, {"start_char": 3346, "end_char": 3348, "uri": "http://www.wikidata.org/entity/Q30"}], "architect": [{"start_char": 1352, "end_char": 1368, "uri": "http://www.wikidata.org/entity/Q2309614"}], "owned_by": []}, "mentions_same_attribute_class": {"country": [], "architect": [], "owned_by": []}}