{"id": "Q1076144", "text": "The Chongqing World Financial Center, also known as Global Financial Building (Chinese: \u73af\u7403\u91d1\u878d\u4e2d\u5fc3; Chinese: \u74b0\u7403\u91d1\u878d\u4e2d\u5fc3) is a late-modernist supertall skyscraper in Chongqing, China. The office tower has a height of 339 metres (1,112 ft) and contain 79 floors. Construction of the glass and steel-building was completed in 2014.", "mentions": {"country": [{"start_char": 4, "end_char": 13, "uri": "http://www.wikidata.org/entity/Q11725"}, {"start_char": 157, "end_char": 166, "uri": "http://www.wikidata.org/entity/Q11725"}, {"start_char": 168, "end_char": 173, "uri": "http://www.wikidata.org/entity/Q148"}], "architect": [], "owned_by": []}, "mentions_same_attribute_class": {"country": [], "architect": [], "owned_by": []}}