{"id": "Q1073288", "text": "China International Center (simplified Chinese: \u4e2d\u534e\u56fd\u9645\u4e2d\u5fc3; traditional Chinese: \u4e2d\u83ef\u570b\u969b\u4e2d\u5fc3; pinyin: Zh\u014dnghu\u00e1 Gu\u00f3j\u00ec Zh\u014dngx\u012bn) is a 62-storey, 270 m (890 ft) skyscraper completed in 2007 in Guangzhou, China.", "mentions": {"country": [{"start_char": 0, "end_char": 5, "uri": "http://www.wikidata.org/entity/Q148"}, {"start_char": 181, "end_char": 190, "uri": "http://www.wikidata.org/entity/Q16572"}, {"start_char": 192, "end_char": 197, "uri": "http://www.wikidata.org/entity/Q148"}], "architect": [], "owned_by": []}, "mentions_same_attribute_class": {"country": [], "architect": [], "owned_by": []}}