{"id": "Q1076137", "text": "Chongqing Poly Tower is a skyscraper in Chongqing, China. Situated at the site of former Chongqing hotel,the building sits on 11831 metre square of land at the junction Linjiangmen and Minsheng Road in the central business district(Jiefangbei) of Chongqing. It contains office and hotel space. The building was topped out on June 18 2010 and completed in 2013. It is the third tallest building in Chongqing.", "mentions": {"country": [{"start_char": 40, "end_char": 49, "uri": "http://www.wikidata.org/entity/Q11725"}, {"start_char": 51, "end_char": 56, "uri": "http://www.wikidata.org/entity/Q148"}, {"start_char": 89, "end_char": 98, "uri": "http://www.wikidata.org/entity/Q11725"}, {"start_char": 247, "end_char": 256, "uri": "http://www.wikidata.org/entity/Q11725"}, {"start_char": 397, "end_char": 406, "uri": "http://www.wikidata.org/entity/Q11725"}, {"start_char": 397, "end_char": 406, "uri": "http://www.wikidata.org/entity/Q11725"}], "architect": [], "owned_by": []}, "mentions_same_attribute_class": {"country": [], "architect": [], "owned_by": []}}