{"id": "Q10857889", "text": "A.S.P. Towers (also Kooy-e Nobonyad-e Vanak, Persian: \u0633\u0627\u062e\u062a\u0645\u0627\u0646\u0647\u0627\u06cc \u0622.\u0627\u0633.\u067e) are one of the most well-known skyscrapers in Tehran, Iran. It is located in the neighbourhood of Amir Abad and Yusef Abad in the corner of Kordestan and Hakim Highway. It were among the first residential skyscrapers in Iran and have housed some of the most well-known Iranian figures over the years, as Amir-Abbas Hoveida, a prime-minister of Mohammad Reza Pahlavi. The construction was carried out by A.S.P construction company. The construction is believed to have started in mid-1960s. It consists of three towers which were named by A, B and C. The tower named A is the greatest and the most luxurious of the complex. The panoramic view of the three buildings includes Alborz Mountains, Damavand peak to the east and newly constructed Borj-e Milad (Milad Tower) to the west.They have been a landmark of Tehran since being completed in 1976 and was inaugurated by former empress of Iran Farah Diba in that year. 1979 revolution and lootings After the 1979 Revolution in Iran, The A-tower was particularly targeted by the revolutionaries as it housed mostly business and political figures who either had fled Iran or lost their lives during the revolution. In all cases doors were crushed as the standard door locks were near-impossible to force-open or manipulate. The non-standard door frames to date indicate breaking in during the early day of the revolution. The looting of property and cars went on for weeks following the chaos and lawlessness in early days of the Islamic revolution. The confiscated units themselves were later occupied by revolutionary families and later by some refugees from the Iran-Iraq war. The occupiers were eventually removed as law and order eventually returned after a number of years. Notable residents Prime minister of Iran under Mohamad-Reza Pahlavi Famous world explorer and First Asian explorer of Antarctica Imperial Iranian Air Force, Royal flight instructor Trivia", "mentions": {"country": [], "architect": [], "owned_by": []}, "mentions_same_attribute_class": {"country": [], "architect": [], "owned_by": []}}