{"id": "Q10889351", "text": "Kiu Kwan Mansion (Chinese: \u50d1\u51a0\u5927\u5ec8) is a 27-storey, 95 m (312 ft) residential skyscraper at 395 King's Road, North Point in Hong Kong. When it topped out in 1966, it was the tallest building in Greater China, surpassing Park Hotel Shanghai, which held the title for 32 years. Kiu Kwan Mansion was refurbished in 1996 and 2007.", "mentions": {"country": [], "architect": [], "owned_by": []}, "mentions_same_attribute_class": {"country": [], "architect": [], "owned_by": []}}