{"id": "Q1096141", "text": "Act Tower (\u30a2\u30af\u30c8\u30b7\u30c6\u30a3\u6d5c\u677e) is a skyscraper in Hamamatsu, Shizuoka Prefecture, Japan. It is 213 metres (699 ft) tall, and has 45 floors, making it the tallest building in Hamamatsu. It was constructed in 1994, and houses the Okura City Hotel in its top 17 floors, as well as observation deck on its top floor. The building was designed to resemble a harmonica, in line with Hamamatsu's notable music culture.", "mentions": {"country": [{"start_char": 72, "end_char": 77, "uri": "http://www.wikidata.org/entity/Q17"}], "architect": [], "owned_by": []}, "mentions_same_attribute_class": {"country": [], "architect": [], "owned_by": []}}