{"id": "Q1093913", "text": "Moshe Aviv Tower (Hebrew: \u05de\u05d2\u05d3\u05dc \u05de\u05e9\u05d4 \u05d0\u05d1\u05d9\u05d1), is a 235 m (771 ft) tall skyscraper located in the demarcated area of the Bursa (Israel Diamond Exchange) on Jabotinsky Road (No. 7) in northern Ramat Gan, Israel. The 68-story building is commonly known as City Gate (Hebrew: \u05e9\u05e2\u05e8 \u05d4\u05e2\u05d9\u05e8), its original name. It is the tallest building in Israel.", "mentions": {"country": [{"start_char": 187, "end_char": 196, "uri": "http://www.wikidata.org/entity/Q192807"}, {"start_char": 198, "end_char": 204, "uri": "http://www.wikidata.org/entity/Q801"}, {"start_char": 328, "end_char": 334, "uri": "http://www.wikidata.org/entity/Q801"}, {"start_char": 328, "end_char": 334, "uri": "http://www.wikidata.org/entity/Q801"}], "architect": [], "owned_by": []}, "mentions_same_attribute_class": {"country": [], "architect": [], "owned_by": []}}