{"id": "Q10954333", "text": "Embarcadero West is a 30-story, 123.1 m (404 ft) office skyscraper in the Financial District of San Francisco, California. The building is part of the Embarcadero Center, which is a complex of five office towers and two hotels. The skyscraper, which was completed in 1989, is not connected physically to the other buildings. Embarcadero West is owned by Teachers Insurance and Annuity Association (TIAA-CREF), which purchased the building from Boston Properties in December 2005 for more than US$205 million.", "mentions": {"country": [{"start_char": 96, "end_char": 121, "uri": "http://www.wikidata.org/entity/Q62"}, {"start_char": 493, "end_char": 495, "uri": "http://www.wikidata.org/entity/Q30"}], "architect": [], "owned_by": []}, "mentions_same_attribute_class": {"country": [], "architect": [], "owned_by": []}}