{"id": "Q10905686", "text": "37 Wall Street was built as an office building on Manhattan's Wall Street. It was designed by Francis Kimball and constructed during 1906-1907 for The Trust Company of America which occupied the ground floor. The building, completed in 1907, stands at 25 floors, plus a penthouse level that includes apartments and a terrace. No longer offices, the building has been converted/restored by Costas Kondylis. It is now 373 rental apartments and a 7,700-square-foot (715 m\u00b2) commercial space for Tiffany & Co's return to Lower Manhattan. The amenities for its residents include a well-equipped gym, a lounge with pool tables and a screening room, as well as the roof-top terrace.", "mentions": {"country": [{"start_char": 50, "end_char": 59, "uri": "http://www.wikidata.org/entity/Q11299"}], "architect": [{"start_char": 94, "end_char": 109, "uri": "http://www.wikidata.org/entity/Q1441527"}, {"start_char": 94, "end_char": 109, "uri": "http://www.wikidata.org/entity/Q1441527"}], "owned_by": []}, "mentions_same_attribute_class": {"country": [], "architect": [], "owned_by": []}}