{"id": "Q1092242", "text": "Yingli Tower is a skyscraper in the Jeifangbei CBD area of Chongqing, China. Its construction started in 2009 and was completed in 2012. It is an office building with a retail podium. In 2012 Yingli Tower eclipsed the Chongqing World Trade Center to become the tallest building in Western China, although this title was short lived since Chongqing Poly Tower received the title later in the year.", "mentions": {"country": [{"start_char": 59, "end_char": 68, "uri": "http://www.wikidata.org/entity/Q11725"}, {"start_char": 70, "end_char": 75, "uri": "http://www.wikidata.org/entity/Q148"}], "architect": [], "owned_by": []}, "mentions_same_attribute_class": {"country": [], "architect": [], "owned_by": []}}