{"id": "Q1101096", "text": "The Sanno Park Tower (\u5c71\u738b\u30d1\u30fc\u30af\u30bf\u30ef\u30fc Sann\u014d P\u0101ku Taw\u0101) is a 44-story skyscraper located in Nagatach\u014d, Tokyo, Japan. It is the second highest building of the ward, after the Shin-Marunouchi Building. The headquarters of the largest mobile carrier in Japan, NTT docomo, are located on the 7th to 9th and 27th to 44th floors.[citation needed]The lower floors house several multinational corporations, such as Deutsche Bank, DuPont, Cushman & Wakefield, Bank of America, Philip Morris, Est\u00e9e Lauder. The headquarters of the Consumer Affairs Agency of Japan are located on the 4th to 6th floors.The \"Skylobby\" at the 27th floor has restaurants and a closed observation deck. Just at the foot of the Hie Shrine, the skyscraper overlooks directly both the Prime Minister of Japan's official residence (S\u014dri Kantei) and the Diet Building.As a consequence, windows of the tower in the direction of the Prime Minister's residence are all locked, and there are no windows on the residence side giving in the Park Tower direction.To achieve such a height in such a strategical location, air rights were bought from the neighbouring Hie Shrine. The building stands over Tameike-Sann\u014d Station which is served by the Tokyo Metro Ginza Line (G06), Tokyo Metro Namboku Line (N06) and linked to Kokkai-gijid\u014d-mae Station (M14) on the Tokyo Metro Marunouchi Line.", "mentions": {"country": [{"start_char": 102, "end_char": 107, "uri": "http://www.wikidata.org/entity/Q17"}, {"start_char": 242, "end_char": 247, "uri": "http://www.wikidata.org/entity/Q17"}, {"start_char": 760, "end_char": 765, "uri": "http://www.wikidata.org/entity/Q17"}], "architect": [], "owned_by": []}, "mentions_same_attribute_class": {"country": [], "architect": [], "owned_by": []}}