{"id": "Q11092342", "text": "Cordis, Hong Kong (Chinese: \u9999\u6e2f\u5eb7\u5f97\u601d\u9152\u5e97), formerly the Langham Place Hotel (\u6717\u8c6a\u9152\u5e97), is a five star hotel located at 555 Shanghai Street, Mong Kok, Hong Kong. It is operated by Langham Hotels International.", "mentions": {"country": [{"start_char": 8, "end_char": 17, "uri": "http://www.wikidata.org/entity/Q8646"}, {"start_char": 142, "end_char": 151, "uri": "http://www.wikidata.org/entity/Q8646"}], "architect": [], "owned_by": []}, "mentions_same_attribute_class": {"country": [], "architect": [], "owned_by": []}}