{"id": "Q1104353", "text": "Edmonton House is a 45-storey building located in downtown Edmonton, Alberta. Opened as an apartment hotel, the building was re-branded into a hotel in 2006 before converting back in 2013. It stands at 121 metres (397 feet) and was briefly Edmonton's tallest building when it was completed in 1971. It is Edmonton's tallest building in terms of the number of stories at which it stands, but at a lower overall height than Edmonton's current tallest building, Epcor Tower.", "mentions": {"country": [{"start_char": 69, "end_char": 76, "uri": "http://www.wikidata.org/entity/Q1951"}], "architect": [], "owned_by": []}, "mentions_same_attribute_class": {"country": [], "architect": [], "owned_by": []}}