{"id": "Q11080920", "text": "The New World Centre (Chinese: \u65b0\u4e16\u754c\u4e2d\u5fc3) was a shopping centre, apartment complex and office building on Salisbury Road, Tsim Sha Tsui, Kowloon, Hong Kong. It was located near the Sogo department store and the Hong Kong Space Museum, opposite the MTR East Tsim Sha Tsui Station. It was closed on March 31, 2010 for demolition and a new 63-storey hotel by New World Group is being built on the site with expected opening in 2017.", "mentions": {"country": [{"start_char": 142, "end_char": 151, "uri": "http://www.wikidata.org/entity/Q8646"}, {"start_char": 142, "end_char": 151, "uri": "http://www.wikidata.org/entity/Q8646"}], "architect": [], "owned_by": []}, "mentions_same_attribute_class": {"country": [], "architect": [], "owned_by": []}}