{"id": "Q1109555", "text": "City Hall of San Jose at 200 East Santa Clara Street is the center of the government of the city of San Jose, California. The building was designed by Richard Meier, and opened to the public on 15 October 2005, replacing the former City Hall complex civic center located on North First Street, which was used from 1958 until 2005. From 1889 to 1958 the city hall was located in what is now Plaza de Cesar Chavez in downtown San Jos\u00e9.", "mentions": {"country": [], "architect": [], "owned_by": []}, "mentions_same_attribute_class": {"country": [], "architect": [], "owned_by": []}}