{"id": "Q11080948", "text": "The New Century Plaza Tower A (Chinese: \u65b0\u4e16\u7eaa\u5e7f\u573aA\u5ea7) is a 255.2 metre (837 foot) tall skyscraper located in Nanjing, China. The tower is under construction as of April 2006 however is topped out making it the 89th tallest existing building in the world when measured up to the highest architectural point which is the spire. The tower is part of the New Century Plaza complex which features two towers.", "mentions": {"country": [{"start_char": 104, "end_char": 111, "uri": "http://www.wikidata.org/entity/Q16666"}], "architect": [], "owned_by": []}, "mentions_same_attribute_class": {"country": [], "architect": [], "owned_by": []}}