{"id": "Q1115315", "text": "Commerce Place is an office & retail complex in Edmonton, Alberta, Canada. It stands at 123 metres (404 feet) or 27 storeys tall and was completed in 1990.[citation needed] Commerce Place has a small selection of shops in the main levels of the mall including Edmonton's Escada.[citation needed] It is connected to Manulife Place by pedway.[citation needed] Commerce Place is home to the Italian Consulate in Edmonton, the only fully accredited consulate in Edmonton (the rest[who?] are \"honorary\").", "mentions": {"country": [{"start_char": 67, "end_char": 73, "uri": "http://www.wikidata.org/entity/Q16"}], "architect": [], "owned_by": []}, "mentions_same_attribute_class": {"country": [], "architect": [], "owned_by": []}}