{"id": "Q1113808", "text": "Comcast Center is a skyscraper in Center City, Philadelphia, Pennsylvania, United States. The 58-story, 297-meter (974 ft) tower is the tallest building in Philadelphia and the nineteenth tallest building in the United States. Originally called One Pennsylvania Plaza when the building was first announced in 2001, the Comcast Center went through two redesigns before construction began in 2005. Comcast Center was designed by architect Robert A. M. Stern for Liberty Property Trust. At the beginning of 2005, the final redesign and its new name the Comcast Center was unveiled. The building is named after its lead tenant, cable company Comcast, which makes the skyscraper its corporate headquarters. Leasing 1,094,212 square feet (101,656 m2), Comcast takes up 89 percent of the building. The building features retail and restaurant space and a connection to the nearby Suburban Station. In Comcast Center's lobby is the Comcast Experience, which is a 2,000 square feet (190 m2) high-definition LED screen that has become a tourist attraction. Designed to be environmentally friendly, the skyscraper is the tallest Leadership in Energy and Environmental Design (LEED) certified building in Philadelphia.", "mentions": {"country": [{"start_char": 75, "end_char": 88, "uri": "http://www.wikidata.org/entity/Q30"}, {"start_char": 212, "end_char": 225, "uri": "http://www.wikidata.org/entity/Q30"}, {"start_char": 75, "end_char": 88, "uri": "http://www.wikidata.org/entity/Q30"}], "architect": [], "owned_by": [{"start_char": 460, "end_char": 482, "uri": "http://www.wikidata.org/entity/Q6541925"}, {"start_char": 460, "end_char": 482, "uri": "http://www.wikidata.org/entity/Q6541925"}]}, "mentions_same_attribute_class": {"country": [], "architect": [], "owned_by": []}}