{"id": "Q112640", "text": "Central Plaza is a 78-story, 374 m (1,227 ft) skyscraper completed in August 1992 at 18 Harbour Road, in Wan Chai on Hong Kong Island in Hong Kong. It is the third tallest tower in the city after 2 IFC in Central and the ICC in West Kowloon. It was the tallest building in Asia from 1992 to 1996, until the Shun Hing Square in neighbouring Shenzhen was built. Central Plaza surpassed the Bank of China Tower as the tallest building in Hong Kong until the completion of 2IFC. Central Plaza was also the tallest reinforced concrete building in the world, until it was surpassed by CITIC Plaza, Guangzhou. The building uses a triangular floor plan. On the top of the tower is a four-bar neon clock that indicates the time by displaying different colours in 15-minute intervals, blinking at the change of the quarter. An anemometer is installed on the tip of the building's mast; the anemometer sits at 378 metres (1,240 ft) above sea level. The mast has a height of 102 m (335 ft). It also houses the world's highest church inside a skyscraper, Sky City Church.", "mentions": {"country": [{"start_char": 137, "end_char": 146, "uri": "http://www.wikidata.org/entity/Q8646"}, {"start_char": 396, "end_char": 401, "uri": "http://www.wikidata.org/entity/Q148"}, {"start_char": 435, "end_char": 444, "uri": "http://www.wikidata.org/entity/Q8646"}, {"start_char": 137, "end_char": 146, "uri": "http://www.wikidata.org/entity/Q8646"}, {"start_char": 396, "end_char": 401, "uri": "http://www.wikidata.org/entity/Q148"}, {"start_char": 435, "end_char": 444, "uri": "http://www.wikidata.org/entity/Q8646"}], "architect": [], "owned_by": []}, "mentions_same_attribute_class": {"country": [], "architect": [], "owned_by": []}}