{"id": "Q1127212", "text": "Two World Trade Center, also known by its street address, 200 Greenwich Street, is an unfinished office building at the rebuilt World Trade Center in Manhattan, New York City. The tower is under construction. It replaces the original Two World Trade Center, which was completed in 1971 and was destroyed in the September 11, 2001 attacks. When completed, the tower will be located on the east side of Greenwich Street, across the street from the original location of the Twin Towers. The foundation work was completed in 2013, but construction is currently on hold.", "mentions": {"country": [{"start_char": 150, "end_char": 169, "uri": "http://www.wikidata.org/entity/Q11299"}, {"start_char": 150, "end_char": 169, "uri": "http://www.wikidata.org/entity/Q11299"}, {"start_char": 150, "end_char": 169, "uri": "http://www.wikidata.org/entity/Q11299"}], "architect": [], "owned_by": []}, "mentions_same_attribute_class": {"country": [], "architect": [], "owned_by": []}}