{"id": "Q1128788", "text": "1600 Smith Street, (previously named Continental Center I and also known as Cullen Center Plaza) is a 51-story, 732-foot (223 m) office tower in Downtown Houston, Texas, United States. The building houses offices of United Airlines, and it was Continental's headquarters prior to its merger with United Airlines. At one point it also served as the headquarters of ExpressJet Airlines. It is a part of the Cullen Center complex. The 51 story building has about 1,098,399 square feet (102,044.6 m2) of rentable Class \"A\" office space. The design architect was Morris Architects, the general contractor was Linbeck Construction Company, the mechanical engineer was I.A. Naman, and the structural engineer was CBM Engineers. The building was completed in 1984. The tower stands as a postmodern-style building. It is currently the 8th-tallest building in Houston.", "mentions": {"country": [{"start_char": 170, "end_char": 183, "uri": "http://www.wikidata.org/entity/Q30"}, {"start_char": 850, "end_char": 857, "uri": "http://www.wikidata.org/entity/Q16555"}, {"start_char": 170, "end_char": 183, "uri": "http://www.wikidata.org/entity/Q30"}, {"start_char": 170, "end_char": 183, "uri": "http://www.wikidata.org/entity/Q30"}, {"start_char": 850, "end_char": 857, "uri": "http://www.wikidata.org/entity/Q16555"}], "architect": [], "owned_by": []}, "mentions_same_attribute_class": {"country": [], "architect": [], "owned_by": []}}