{"id": "Q1121971", "text": "Two Prudential Plaza is a 64-story skyscraper that was built in the Loop area of Chicago, Illinois, United States in 1990. At 995 feet (303 m) tall, it is currently the sixth-tallest building in Chicago and the thirteenth tallest in the United States. The building is also currently the tallest building in the world that is under 1000 feet tall. The building was designed by the firm Loebl, Schlossman & Hackl, with Stephen T. Wright as the principal in charge of design. It has been honored with 8 awards, including winning the Best Structure Award from the Structural Engineers Association of Illinois in 1995. At the time of completion Two Prudential was the world's tallest reinforced concrete building. Its distinctive shape features stacked chevron setbacks on the north and south sides, a pyramidal peak rotated 45\u00b0, and an 80 foot (24 m) spire. The building is attached to One Prudential Plaza (formerly known as the Prudential Building). Without its spire, the building's height is still slightly greater than that of One Prudential Plaza's pinnacle. Two Prudential Plaza, along with its sister property One Prudential Plaza, was sold in May 2006 for $470 million to BentleyForbes, a Los Angeles-based real estate investment firm run by Carl Frederick Wehba and his son Carl Frederick Wehba II.", "mentions": {"country": [{"start_char": 81, "end_char": 98, "uri": "http://www.wikidata.org/entity/Q1297"}, {"start_char": 100, "end_char": 113, "uri": "http://www.wikidata.org/entity/Q30"}, {"start_char": 195, "end_char": 202, "uri": "http://www.wikidata.org/entity/Q1297"}, {"start_char": 237, "end_char": 250, "uri": "http://www.wikidata.org/entity/Q30"}, {"start_char": 81, "end_char": 98, "uri": "http://www.wikidata.org/entity/Q1297"}, {"start_char": 100, "end_char": 113, "uri": "http://www.wikidata.org/entity/Q30"}], "architect": [], "owned_by": []}, "mentions_same_attribute_class": {"country": [], "architect": [], "owned_by": []}}