{"id": "Q1134395", "text": "The Shinjuku Center Building (\u65b0\u5bbf\u30bb\u30f3\u30bf\u30fc\u30d3\u30eb Shinjuku Sent\u0101 Biru) is a skyscraper in the Nishi-Shinjuku business district in Shinjuku, Tokyo, Japan. It has a height of 223 metres and 54 floors. The building opened on October 31, 1979 and was fully renovated in 1998. It serves as the headquarters of the Taisei Corporation. The Shinjuku Center Building serves as a workplace for 10,000 people, and is visited by over 25,000 people daily. In 2009, the building was the first in the world to be retrofit with seismic dampers to suppress the vibrations caused by long-period ground motion of earthquakes. A total of 288 oil dampers were installed on floors 15 through 39. As a result, during the Great East Japan earthquake of 2011, the damping ratio was higher and the response lower by 20% than it would have been without the dampers. It made an appearance in the 1984 film Return of Godzilla.", "mentions": {"country": [{"start_char": 83, "end_char": 97, "uri": "http://www.wikidata.org/entity/Q430349"}, {"start_char": 136, "end_char": 141, "uri": "http://www.wikidata.org/entity/Q17"}], "architect": [], "owned_by": []}, "mentions_same_attribute_class": {"country": [], "architect": [], "owned_by": []}}