{"id": "Q1136654", "text": "The D Las Vegas Casino Hotel is a 34-story, 638-room hotel and casino in Downtown Las Vegas Nevada, owned and operated by Derek and Greg Stevens. The hotel is affiliated with Lexington by Vantage. The D is located at the eastern end of the Fremont Street Experience. It has a 42,000-square-foot (3,900 m2) casino, several restaurants, a business center, a pool and spa, and a race and sports book, operated by Lucky's Race & Sports Book. The casino now has more than 1,000 slot machines and 22 table games located on two floors. As Fitzgeralds, it had a \"luck of the Irish\" theme, with shamrocks and a leprechaun. In Fall 2012, The D completed a property-wide renovation and rebranding to replace the Irish theme with a more modern feel.", "mentions": {"country": [{"start_char": 92, "end_char": 98, "uri": "http://www.wikidata.org/entity/Q1227"}, {"start_char": 92, "end_char": 98, "uri": "http://www.wikidata.org/entity/Q1227"}], "architect": [], "owned_by": []}, "mentions_same_attribute_class": {"country": [], "architect": [], "owned_by": []}}