{"id": "Q1138772", "text": "The Rialto Towers (often The Rialto) is a skyscraper located at 525 Collins Street, in the western side of the central business district of Melbourne, Victoria, Australia. It is the second-tallest reinforced concrete building and the tallest office building in the Southern Hemisphere, when measured to its roof (several other skyscrapers in Australia are taller if their spires are included, as are some other structures in Australia such as communications masts and observation towers). The Rialto Towers featured Melbourne's first skyscraper public observation deck which operated between 1994 and 31 December 2009. It was also the location of Melbourne's first Tower running event.", "mentions": {"country": [{"start_char": 161, "end_char": 170, "uri": "http://www.wikidata.org/entity/Q408"}, {"start_char": 342, "end_char": 351, "uri": "http://www.wikidata.org/entity/Q408"}, {"start_char": 425, "end_char": 434, "uri": "http://www.wikidata.org/entity/Q408"}, {"start_char": 161, "end_char": 170, "uri": "http://www.wikidata.org/entity/Q408"}, {"start_char": 342, "end_char": 351, "uri": "http://www.wikidata.org/entity/Q408"}, {"start_char": 425, "end_char": 434, "uri": "http://www.wikidata.org/entity/Q408"}], "architect": [], "owned_by": []}, "mentions_same_attribute_class": {"country": [], "architect": [], "owned_by": []}}