{"id": "Q1135738", "text": "Forum 66 (Chinese: \u5e02\u5e9c\u6052\u9686\u5e7f\u573a) is a twin tower complex in Shenyang, China. The complex consists of two supertall skyscrapers; Tower 1 is 384 m (1,260 ft) with 76 floors and Tower 2 is 351 m (1,152 ft) with 68 floors. The towers are expected to be completed in 2015. The buildings were developed by Hang Lung Properties and share their Chinese name with other projects of Hang Lung, like Plaza 66.", "mentions": {"country": [], "architect": [], "owned_by": []}, "mentions_same_attribute_class": {"country": [], "architect": [], "owned_by": []}}