{"id": "Q1134247", "text": "Le Parc Tower is a high-rise building located at the intersection of Avenida Cervi\u00f1o and Fray Justo Santamaria de Oro in the neighborhood of Palermo in Buenos Aires, Argentina. The residential structure was developed between 1993 and 1995 by Mario Roberto \u00c1lvarez and Associates. 51 floors and 158 meters (518 feet) tall, it was the tallest residential building in the country between its completion in 1995 and the completion of the first of two El Faro towers in 2003.", "mentions": {"country": [{"start_char": 152, "end_char": 164, "uri": "http://www.wikidata.org/entity/Q1486"}, {"start_char": 166, "end_char": 175, "uri": "http://www.wikidata.org/entity/Q414"}], "architect": [], "owned_by": []}, "mentions_same_attribute_class": {"country": [], "architect": [], "owned_by": []}}