{"id": "Q1134566", "text": "Shiodome City Center (\u6c50\u7559\u30b7\u30c6\u30a3\u30bb\u30f3\u30bf\u30fc Shiodome Shiti Sent\u0101) is a skyscraper in the Shiodome area of Minato, Tokyo, Japan managed by Mitsui Fudosan. Fujitsu's worldwide headquarters are in Shiodome City Center. The airline All Nippon Airways maintains its headquarters and a ticketing office at the building. The subsidiaries Air Nippon, ANA & JP Express, AirAsia Japan, and All Nippon Airways Trading are headquartered in the building. Air Japan, an ANA subsidiary, has some offices in Shiodome City Center. Mitsui Chemicals has its headquarters in Shiodome City Center. The building which opened in 2003, has a 1200% floor area ratio.", "mentions": {"country": [{"start_char": 109, "end_char": 114, "uri": "http://www.wikidata.org/entity/Q17"}, {"start_char": 109, "end_char": 114, "uri": "http://www.wikidata.org/entity/Q17"}], "architect": [], "owned_by": []}, "mentions_same_attribute_class": {"country": [], "architect": [], "owned_by": []}}