{"id": "Q1134387", "text": "The Shin Marunouchi Building (\u65b0\u4e38\u306e\u5185\u30d3\u30eb\u30c7\u30a3\u30f3\u30b0 Shin Marunouchi Birudingu), or New Marunouchi Building, is the highest building of the Chiyoda ward in Tokyo. The building was completed on April 19, 2007, and open to the public on April 27, 2007. It is often called as \"Shin Maru Biru\" in short.", "mentions": {"country": [], "architect": [], "owned_by": []}, "mentions_same_attribute_class": {"country": [], "architect": [], "owned_by": []}}