{"id": "Q11418358", "text": "Shinagawa East One Tower (\u3057\u306a\u304c\u308f\u30a4\u30fc\u30b9\u30c8\u30ef\u30f3\u30bf\u30ef\u30fc) is a 32-story intelligent building which was built in Konan, which is a redevelopment area of Minato-ku, Tokyo. The construction of the building was started in 2000, and was completed on 31 March, 2003. The main functions of the building are office and retail space for companies, restaurants, retail establishments and clinics. As with many buildings in Japan this one also is equipped with energy absorption style seismic motion mitigation device. The Shinagawa East One Tower houses the corporate headquarters of its owner, Daito Trust Construction.", "mentions": {"country": [{"start_char": 135, "end_char": 144, "uri": "http://www.wikidata.org/entity/Q190088"}, {"start_char": 396, "end_char": 401, "uri": "http://www.wikidata.org/entity/Q17"}], "architect": [], "owned_by": []}, "mentions_same_attribute_class": {"country": [], "architect": [], "owned_by": []}}