{"id": "Q1141262", "text": "The Gate of Europe towers (Spanish: Puerta de Europa), also known as KIO Towers (Torres KIO), are twin office buildings in Madrid, Spain. The towers have a height of 114 m (374 ft) and have 26 floors. They were constructed from 1989 to 1996. The Puerta de Europa is the second tallest twin towers in Spain after the Torres de Santa Cruz in Santa Cruz de Tenerife. The Gate of Europe towers were designed by the American architects Philip Johnson and John Burgee, built by Fomento de Construcciones y Contratas and commissioned by the Kuwait Investment Office (hence their initial name \"Torres KIO\" or \"KIO Towers\"). Leslie E. Robertson Associates, RLLP New York (LERA) provided structural engineering services. Each building is 115 m tall with an inclination of 15\u00b0, making them the first inclined skyscrapers in the world. They are located near the Chamart\u00edn railway station, on the sides of the Plaza de Castilla bus station, north from the Paseo de la Castellana and near the Cuatro Torres Business Area (CTBA). After the receivership of Grupo Torras, KIO had to sell the buildings, which are now owned by Bankia and Realia. The west tower has a rooftop helicopter pad outlined in blue; the east tower has a red one.", "mentions": {"country": [{"start_char": 123, "end_char": 129, "uri": "http://www.wikidata.org/entity/Q2807"}, {"start_char": 300, "end_char": 305, "uri": "http://www.wikidata.org/entity/Q29"}, {"start_char": 123, "end_char": 129, "uri": "http://www.wikidata.org/entity/Q2807"}, {"start_char": 300, "end_char": 305, "uri": "http://www.wikidata.org/entity/Q29"}], "architect": [{"start_char": 431, "end_char": 445, "uri": "http://www.wikidata.org/entity/Q183528"}], "owned_by": [{"start_char": 1109, "end_char": 1115, "uri": "http://www.wikidata.org/entity/Q806807"}]}, "mentions_same_attribute_class": {"country": [], "architect": [], "owned_by": []}}