{"id": "Q11561670", "text": "The Shibuya Hikarie (\u6e0b\u8c37\u30d2\u30ab\u30ea\u30a8) is a Tokyu skyscraper and retail complex completed in 2012 and located in the Shibuya shopping district of Tokyo, Japan. The Hikarie is 183 meters tall. As of November 2013, it was tied for being the 52nd tallest skyscraper in Japan and 40th tallest building in Tokyo. The Hikarie features extensive use of LED lighting and displays and combines shopping/dining/entertainment in similar ways to the Roppongi Hills project. Its profile and significance are partially due to being immediately proximate to Shibuya Station, to which it is connected by both a 2nd-floor sky-walk and underground walkway. Although it does not yet have the same cultural significance as the 109 Building, it is a prime retail and office destination. The public access floors (floors 1 - 11) are marked by glass-walling, allowing for views across Shibuya and Tokyo. Shibuya Hikarie features retail sales and event space up to floor 11, at which point access is controlled to the theatre (11-17) and private office space (18-34). Clients include KDDI and a number of headquarters for media companies.", "mentions": {"country": [{"start_char": 107, "end_char": 114, "uri": "http://www.wikidata.org/entity/Q193638"}, {"start_char": 143, "end_char": 148, "uri": "http://www.wikidata.org/entity/Q17"}, {"start_char": 256, "end_char": 261, "uri": "http://www.wikidata.org/entity/Q17"}, {"start_char": 852, "end_char": 859, "uri": "http://www.wikidata.org/entity/Q193638"}], "architect": [], "owned_by": []}, "mentions_same_attribute_class": {"country": [], "architect": [], "owned_by": []}}