{"id": "Q1155898", "text": "Le V is a hotel and apartment complex in Montreal, Quebec, Canada. It is located on Ren\u00e9 L\u00e9vesque Boulevard West between Bleury Street and Anderson Street in Downtown Montreal. The hotel has 212 rooms and is located on the first twelve floors. It is branded as a Courtyard by Marriott hotel, known as the Courtyard Marriott Montreal Centre-ville. The apartment section consists of 240 rental apartments and is located on the upper twenty-eight floors. It is be branded as Le V. Construction began in 2011. The Courtyard by Marriott hotel officially opened in September 2013, while the apartments section has been completed in 2014. Having 40 floors and being 138 metres (453 ft) tall, it is the tenth tallest building in Montreal.", "mentions": {"country": [{"start_char": 41, "end_char": 57, "uri": "http://www.wikidata.org/entity/Q340"}, {"start_char": 59, "end_char": 65, "uri": "http://www.wikidata.org/entity/Q16"}, {"start_char": 324, "end_char": 332, "uri": "http://www.wikidata.org/entity/Q340"}, {"start_char": 721, "end_char": 729, "uri": "http://www.wikidata.org/entity/Q340"}, {"start_char": 324, "end_char": 332, "uri": "http://www.wikidata.org/entity/Q340"}], "architect": [], "owned_by": []}, "mentions_same_attribute_class": {"country": [], "architect": [], "owned_by": []}}