{"id": "Q11524377", "text": "The Otemachi Tower (\u5927\u624b\u753a\u30bf\u30ef\u30fc) is a high-rise office building with integrated retail and restaurant facilities located in the Otemachi business district in Chiyoda ward, Tokyo. The 38-story tower serves as the headquarters of Mizuho Bank. A luxury hotel facility operated by Aman Resorts occupies the top six floors of the tower.", "mentions": {"country": [], "architect": [], "owned_by": []}, "mentions_same_attribute_class": {"country": [], "architect": [], "owned_by": []}}