{"id": "Q1155401", "text": "Midland Square (\u30df\u30c3\u30c9\u30e9\u30f3\u30c9 \u30b9\u30af\u30a8\u30a2), officially called Toyota-Mainichi Building (\u8c4a\u7530\u30fb\u6bce\u65e5\u30d3\u30eb\u30c7\u30a3\u30f3\u30b0), is a skyscraper located in the Meieki district of Nakamura-ku, Nagoya, Japan. It opened in early 2007. It is the tallest building in Nagoya and the fifth tallest building in Japan as of 2015. At 247m (810 feet), it is slightly taller than the nearby JR Central Towers. Midland Square houses offices of many companies including Toyota Motor Corporation, Towa Real Estate and Mainichi Shimbun. It features a shopping center with 60 name-brand stores, two automobile showrooms and a cinema. It also holds the record for the highest open-air observation deck in Japan. Also of note are the unusual double-floored elevators, which take only 40 seconds to rise to the top. The name of the building derives from the Ch\u016bbu region (which means \"central region\") of which Nagoya is the capital.", "mentions": {"country": [{"start_char": 138, "end_char": 149, "uri": "http://www.wikidata.org/entity/Q780521"}, {"start_char": 159, "end_char": 164, "uri": "http://www.wikidata.org/entity/Q17"}, {"start_char": 262, "end_char": 267, "uri": "http://www.wikidata.org/entity/Q17"}, {"start_char": 646, "end_char": 651, "uri": "http://www.wikidata.org/entity/Q17"}, {"start_char": 262, "end_char": 267, "uri": "http://www.wikidata.org/entity/Q17"}, {"start_char": 646, "end_char": 651, "uri": "http://www.wikidata.org/entity/Q17"}], "architect": [], "owned_by": [{"start_char": 415, "end_char": 439, "uri": "http://www.wikidata.org/entity/Q53268"}]}, "mentions_same_attribute_class": {"country": [], "architect": [], "owned_by": []}}