{"id": "Q1156708", "text": "The Venetian Macao (Chinese: \u6fb3\u9580\u5a01\u5c3c\u65af\u4eba\u5ea6\u5047\u6751\u9152\u5e97) is a luxury hotel and casino resort in Macau owned by Las Vegas Sands. The Venetian is a 39-story, $2.4 billion anchor for the seven hotels on the Cotai Strip in Macau. The 10,500,000-square-foot (980,000 m2) Venetian Macao is modeled on its sister casino resort The Venetian Las Vegas, and is the seventh-largest building in the world by floor area. The Venetian Macao is also the largest casino in the world, and the largest single structure hotel building in Asia. The main hotel tower was finished in July 2007 and the resort officially opened on 28 August 2007. The resort has 3000 suites, 1,200,000 sq ft (110,000 m2) of convention space, 1,600,000 sq ft (150,000 m2) of retail, 550,000 square feet (51,000 m2) of casino space \u2013 with 3400 slot machines and 800 gambling tables and a 15,000 seat CotaiArena for entertainment and sports events. The lead architect for the Venetian Macao were Aedas and HKS, Inc. joint venture, who were responsible for the design, coordination and implementation of the project on site.", "mentions": {"country": [{"start_char": 81, "end_char": 86, "uri": "http://www.wikidata.org/entity/Q14773"}, {"start_char": 204, "end_char": 209, "uri": "http://www.wikidata.org/entity/Q14773"}, {"start_char": 260, "end_char": 265, "uri": "http://www.wikidata.org/entity/Q14773"}, {"start_char": 927, "end_char": 932, "uri": "http://www.wikidata.org/entity/Q14773"}, {"start_char": 81, "end_char": 86, "uri": "http://www.wikidata.org/entity/Q14773"}], "architect": [{"start_char": 938, "end_char": 943, "uri": "http://www.wikidata.org/entity/Q2825503"}], "owned_by": []}, "mentions_same_attribute_class": {"country": [], "architect": [], "owned_by": []}}