{"id": "Q1156274", "text": "The Torre Velasca (Velasca Tower, in English) is a skyscraper built in 1950s by the BBPR architectural partnership, in Milan, Italy.", "mentions": {"country": [{"start_char": 119, "end_char": 131, "uri": "http://www.wikidata.org/entity/Q490"}, {"start_char": 119, "end_char": 131, "uri": "http://www.wikidata.org/entity/Q490"}], "architect": [{"start_char": 84, "end_char": 88, "uri": "http://www.wikidata.org/entity/Q320788"}, {"start_char": 84, "end_char": 88, "uri": "http://www.wikidata.org/entity/Q320788"}], "owned_by": []}, "mentions_same_attribute_class": {"country": [], "architect": [], "owned_by": []}}