{"id": "Q1150357", "text": "Midtown Tower (\u30df\u30c3\u30c9\u30bf\u30a6\u30f3\u30bf\u30ef\u30fc Middotaun taw\u0101) is a mixed-use skyscraper in Akasaka, Minato, Tokyo. Completed in 2007, it is the tallest of the six buildings within the Tokyo Midtown complex, at 248.1 meters (814 ft), and was the tallest office building in Tokyo until 2014.", "mentions": {"country": [{"start_char": 251, "end_char": 256, "uri": "http://www.wikidata.org/entity/Q1490"}], "architect": [], "owned_by": []}, "mentions_same_attribute_class": {"country": [], "architect": [], "owned_by": []}}