{"id": "Q1151808", "text": "The Umeda Sky Building (\u6885\u7530\u30b9\u30ab\u30a4\u30d3\u30eb Umeda Sukai Biru) is the nineteenth-tallest building in Osaka Prefecture, Japan, and one of the city's most recognizable landmarks. It consists of two 40-story towers that connect at their two uppermost stories, with bridges and an escalator crossing the wide atrium-like space in the center. It is located in Kita-ku.", "mentions": {"country": [{"start_char": 106, "end_char": 111, "uri": "http://www.wikidata.org/entity/Q17"}, {"start_char": 342, "end_char": 349, "uri": "http://www.wikidata.org/entity/Q1207746"}, {"start_char": 106, "end_char": 111, "uri": "http://www.wikidata.org/entity/Q17"}, {"start_char": 342, "end_char": 349, "uri": "http://www.wikidata.org/entity/Q1207746"}], "architect": [], "owned_by": []}, "mentions_same_attribute_class": {"country": [], "architect": [], "owned_by": []}}