{"id": "Q1165269", "text": "Marina 101 is a 101 storey, 426.5 m (1,399 ft) tall skyscraper currently under construction in Dubai Marina, Dubai, United Arab Emirates. While originally scheduled for completion in 2012, it is still under construction. The completion was expected by the end of 2014, and but now it will be opening in 2015. As of September 2014, Marina 101 stands at over 80% completed. The building is designed by National Engineering Bureau and construction is by Turkish conglomerate TAV Construction. The first 33 floors of the skyscraper will have a 5-star Hard Rock hotel with 281 rooms, while the floors from 34 to 100 will have residential apartments. Apart from five restaurants in the hotel tower, there will be252 one-, 204 two-, and 42 three-bedroom apartments with 6 duplex penthouses from the 97th to the 100th floor. The 101st floor of the skyscraper will feature a club lounge, restaurant and a Rock Shop merchandise store. As of 2015, the building has been topped-out at 426 m (1399 ft) tall. Marina 101 will be the tallest residential building in the world.", "mentions": {"country": [{"start_char": 109, "end_char": 114, "uri": "http://www.wikidata.org/entity/Q613"}, {"start_char": 116, "end_char": 136, "uri": "http://www.wikidata.org/entity/Q878"}, {"start_char": 109, "end_char": 114, "uri": "http://www.wikidata.org/entity/Q613"}, {"start_char": 116, "end_char": 136, "uri": "http://www.wikidata.org/entity/Q878"}], "architect": [], "owned_by": []}, "mentions_same_attribute_class": {"country": [], "architect": [], "owned_by": []}}