{"id": "Q1161278", "text": "Shimao International Plaza (Chinese: \u4e0a\u6d77\u4e16\u8302\u56fd\u9645\u5e7f\u573a) is a 333.3 m (1,094 ft) tall skyscraper of 60 stories in Shanghai's Huangpu District. It was completed in 2006 under the design of Ingenhoven, Overdiek und Partner, East China Architecture and Design Institute. Shimao International Plaza has two spires on its top, which make its total construction height to 333.3 metres. Most of the building (the upper 48 floors) houses the five-star, ultra-luxurious Le Royal M\u00e9ridien Shanghai hotel with 770 rooms. The building also includes a 9 floor shopping mall and 3 floors of exclusive clubs. Shanghai Shimao Group bought the original developer of the tower, Wan Xiang Group, in 2001 and the name of the building was changed.", "mentions": {"country": [{"start_char": 104, "end_char": 112, "uri": "http://www.wikidata.org/entity/Q8686"}, {"start_char": 469, "end_char": 477, "uri": "http://www.wikidata.org/entity/Q8686"}, {"start_char": 584, "end_char": 592, "uri": "http://www.wikidata.org/entity/Q8686"}], "architect": [], "owned_by": []}, "mentions_same_attribute_class": {"country": [], "architect": [], "owned_by": []}}