{"id": "Q11682501", "text": "Hilton San Diego Bayfront is the 16th tallest building in San Diego, California and is a prominent fixture in San Diego's skyline. It has a height of 385 ft (117 m) and contains 1,190 rooms. Located in the Marina district of Downtown San Diego, Hilton San Diego Bayfront is a 30-story building that utilizes the modern architectural style and was designed by the architect firm John Portman & Associates. The skyscraper is located directly adjacent to the San Diego Convention Center, along the San Diego Bay. The hotel is owned by One Park Boulevard, LLC and corporately-operated by Hilton Worldwide.", "mentions": {"country": [], "architect": [{"start_char": 378, "end_char": 403, "uri": "http://www.wikidata.org/entity/Q764692"}], "owned_by": []}, "mentions_same_attribute_class": {"country": [], "architect": [], "owned_by": []}}