{"id": "Q116002", "text": "200 West Street, also known as the Goldman Sachs Tower, is the global headquarters of the Goldman Sachs investment banking firm. The building is a 749-foot-tall (228 m), 44-story building located on West Street, between Vesey and Murray Streets in Lower Manhattan. It is adjacent to the World Financial Center and the Conrad Hotel, the Verizon Building to the east across West Street, and diagonally opposite the World Trade Center. It is the only office building in Battery Park City north of the World Financial Center. The skyscraper was designed by Henry Cobb of Pei Cobb Freed & Partners, with Adamson Associates Architects, and was erected at the cost of $2.1 billion. The building received a Leadership in Energy and Environmental Design (LEED) gold certification.", "mentions": {"country": [], "architect": [{"start_char": 553, "end_char": 563, "uri": "http://www.wikidata.org/entity/Q5726216"}], "owned_by": [{"start_char": 90, "end_char": 103, "uri": "http://www.wikidata.org/entity/Q193326"}, {"start_char": 90, "end_char": 103, "uri": "http://www.wikidata.org/entity/Q193326"}]}, "mentions_same_attribute_class": {"country": [], "architect": [], "owned_by": []}}