{"id": "Q11696609", "text": "One One One Eagle Street a 194.7 metre office building in Brisbane, Queensland, Australia, located in the city centre. With 6 star Green Star office design rating, the building is part of the CBD's 'Golden Triangle' district. Its location is the site of the old Indigo House building, which was demolished over a period of six months starting in 2008. 95% of all waste from the old building is to be recycled or reused. The site is located between the Riverside Centre and Riparian Plaza buildings. Leighton Contractors constructed the skyscraper which has 54 floors including 44 levels of premium office space and 115 car parking spaces in the under ground carpark. The building cost $700 million to construct.", "mentions": {"country": [{"start_char": 68, "end_char": 78, "uri": "http://www.wikidata.org/entity/Q36074"}], "architect": [], "owned_by": []}, "mentions_same_attribute_class": {"country": [], "architect": [], "owned_by": []}}