{"id": "Q1189944", "text": "Hotel Porta Fira (also Torres de Toyo Ito with Torre Realia BCN) is a 28-storey, 113 m (371 ft) skyscraper hotel designed by Toyo Ito on the Plaza de Europa in the district of Granvia l'Hospitalet in L'Hospitalet de Llobregat, a suburb of Barcelona, Catalonia, Spain. The building was the 2010 first place winner of the Emporis Skyscraper Award.", "mentions": {"country": [{"start_char": 239, "end_char": 248, "uri": "http://www.wikidata.org/entity/Q1492"}, {"start_char": 261, "end_char": 266, "uri": "http://www.wikidata.org/entity/Q29"}], "architect": [{"start_char": 33, "end_char": 41, "uri": "http://www.wikidata.org/entity/Q333585"}, {"start_char": 125, "end_char": 133, "uri": "http://www.wikidata.org/entity/Q333585"}], "owned_by": []}, "mentions_same_attribute_class": {"country": [], "architect": [], "owned_by": []}}