{"id": "Q1184156", "text": "Gebouw Delftse Poort (English: Delft Gate Building) is a twin-tower skyscraper complex at Weena 505 next to the Rotterdam Centraal railway station in Rotterdam, Netherlands. Tower I is 151.35 m (496.6 ft) with 41 storeys, and Tower II is 93 m (305 ft) 25 storeys. Until May 2009, Tower I was the tallest office tower in the Netherlands. Both towers are built over a 4-storey multifunctional podium which adjoins the Rotterdam central station. The entire complex has 28 elevators. The gross floor area in the complex is 106,000 square metres and the offices occupy 66,000 m2 (710,000 sq ft) . It was constructed between 1989 and 1992. The cost of the construction was 240 million Dutch guilders, or about \u20ac110 million. Due to a metro tunnel running underneath the complex, advanced construction methods were required, allowing only a single underground floor to be built. Since the main user of the building is the Dutch Company 'Nationale-Nederlanden' (National-Netherlands) the building is also known as 'Nationale-Nederlanden building'. Nationale-Nederlanden is the local insurance branch of ING Insurance. Until 2004, a race up the building's stairs was organised.", "mentions": {"country": [{"start_char": 161, "end_char": 172, "uri": "http://www.wikidata.org/entity/Q55"}, {"start_char": 324, "end_char": 335, "uri": "http://www.wikidata.org/entity/Q55"}], "architect": [], "owned_by": []}, "mentions_same_attribute_class": {"country": [], "architect": [], "owned_by": []}}