{"id": "Q118214", "text": "The Telekom Tower (Malay: Menara Telekom) is a skyscraper in Kuala Lumpur, Malaysia. It is 310 m (1,017 ft) tall, has 55 floors, and is shaped to represent a sprouting \"bamboo shoot\". It is located along the Federal Highway, Sprint Expressway and Jalan Pantai Baharu and is served by the Rapid KL Kerinchi, LRT station. It was designed by Hijjas Kasturi Associates and was constructed between 1998 and 2001 by Deawoo Construction. The building was officially opened on 11 February 2003 by fourth Malaysian Prime Minister, Tun Dr Mahathir Mohammad. The complex also includes a theatre able to seat a 2,500 audience, a large prayer hall (surau) and a sports facility. A unique feature of the tower is its 22 open skygardens alternating every three floors. The office floors are separated into north and south wings served by express double-deck elevators. Near the building is Kerinchi Pylon, the tallest electricity pylon in Southeast Asia.", "mentions": {"country": [{"start_char": 61, "end_char": 73, "uri": "http://www.wikidata.org/entity/Q1865"}, {"start_char": 75, "end_char": 83, "uri": "http://www.wikidata.org/entity/Q833"}, {"start_char": 61, "end_char": 73, "uri": "http://www.wikidata.org/entity/Q1865"}, {"start_char": 75, "end_char": 83, "uri": "http://www.wikidata.org/entity/Q833"}, {"start_char": 61, "end_char": 73, "uri": "http://www.wikidata.org/entity/Q1865"}, {"start_char": 75, "end_char": 83, "uri": "http://www.wikidata.org/entity/Q833"}], "architect": [], "owned_by": []}, "mentions_same_attribute_class": {"country": [], "architect": [], "owned_by": []}}