{"id": "Q1189521", "text": "Torre Realia BCN (also Torres de Toyo Ito with Hotel Porta Fira) is a skyscraper on the Plaza de Europa in the district of Granvia l'Hospitalet in L'Hospitalet de Llobregat, a city of Barcelones, Catalonia, Spain. Completed in 2009, it has 24 floors and rises 112 meters.", "mentions": {"country": [{"start_char": 207, "end_char": 212, "uri": "http://www.wikidata.org/entity/Q29"}], "architect": [{"start_char": 33, "end_char": 41, "uri": "http://www.wikidata.org/entity/Q333585"}], "owned_by": []}, "mentions_same_attribute_class": {"country": [], "architect": [], "owned_by": []}}