{"id": "Q1189222", "text": "Renaissance Barcelona Fira Hotel, previously Hotel Catalonia Plaza Europa, is a skyscraper and hotel in L'Hospitalet de Llobregat (suburb of Barcelona), Catalonia, Spain. Completed in 2011, has 26 floors and rises 105 metres. Lies on the Pla\u00e7a d'Europa 50. It is part of the Renaissance Hotels group.", "mentions": {"country": [{"start_char": 164, "end_char": 169, "uri": "http://www.wikidata.org/entity/Q29"}], "architect": [], "owned_by": []}, "mentions_same_attribute_class": {"country": [], "architect": [], "owned_by": []}}