{"id": "Q1201344", "text": "The Osaka Prefectural Government Sakishima Building (\u5927\u962a\u5e9c\u54b2\u6d32\u5e81\u820e \u014csaka fu Sakishima ch\u014dsha), or Cosmo Tower (\u30b3\u30b9\u30e2\u30bf\u30ef\u30fc Kosumo Taw\u0101), is the second tallest building in Osaka, and the third-tallest building in Japan. The former name is Osaka World Trade Center Building (\u5927\u962a\u30ef\u30fc\u30eb\u30c9\u30c8\u30ec\u30fc\u30c9\u30bb\u30f3\u30bf\u30fc\u30d3\u30eb\u30c7\u30a3\u30f3\u30b0 \u014csaka W\u0101rudo Tor\u0113do Sent\u0101 Birudingu), or WTC Cosmo Tower (WTC\u30b3\u30b9\u30e2\u30bf\u30ef\u30fc Dabury\u016bt\u012bsh\u012b Kosumo Taw\u0101) until June, 2010. It is the same height as the Rinku Gate Tower Building in Rinku Town, located in Nanko Cosmo Square near the Osaka harbor, Suminoe-ku, Osaka. The 55-story building rises 256 m (840 ft) and is topped by a skylobby. It contains three basement floors, a museum, restaurants, observation deck, office space and a conference room. The observation deck is in an inverted pyramid at the top of the structure. A transparent elevator can take passengers from ground level to the top in just 80 seconds. The building houses trade offices for companies around the world. It was built in 1995.", "mentions": {"country": [{"start_char": 201, "end_char": 206, "uri": "http://www.wikidata.org/entity/Q17"}], "architect": [], "owned_by": []}, "mentions_same_attribute_class": {"country": [], "architect": [], "owned_by": []}}