{"id": "Q12059672", "text": "The Havelock City Project, well known locally for its Asia Pacific Property Awards, is one of the largest and most expensive multi-purpose real-estate development projects in the world, being constructed in the Havelock Town region of Sri Lanka. The project will consist of ten individual towers: Towers 1 to 8 are known as the Residential Component, and Towers 9 and 10 are known as the Commercial Component. The Residential Component is divided into four phases, each consisting of the construction of two identical twin towers. As of December 2012, the first phase, consisting of the first two towers was complete and the second phase consisting of the next two towers was under construction. This phase, were scheduled to be complete and open to residents in mid-2014, Test piling for the mall and office towers has been completed but construction has not commenced yet. The Phase two towers \"Layards\" and \"Davidson\" towers were topped-out on August, 2013 and the two 28-floor towers known as \"Stratford\" and \"Melford\" were launched alongside the opening of the Club House on November 22, 2013, The Squash Court for the club house was opened in September 2014", "mentions": {"country": [{"start_char": 235, "end_char": 244, "uri": "http://www.wikidata.org/entity/Q854"}], "architect": [], "owned_by": []}, "mentions_same_attribute_class": {"country": [], "architect": [], "owned_by": []}}