{"id": "Q120546", "text": "The Empire Tower is a skyscraper located in Sathon business district, Bangkok, Thailand, adjacent to Sathon Road and Narathiwat Road, close to Chong Nonsi Station (Silom Line of the BTS Skytrain). Empire Tower 1 is currently the 6th tallest building in Thailand and Bangkok. It is the tallest all office building in Thailand. The Empire Tower 1 has 62 floors and is 227 metres tall.", "mentions": {"country": [{"start_char": 70, "end_char": 77, "uri": "http://www.wikidata.org/entity/Q1861"}, {"start_char": 79, "end_char": 87, "uri": "http://www.wikidata.org/entity/Q869"}, {"start_char": 253, "end_char": 261, "uri": "http://www.wikidata.org/entity/Q869"}, {"start_char": 266, "end_char": 273, "uri": "http://www.wikidata.org/entity/Q1861"}, {"start_char": 316, "end_char": 324, "uri": "http://www.wikidata.org/entity/Q869"}, {"start_char": 316, "end_char": 324, "uri": "http://www.wikidata.org/entity/Q869"}], "architect": [], "owned_by": []}, "mentions_same_attribute_class": {"country": [], "architect": [], "owned_by": []}}