{"id": "Q1201889", "text": "Tokyo Opera City Tower (\u6771\u4eac\u30aa\u30da\u30e9\u30b7\u30c6\u30a3 T\u014dky\u014d Opera Shiti) is a skyscraper located in Shinjuku, Tokyo, Japan. Completed in 1996, it stands 234 metres (768 feet) high and has 54 floors. The tower is the third-tallest building in Shinjuku and seventh-tallest in Tokyo. The closest train station to Opera City is Hatsudai. The building houses the New National Theater in its lower levels. The fifth through fifty-second floors are devoted to office space. The building's best-known tenants are NTT East Corp., Microsoft Corp. and Apple Inc.", "mentions": {"country": [{"start_char": 79, "end_char": 94, "uri": "http://www.wikidata.org/entity/Q179645"}, {"start_char": 96, "end_char": 101, "uri": "http://www.wikidata.org/entity/Q17"}, {"start_char": 221, "end_char": 229, "uri": "http://www.wikidata.org/entity/Q179645"}, {"start_char": 79, "end_char": 94, "uri": "http://www.wikidata.org/entity/Q179645"}, {"start_char": 96, "end_char": 101, "uri": "http://www.wikidata.org/entity/Q17"}], "architect": [], "owned_by": []}, "mentions_same_attribute_class": {"country": [], "architect": [], "owned_by": []}}