{"id": "Q12061439", "text": "The Magnolia Hotel (sometimes called the Magnolia Building, originally the Magnolia Petroleum Building) is a 29-story, Beaux-Arts style, upscale hotel in the Main Street District of downtown Dallas, Texas, that for many years was the tallest building in the state. The structure is a Dallas Landmark and is listed on the National Register of Historic Places.", "mentions": {"country": [{"start_char": 199, "end_char": 204, "uri": "http://www.wikidata.org/entity/Q1439"}, {"start_char": 199, "end_char": 204, "uri": "http://www.wikidata.org/entity/Q1439"}, {"start_char": 199, "end_char": 204, "uri": "http://www.wikidata.org/entity/Q1439"}, {"start_char": 199, "end_char": 204, "uri": "http://www.wikidata.org/entity/Q1439"}], "architect": [], "owned_by": []}, "mentions_same_attribute_class": {"country": [], "architect": [], "owned_by": []}}