{"id": "Q12060684", "text": "Illa del Mar (\"Sea Island\") is a complex of four buildings, including two skyscrapers, located in Barcelona, Catalonia, Spain. The tallest skyscrapers is Illa del Mar 1 with 99 meters (325 feet) tall and has 29 floors and Illa del Mar 2 with 77 meters tall and has 23 floors. The Illa del Mar complex is located in the district of Sant Mart\u00ed on Passeig del Taulat street.", "mentions": {"country": [{"start_char": 120, "end_char": 125, "uri": "http://www.wikidata.org/entity/Q29"}], "architect": [], "owned_by": []}, "mentions_same_attribute_class": {"country": [], "architect": [], "owned_by": []}}