{"id": "Q12064827", "text": "One Bush Plaza also known as the Crown-Zellerbach Building is an office building on Bush Street and Battery Street at Market Street in the Financial District of San Francisco, California. The 20-story, 94 m (308 ft) building was completed in 1959.", "mentions": {"country": [{"start_char": 161, "end_char": 186, "uri": "http://www.wikidata.org/entity/Q62"}], "architect": [], "owned_by": []}, "mentions_same_attribute_class": {"country": [], "architect": [], "owned_by": []}}