{"id": "Q12072658", "text": "The Wells Fargo Plaza is a high-rise skyscraper located on 100 West Washington Street in Downtown Phoenix, Arizona, United States. It opened as the First National Bank Plaza on October 25, 1971, and was later known as the First Interstate Bank Building. It is 372 feet (113 m) tall. It is designed in the Brutalist style, an architectural style spawned from the International Style. The \u201craw concrete\u201d element of Brutalist architecture allows for no exterior finish which exposes the rough concrete columns and beams. The tower sits on a base three stories high, then rises to its full height. The repetitive angular windows add another Brutalist element of blocky appearance and expression of structure. The Wells Fargo History Museum is on the first floor. Exhibits include an extensive collection of western-themed art depicting Wells Fargo's role in the mines of Arizona, a 19th-century stagecoach, telegraph equipment and minerals.", "mentions": {"country": [{"start_char": 107, "end_char": 114, "uri": "http://www.wikidata.org/entity/Q816"}, {"start_char": 116, "end_char": 129, "uri": "http://www.wikidata.org/entity/Q30"}, {"start_char": 867, "end_char": 874, "uri": "http://www.wikidata.org/entity/Q816"}], "architect": [], "owned_by": []}, "mentions_same_attribute_class": {"country": [], "architect": [], "owned_by": []}}