{"id": "Q12052424", "text": "1010 Common (formerly the Bank of New Orleans Building), located at 1010 Common Street in the Central Business District of New Orleans, Louisiana, is a 31-story, 438-foot (134 m)-tall skyscraper. The building is adjacent to the 14-story Latter Center Garage & Annex. 1010 Common has architectural features of the late Art Deco and Nouveu period though it is a revival since it was built in the 1970s.", "mentions": {"country": [], "architect": [], "owned_by": []}, "mentions_same_attribute_class": {"country": [], "architect": [], "owned_by": []}}