{"id": "Q12072758", "text": "The Westin Book Cadillac Detroit is a luxurious historic skyscraper hotel located at 1114 Washington Boulevard in Downtown Detroit, Michigan, within the Washington Boulevard Historic District. Designed in the Neo-Renaissance style, and constructed as the Book-Cadillac, it is part of Westin Hotels and embodies Neo-Classical elements and building sculpture, incorporating brick and limestone. Among its notable features are the sculptures of notable figures from Detroit's history\u2014General Anthony Wayne, Antoine Laumet de La Mothe, sieur de Cadillac, Chief Pontiac, and Robert Navarre along the ornate Michigan Avenue fa\u00e7ade and copper-covered roof elements. The flagship hotel is 349 ft (106 m) tall with 31 floors, and includes 67 exclusive luxury condominia and penthouses on the top eight floors. It reopened in October 2008 after completing a $200-million reconstruction project and contains the Roast restaurant and 24 Grille.", "mentions": {"country": [{"start_char": 25, "end_char": 32, "uri": "http://www.wikidata.org/entity/Q12439"}, {"start_char": 123, "end_char": 140, "uri": "http://www.wikidata.org/entity/Q12439"}, {"start_char": 463, "end_char": 470, "uri": "http://www.wikidata.org/entity/Q12439"}], "architect": [], "owned_by": []}, "mentions_same_attribute_class": {"country": [], "architect": [], "owned_by": []}}