{"id": "Q1207442", "text": "Dubai Towers - Doha is a super-tall skyscraper with a roof height of 400 m (1,300 ft) (Spire height 437 m (1,434 ft)) under construction in Doha, Qatar. The estimated cost of Dubai Towers - Doha is 2.3 billion Qatari Riyal (US$620 million)[citation needed]. When completed, the structure will be the tallest building in Qatar. Located in the West Bay district of Doha, next to the Doha Corniche, the 84-story multi-use tower is being developed by Sama Dubai, formerly known as Dubai International Properties, the international real estate investment and development arm of Dubai Holding. The project has been contracted to a joint venture between Al-Habtoor and Al Jaber, while Robert Matthew Johnson Marshall (RMJM) are the architects and engineering consultants. The cost consultants are Hanscomb Consultants Inc. The Project Management consultant is Sama ECH. When completed the mixed use tower will include a 7,000 m2 (75,000 sq ft) retail area, 13 floors comprising a 225-room five-star hotel, 29 floors of office space and 31 floors containing 226 luxury apartments and three super luxury penthouses. The project is now severely delayed as a result of the financial crash in Dubai. Investors in the property have been advised that the building is 9 months behind schedule. However, in May 2010 only 29 of the proposed 84 stories had been built. At normal building rates this would suggest at least a 3 year delay until final completion.", "mentions": {"country": [{"start_char": 146, "end_char": 151, "uri": "http://www.wikidata.org/entity/Q846"}, {"start_char": 320, "end_char": 325, "uri": "http://www.wikidata.org/entity/Q846"}], "architect": [{"start_char": 678, "end_char": 709, "uri": "http://www.wikidata.org/entity/Q3415248"}, {"start_char": 711, "end_char": 715, "uri": "http://www.wikidata.org/entity/Q3415248"}], "owned_by": []}, "mentions_same_attribute_class": {"country": [], "architect": [], "owned_by": []}}