{"id": "Q12034791", "text": "M-Palace (Czech: M-Pal\u00e1c) is a high-rise building in Brno, Czech Republic.The building is 60 meters high and it is one of the tallest buildings in Brno.The building consists of a sixteen-floors tower and two-floors building.The tower is mainly used for offices and in the two floors building is a shopping mall.There is a restaurant on the top floor of the tower with a panoramic view of the city.Construction of the building was started in 1994 and the building was opened in 1997.The building is located on Her\u0161pick\u00e1 street. In the near of the building are located AZ Tower and Spielberk Towers.", "mentions": {"country": [{"start_char": 10, "end_char": 15, "uri": "http://www.wikidata.org/entity/Q213"}, {"start_char": 53, "end_char": 57, "uri": "http://www.wikidata.org/entity/Q14960"}, {"start_char": 59, "end_char": 64, "uri": "http://www.wikidata.org/entity/Q213"}], "architect": [], "owned_by": []}, "mentions_same_attribute_class": {"country": [], "architect": [], "owned_by": []}}