{"id": "Q12163956", "text": "The Bel Air Building is a skyscraper in the town of Puerto de la Cruz, Tenerife, Canary Islands, Spain. Completed in 1960, it has 26 floors and rises up to 75 metres (246 ft). It is the fourth tallest building on the island of Tenerife, after the twin Santa Cruz Towers and Tres de Mayo Avenue Skyscraper, both in Santa Cruz, the island's capital. Built in 1960, it began as a hotel of American innovation. Twenty years later it became private residential apartments.", "mentions": {"country": [{"start_char": 97, "end_char": 102, "uri": "http://www.wikidata.org/entity/Q29"}], "architect": [], "owned_by": []}, "mentions_same_attribute_class": {"country": [], "architect": [], "owned_by": []}}