{"id": "Q1229086", "text": "The Bow is a 158,000-square-metre (1,700,000 sq ft) office building for the headquarters of Encana Corporation and Cenovus Energy, in downtown Calgary, Alberta. The building is currently the tallest office tower in Calgary, and tallest in Canada outside Toronto. The Bow is also considered the start of redevelopment in Calgary's Downtown East Village. It was completed in 2012 and was ranked among the top 10 architectural projects of 2012 according to Azure Magazine.", "mentions": {"country": [{"start_char": 152, "end_char": 159, "uri": "http://www.wikidata.org/entity/Q1951"}, {"start_char": 239, "end_char": 245, "uri": "http://www.wikidata.org/entity/Q16"}, {"start_char": 152, "end_char": 159, "uri": "http://www.wikidata.org/entity/Q1951"}], "architect": [], "owned_by": []}, "mentions_same_attribute_class": {"country": [], "architect": [], "owned_by": []}}