{"id": "Q1224878", "text": "RBC Centre is an office tower in Downtown Toronto, Ontario, Canada. Unlike the corporate headquarters of other Canadian financial institutions, the RBC Centre is located outside of Toronto's Financial District. It is owned and managed by Cadillac Fairview Corporation jointly with the Ontario Pension Board since 2012. The anchor tenants are Royal Bank of Canada. The building is connected to the PATH. The development achieved Leadership in Energy and Environmental Design (LEED) gold status for the project's environmental sustainability and will produce an estimated 50% energy savings relative to buildings built to the Canadian National Energy Code. The LEED rating system recognizes leading-edge buildings that incorporate design, construction and operational practices that combine healthy, high-quality and high-performance advantages with reduced environmental impacts. In 2011, Toronto Star architecture critic Christopher Hume named the RBC Centre and the neighbouring Ritz-Carlton Toronto as the two most beautiful buildings completed in the 21st century in Toronto. He praised their integration into the community, and how they have revived Wellington Street.", "mentions": {"country": [{"start_char": 51, "end_char": 58, "uri": "http://www.wikidata.org/entity/Q1904"}, {"start_char": 60, "end_char": 66, "uri": "http://www.wikidata.org/entity/Q16"}, {"start_char": 111, "end_char": 119, "uri": "http://www.wikidata.org/entity/Q16"}, {"start_char": 285, "end_char": 292, "uri": "http://www.wikidata.org/entity/Q1904"}, {"start_char": 356, "end_char": 362, "uri": "http://www.wikidata.org/entity/Q16"}, {"start_char": 51, "end_char": 58, "uri": "http://www.wikidata.org/entity/Q1904"}, {"start_char": 60, "end_char": 66, "uri": "http://www.wikidata.org/entity/Q16"}, {"start_char": 111, "end_char": 119, "uri": "http://www.wikidata.org/entity/Q16"}, {"start_char": 285, "end_char": 292, "uri": "http://www.wikidata.org/entity/Q1904"}], "architect": [], "owned_by": [{"start_char": 238, "end_char": 267, "uri": "http://www.wikidata.org/entity/Q1025186"}, {"start_char": 238, "end_char": 267, "uri": "http://www.wikidata.org/entity/Q1025186"}]}, "mentions_same_attribute_class": {"country": [], "architect": [], "owned_by": []}}