{"id": "Q1231655", "text": "Diwang International Commerce Center (simplified Chinese: \u5730\u738b\u56fd\u9645\u5546\u4f1a\u4e2d\u5fc3; traditional Chinese: \u5730\u738b\u570b\u969b\u5546\u6703\u4e2d\u5fc3; pinyin: D\u00ecw\u00e1ng Gu\u00f3j\u00ec Sh\u0101nghu\u00ec Zh\u014dngx\u012bn) is a 54-floor 276 meter (906 foot) tall skyscraper completed in 2006 located in Nanning, China.", "mentions": {"country": [{"start_char": 228, "end_char": 233, "uri": "http://www.wikidata.org/entity/Q148"}], "architect": [], "owned_by": []}, "mentions_same_attribute_class": {"country": [], "architect": [], "owned_by": []}}