{"id": "Q124304", "text": "Kista Science Tower is a 32-storey, 124 m (407 ft) skyscraper in Kista, Stockholm, Sweden. With its roof-top antenna, its height is 156 m (512 ft), making it the third tallest building in the country after Turning Torso and Scandic Victoria Tower. The black cube on top of the roof is, contrary to some rumors, not meant to be the start of more floors; it is the top of the elevator shaft and space for the electronics for the antenna. The tower was originally meant to have a few additional floors but they were canceled due to the financial crisis of the early 2000s, however the already built elevator shaft was not shortened and the distinctive concrete block at the top remains. The tower has 33 floors in total, three of which are below the main entrance level consisting mainly of parking spaces. Kista Science Tower was completed in 2003. It was the tallest skyscraper in Sweden at the time but was soon surpassed by Turning Torso, built in Malm\u00f6 in 2005. It is still the tallest office building in Scandinavia. The building is home to the fastest elevators in Sweden. They reach speeds of 5 to 6 metres per second (16 to 20 ft/s). The building houses several technology and IT companies. It is located next to Kista Galleria, a large shopping complex, and the Kista metro station.", "mentions": {"country": [{"start_char": 83, "end_char": 89, "uri": "http://www.wikidata.org/entity/Q34"}, {"start_char": 880, "end_char": 886, "uri": "http://www.wikidata.org/entity/Q34"}, {"start_char": 1069, "end_char": 1075, "uri": "http://www.wikidata.org/entity/Q34"}, {"start_char": 83, "end_char": 89, "uri": "http://www.wikidata.org/entity/Q34"}, {"start_char": 880, "end_char": 886, "uri": "http://www.wikidata.org/entity/Q34"}], "architect": [], "owned_by": []}, "mentions_same_attribute_class": {"country": [], "architect": [], "owned_by": []}}