{"id": "Q1243576", "text": "Qatar National Bank Tower is a supertall skyscraper to be built in Doha, Qatar, but its construction was cancelled on November 25th, 2015. The tower was planned to be 510 m (1,673 ft) tall and will have 101 floors. When completed, it should have became the tallest building in Qatar, and one of the tallest buildings in the world. The tower should have became the second tallest all-office building in the world after One World Trade Center in New York City, surpassing the Taipei 101. It is designed by Peddle Thorp Architects. Construction was on-hold since May 2010. The preferred contractor for the construction of the building was the Australian company Grocon.", "mentions": {"country": [{"start_char": 73, "end_char": 78, "uri": "http://www.wikidata.org/entity/Q846"}, {"start_char": 277, "end_char": 282, "uri": "http://www.wikidata.org/entity/Q846"}], "architect": [], "owned_by": []}, "mentions_same_attribute_class": {"country": [], "architect": [], "owned_by": []}}