{"id": "Q12488171", "text": "Jumeirah Business Center Tower's are a collection of nine free-hold commercial towers being developed in plots G2, V1, Y1, N3, W1, L1, H1, G3, and H3 of the Jumeirah Lake Towers (JLT) Community in Dubai, UAE. The towers were designed by National Engineering Bureau and are being developed by Al Fajer Properties (AFP). These consist of a leaseable area of 3,600,000 square feet (330,000 m2) and an additional 150,000 square feet (14,000 m2) dedicated to retail across all nine towers.", "mentions": {"country": [{"start_char": 197, "end_char": 202, "uri": "http://www.wikidata.org/entity/Q613"}, {"start_char": 204, "end_char": 207, "uri": "http://www.wikidata.org/entity/Q878"}], "architect": [], "owned_by": []}, "mentions_same_attribute_class": {"country": [], "architect": [], "owned_by": []}}