{"id": "Q125846", "text": "Q1 (an abbreviation of Queensland Number One) is a skyscraper in Surfers Paradise, on the Gold Coast, Queensland. It lost its title as the world's tallest residential tower to the 337-metre building The Marina Torch in Dubai on 29 April 2011. As of May 2012, it is the sixth-tallest such building. Q1 is the tallest building in Australia and the Southern Hemisphere when measured to the top of its spire (fifth tallest building behind the Eureka Tower, the Prima Pearl, the Rialto Towers and the Infinity Tower, when measured to roof and highest habitable floor), the tallest building outside Asia, Europe and North America and the second-tallest free-standing structure in the Southern Hemisphere, behind the Sky Tower in Auckland, New Zealand. The Q1 officially opened in November 2005. The landmark building was recognised as one of Queensland's icons during the state's 150th birthday celebrations. Q1 has been identified as a potential terrorism target for the region. For a short time, an apartment in the building, which was bought for A$9 million by a Japanese restaurateur, was the most expensive ever paid for in Queensland.", "mentions": {"country": [{"start_char": 328, "end_char": 337, "uri": "http://www.wikidata.org/entity/Q408"}], "architect": [], "owned_by": []}, "mentions_same_attribute_class": {"country": [], "architect": [], "owned_by": []}}