{"id": "Q12501357", "text": "One Lincoln Tower is a luxury hotel and condominium building located within the Lincoln Square complex in downtown Bellevue, Washington. Construction began on June 27, 2000, and topped out on July 13, 2005. It is home to 148 condominiums and the Westin Bellevue, a 303-room hotel. It is also features many restaurants, stores, and a 65,000 ft\u00b2 health club.", "mentions": {"country": [], "architect": [], "owned_by": []}, "mentions_same_attribute_class": {"country": [], "architect": [], "owned_by": []}}