{"id": "Q12641294", "text": "The Robert B. Atwood Building is an office building located at 550 West 7th Avenue in Downtown Anchorage, Alaska. The building houses government offices for the State of Alaska. Standing at 20 stories and 81 m (265 ft), it is the second-tallest building in Alaska. The building was formerly known as the Bank of America Center. Together with the slightly taller Conoco-Phillips Building, the skyscraper defines Anchorage's skyline.", "mentions": {"country": [{"start_char": 106, "end_char": 112, "uri": "http://www.wikidata.org/entity/Q797"}, {"start_char": 170, "end_char": 176, "uri": "http://www.wikidata.org/entity/Q797"}, {"start_char": 257, "end_char": 263, "uri": "http://www.wikidata.org/entity/Q797"}], "architect": [], "owned_by": []}, "mentions_same_attribute_class": {"country": [], "architect": [], "owned_by": []}}