{"id": "Q1262622", "text": "U\u0161\u0107e Tower (Serbian Cyrillic: \u0423\u0448\u045b\u0435, meaning \"confluence\") is a 25-story mixed use skyscraper located at 6 Mihajlo Pupin Boulevard in the New Belgrade municipality of Belgrade, the capital of Serbia. It is currently the tallest building in Serbia, and the second-tallest freestanding structure, after the Avala Tower. Built in 1964, the glass building overlooks the confluence Danube and Sava rivers from the New Belgrade side. It was originally 105 meters tall and used as the headquarters of the Central Committee of the League of Communists of Yugoslavia in the former Yugoslavia, which broke apart in 1990. U\u0161\u0107e was frequently leased out to commercial interests until April 21, 1999, when it was badly damaged by successive NATO air-strikes as part of the 1999 NATO bombing of Yugoslavia. Beginning in 2003, the tower was reconstructed, including a 2-floor increase (141 m / 462 ft in total) in height, with the addition of a 26m antenna, which in strict architectural terms does not count as structural height, however, in structural height would actually be 115 m or 377 ft. The reconstructed tower is now being rented out to tenants.", "mentions": {"country": [{"start_char": 191, "end_char": 197, "uri": "http://www.wikidata.org/entity/Q403"}, {"start_char": 239, "end_char": 245, "uri": "http://www.wikidata.org/entity/Q403"}, {"start_char": 239, "end_char": 245, "uri": "http://www.wikidata.org/entity/Q403"}], "architect": [], "owned_by": []}, "mentions_same_attribute_class": {"country": [], "architect": [], "owned_by": []}}