{"id": "Q1262936", "text": "Dubai Towers Dubai was a four tower complex to be built in the city of Dubai, United Arab Emirates. The developer, Sama Dubai, intended this to form the centrepiece of The Lagoons, a megaproject located on Dubai Creek which was to consist of seven islands. The towers have between 57 to 94 stories and although the heights are not known, it is believed the tallest would top 400 metres (1,310 ft) while two others would rise beyond 300 metres (980 ft).[citation needed]. Sama ECH was the Project Management company in charge of the project. Due to downturn in Dubai the project has been canceled.", "mentions": {"country": [{"start_char": 78, "end_char": 98, "uri": "http://www.wikidata.org/entity/Q878"}], "architect": [], "owned_by": []}, "mentions_same_attribute_class": {"country": [], "architect": [], "owned_by": []}}