{"id": "Q12700042", "text": "The Penang Global City Centre (PGCC) was a proposed project to be located at Penang Turf Club on Penang Island, Malaysia. The developers who proposed PGCC hoped to use 50,000 square metres (538,196 square feet) divided between two five-star hotels, a 75,000 square metre (807,294 square feet) Penang performing arts centre, a 400,000 square metre (4,305,565 square feet) retail complex, 25,000 square metres (269,098 square feet) divided between two office towers, 70,000 square metres (753,474 square feet) of residential properties, a 100,000 square metre (1,076,392 square feet) world-class convention centre, a 1500 square metre (16,146 square feet) observatory tower, 190,000 square metres (2,045,142 square feet) of parking space, monorail transportation, and a public arena. Following public opposition due to an undemocratic decisionmaking process, no environmental assessment, and concerns about the impact on Penangites, the PGCC plan was blocked. The PGCC, with an estimated gross development value (GDV) of RM25 billion, was to be sited on a 104 ha plot where the Penang Turf Club currently stands. Abad Naluri bought the land for RM488mil in 2002. The PGCC was designed by Asymptote Architecture, under leadership of Hani Rashid and Lise Anne Coutur. It was to be built on a 185 hectare plot (1.9 square KM), featuring two iconic towers \u2013 each standing 200 meters high (656 ft). It would have taken at least 15 years to complete.", "mentions": {"country": [{"start_char": 112, "end_char": 120, "uri": "http://www.wikidata.org/entity/Q833"}], "architect": [{"start_char": 1186, "end_char": 1208, "uri": "http://www.wikidata.org/entity/Q752716"}], "owned_by": []}, "mentions_same_attribute_class": {"country": [], "architect": [], "owned_by": []}}