{"id": "Q1278419", "text": "The Toronto Eaton Centre is a shopping mall and office complex in downtown Toronto, Ontario, Canada, named after the Eaton's department store chain that once anchored it but became defunct in the late 1990s. In terms of the number of visitors, the shopping mall is Toronto's top tourist attraction, with around one million visitors per week. The Toronto Eaton Centre is bounded by Yonge Street on the east, Queen Street West on the south, Dundas Street West on the north, and to the west by James Street and Trinity Square. Its interior passages also form part of Toronto's PATH underground pedestrian network, and the centre is served by two Toronto subway stations: Dundas and Queen on Line 1 Yonge\u2013University. The complex also contains three office buildings (at 20 Queen Street West, 250 Yonge Street and 1 Dundas Street West) and the Ryerson University Ted Rogers School of Management. Additionally, the Eaton Centre is linked to a 17-storey Marriott hotel, and to Canada's largest retail store, the flagship location of the Hudson's Bay department store chain.", "mentions": {"country": [{"start_char": 93, "end_char": 99, "uri": "http://www.wikidata.org/entity/Q16"}, {"start_char": 970, "end_char": 976, "uri": "http://www.wikidata.org/entity/Q16"}, {"start_char": 93, "end_char": 99, "uri": "http://www.wikidata.org/entity/Q16"}, {"start_char": 970, "end_char": 976, "uri": "http://www.wikidata.org/entity/Q16"}], "architect": [], "owned_by": []}, "mentions_same_attribute_class": {"country": [], "architect": [], "owned_by": []}}