{"id": "Q127172", "text": "Sede do BankBoston (formerly Edif\u00edcio Ita\u00fa Bank, at Ita\u00fa Fidelit\u00e9 Marginal Pinheiros) is a 35-story skyscraper in S\u00e3o Paulo, Brazil. Completed in 2002, the 476 ft (145 m). The structure is a great skyscraper of offices located in Brooklin, near the Marginal Pinheiros, S\u00e3o Paulo, Brazil. Inaugurated in 2002, and has 145 meters in height and 35 floors, making it one of the largest in the country and most modern high-rise in Latin America. In 2006 the building was sold to Banco Ita\u00fa, and BankBoston company, went bankrupt and ceased to exist. Today, some people call it a Edif\u00edcio Ita\u00fa Bank.", "mentions": {"country": [{"start_char": 125, "end_char": 131, "uri": "http://www.wikidata.org/entity/Q155"}, {"start_char": 280, "end_char": 286, "uri": "http://www.wikidata.org/entity/Q155"}], "architect": [], "owned_by": []}, "mentions_same_attribute_class": {"country": [], "architect": [], "owned_by": []}}