{"id": "Q1284550", "text": "The Uni\u00f3n y el F\u00e9nix Espa\u00f1ol building, destined to be the headquarters of the former insurance company \"La Uni\u00f3n y el F\u00e9nix Espa\u00f1ol\", was one of the first skyscrapers in Madrid. Since 2006 it has housed the \"Petit Palace Alcal\u00e1 Torre\" hotel, which belongs to a hi-tech company. It is located on the corner of Alcal\u00e1 street and Virgen de los Peligros street. It was built between 1928 and 1931, based on the project of the Spanish architect Modesto L\u00f3pez Otero, with the collaboration of Miguel de los Santos. Valent\u00edn Vallhonrat company carried the works out. The authorship of the sculpture that pinnacles the building refers to \u00absculptor Camps\u00bb, whose identity is doubtful, it is unknown whether it is related to Vicente Camps Bru or Josep Maria Camps i Arnau. The building site was acquired for two millions of pesetas in 1928. One of the keys of the project was the integration of the new skycraper in a harmonic way with the adjacentchurch of Las Calatravas, both have shaped an urban entity. It is one of the more notorious works of L\u00f3pez Otero and its design involves an evolution from L\u00f3pez Otero's \"regionalist eclecticism\" of his first works to a more \u00abmature\u00bb style, after traveling to USA or Vienna. A 12-story skycraper, it has a roof height of 173 feet (53 m). The nearest Metro station is Sevilla, on line 2.", "mentions": {"country": [{"start_char": 170, "end_char": 176, "uri": "http://www.wikidata.org/entity/Q2807"}], "architect": [], "owned_by": []}, "mentions_same_attribute_class": {"country": [], "architect": [], "owned_by": []}}