{"id": "Q1281206", "text": "First Hawaiian Center is the tallest building in the U.S. state of Hawai\u02bbi and the city of Honolulu, the largest city in the state. It is the world corporate headquarters of First Hawaiian Bank, the oldest and largest bank based in Hawaii. The tower is one of the most well-known buildings in Honolulu, with a striking presence at the center of downtown Honolulu's skyline.", "mentions": {"country": [{"start_char": 232, "end_char": 238, "uri": "http://www.wikidata.org/entity/Q782"}, {"start_char": 232, "end_char": 238, "uri": "http://www.wikidata.org/entity/Q782"}], "architect": [], "owned_by": [{"start_char": 174, "end_char": 193, "uri": "http://www.wikidata.org/entity/Q3072937"}, {"start_char": 174, "end_char": 193, "uri": "http://www.wikidata.org/entity/Q3072937"}]}, "mentions_same_attribute_class": {"country": [], "architect": [], "owned_by": []}}