{"id": "Q1292228", "text": "The Spektrum Tower (formerly TP S.A. Tower) is a highrise office tower in Warsaw, the capital of Poland. It is located at 14/16 Twarda Street in the Warszawa-\u015ar\u00f3dmie\u015bcie central business district of the city and used to house the headquarters of its investor, the telecom operator Telekomunikacja Polska S.A. (TP S.A.), with some space being leased to other companies. The building of the tower was initially contracted to PIA Piasecki S.A. on 1 August 1997, originally due to be completed 30 June 2002. In 2002, however, the contractor was found unable to complete the structure due to strained financial standing, and the investor turned to PORR Polska S.A. (who has completed a number of other office buildings and towers in Warsaw) to finish the construction. The Tower was finally completed in December 2003. The Tower was built using the \"top-down\" technology, with both the over- and underground parts of the structure being constructed simultaneously. During the excavation for the foundation of the Tower, a 580 kg artillery shell from World War II was discovered 8 metres below ground level. The Tower was designed by architects from Apar-Projekt and Arca A&C bureaus, and consists of a composition of cylinders and cuboids. The structural design was the responsibility of TMJ Tomasz Zi\u0119ta\u0142a. The Tower has 30 overground and 5 underground floors, extending 16.5 metres below ground level and rising to 128 metres above ground. The building comprises almost 50,000 m2 of space, over 41,000 of which is usable. A unique feature of the building is the external elevator shaft, sloped 14\u00b0, which connects the street level with one of the higher office floors with an elevator cabin travelling at 2.5 m/s. Apart from it, there are seven other straight-up elevator shafts in the building core. The Tower is a modern intelligent building, fitted with building automation systems. In July 2008 it was sold to Danish investment fund Baltic Property Trust Optima which sold it in 2012 to a London-based Europa Capital LLP fund", "mentions": {"country": [{"start_char": 97, "end_char": 103, "uri": "http://www.wikidata.org/entity/Q36"}], "architect": [], "owned_by": []}, "mentions_same_attribute_class": {"country": [], "architect": [], "owned_by": []}}