{"id": "Q1300529", "text": "The Scandic Victoria Tower is a skyscraper hotel in the Kista district of Stockholm, Sweden. It is also known as the Victoria Tower, however the Scandic name is used to distinguish it from the Victoria Tower that forms the southwest end of the Palace of Westminster. The 117 metre hotel is the tallest building in Stockholm, as well as the tallest hotel in Scandinavia. It is named for Crown Princess Victoria, the heir apparent to the Swedish throne.", "mentions": {"country": [{"start_char": 85, "end_char": 91, "uri": "http://www.wikidata.org/entity/Q34"}], "architect": [], "owned_by": []}, "mentions_same_attribute_class": {"country": [], "architect": [], "owned_by": []}}