{"id": "Q1309059", "text": "Wynn Las Vegas, often simply referred to as Wynn, is both a luxury resort and casino located on the Las Vegas Strip in Paradise, Nevada. The US$2.7-billion resort is named after casino developer Steve Wynn and is the flagship property of Wynn Resorts Limited. The resort covers 215 acres (87 ha). It is located at the northeast corner of Las Vegas Boulevard and Sands Avenue, directly across The Strip from the Fashion Show Mall. The 614-foot (187 m)-high hotel has 49 floors, with the 2,716 rooms ranging in size from 640 sq ft (59 m2) to villas at 7,000 sq ft (650 m2). The complex also includes a 111,000 sq ft (10,300 m2) casino, a convention center with 223,000 sq ft (20,700 m2) of space and 76,000 sq ft (7,100 m2) of retail space. Together with the adjacent Encore, the entire Wynn resort complex has a total of 4,750 rooms, making it the world's sixth-largest hotel. The resort has earned AAA five diamond, Mobil five-star, Forbes five-star, Michelin five star, and Zagat Survey Top U.S. Hotel ratings, as well as one Michelin star for its restaurant Wing Lei. It is considered to be one of the finest hotels in the world. Wynn Las Vegas and its sister property Encore Las Vegas collectively hold more Forbes five-star awards than any other resort and casino in the world. Wynn Las Vegas also made Forbes Award history by earning five-star ratings in every category\u2014Hotel, Restaurant, and Spa\u2014for two consecutive years. It has held the distinction of winning the award in the hotel sector every year since 2007. The building is the first high-rise to be cleaned by an automatic window washing system. The resort is named to the Cond\u00e9 Nast Traveller Gold List as one of the \"Top Hotels in the World\".", "mentions": {"country": [{"start_char": 141, "end_char": 143, "uri": "http://www.wikidata.org/entity/Q30"}], "architect": [], "owned_by": []}, "mentions_same_attribute_class": {"country": [], "architect": [], "owned_by": []}}