{"id": "Q130478", "text": "The Center (Chinese: \u4e2d\u74b0\u4e2d\u5fc3) is the fifth tallest skyscraper in Hong Kong, after International Commerce Centre, Two International Finance Centre (88 storeys), Central Plaza and Bank of China Tower. With a height of 346 m (1,135 ft), it comprises 73 stories. The Center is one of the few skyscrapers in Hong Kong that is entirely steel-structured with no reinforced concrete core. It is located on Queen's Road Central in the Central and Western District, roughly halfway between the MTR Island Line's Sheung Wan and Central stations.", "mentions": {"country": [{"start_char": 62, "end_char": 71, "uri": "http://www.wikidata.org/entity/Q8646"}, {"start_char": 300, "end_char": 309, "uri": "http://www.wikidata.org/entity/Q8646"}], "architect": [], "owned_by": []}, "mentions_same_attribute_class": {"country": [], "architect": [], "owned_by": []}}