{"id": "Q1318379", "text": "Buffalo Central Terminal is a former railroad station in Buffalo, New York. An active station from 1929 to 1979, the 17-story Art Deco style station was designed by architects Fellheimer & Wagner for the New York Central Railroad. After years of abandonment, it is now owned by the non-profit preservation group Central Terminal Restoration Corporation, which is currently working to restore and re-purpose the complex. The Central Terminal is located in the city of Buffalo's Broadway/Fillmore district.", "mentions": {"country": [], "architect": [], "owned_by": []}, "mentions_same_attribute_class": {"country": [], "architect": [], "owned_by": []}}