{"id": "Q1319147", "text": "The San Remo (145 Central Park West) is a luxury, 27-floor, co-operative apartment building in Manhattan located between West 74th Street and West 75th Street, three blocks north of The Dakota. Opened in 1930, the San Remo is described by Glen Justice of the New York Times as \"a dazzling two-tower building with captivating views of Central Park.\" As a housing cooperative, its board has a reputation for \"lenient admissions standards\" compared to the conservative, old-money boards on the other side of the park.", "mentions": {"country": [{"start_char": 95, "end_char": 104, "uri": "http://www.wikidata.org/entity/Q11299"}, {"start_char": 95, "end_char": 104, "uri": "http://www.wikidata.org/entity/Q11299"}], "architect": [], "owned_by": []}, "mentions_same_attribute_class": {"country": [], "architect": [], "owned_by": []}}