{"id": "Q1320312", "text": "Tower Palace Three, Tower G is a 73-floor luxury residential skyscraper in Seoul, South Korea. It was the tallest building in the country in 2004 but surpassed in height by the Northeast Asia Trade Tower in Incheon when it was topped out in 2009. It was designed by United States-based architectural firm Skidmore, Owings and Merrill. The building is 263.7 m (865 ft) high. Its shape is formed by three oval lobes joined together. It is the eighth-tallest all-residential building in the world.", "mentions": {"country": [{"start_char": 82, "end_char": 93, "uri": "http://www.wikidata.org/entity/Q884"}], "architect": [], "owned_by": []}, "mentions_same_attribute_class": {"country": [], "architect": [], "owned_by": []}}