{"id": "Q1325540", "text": "Manulife Place is a highrise office building and shopping centre in Edmonton, Alberta, Canada. It was completed in 1983 to the design by Clifford Lawrie Bolton Ritchie Architects. It is located at the corner of 102 Avenue and 101 Street.[citation needed] The two level shopping concourse houses luxury Holt Renfrew's Edmonton store as well as many upscale shops. It connects by skywalk bridge to Edmonton City Centre and Commerce Place. The shopping centre features 22 stores and 3 restaurants. Its namesake is Manulife Financial.[citation needed] At 146 meters (479 ft) tall, with 36 floors, it is the tallest building in Edmonton to date. It was overtaken in 2011 by Epcor Tower when flagpoles are taken into account at 149.4 meters (490 ft).", "mentions": {"country": [{"start_char": 87, "end_char": 93, "uri": "http://www.wikidata.org/entity/Q16"}, {"start_char": 87, "end_char": 93, "uri": "http://www.wikidata.org/entity/Q16"}], "architect": [], "owned_by": []}, "mentions_same_attribute_class": {"country": [], "architect": [], "owned_by": []}}