{"id": "Q1327514", "text": "Scotia Plaza is a commercial office complex in the city of Toronto, Ontario, Canada. The complex is situated in the financial district of the downtown core bordered by Yonge Street on the east, King Street West on the south, Bay Street on the west, and Adelaide Street West on the north. At 275 m (902 ft), Scotia Plaza is Canada's third tallest building and the 22nd tallest building in North America. It is connected to the PATH network, and contains 190,000 m2 (2,045,143 sq ft) of office space on 68 floors and 40 retail stores. The complex was developed by Olympia and York as an expansion of the adjacent headquarters of Scotiabank and the bank continues to occupy approximately 24-floors of the structure. Olympia and York owned the complex from its completion until the company was liquidated due to overwhelming debt in 1993. Scotiabank led a consortium of banks to purchase the mortgage for Scotia Plaza and over the next five years, it purchased additional shares from its partners until it was majority owner of the property. On January 19, 2012, Scotiabank announced it would sell the iconic building and on May 22, announced a final agreement with Dundee Real Estate Investment Trust and H&R Real Estate Investment Trust for $1.27 billion, making it the last of Canada's major banks to divest ownership of its Toronto headquarters property.", "mentions": {"country": [{"start_char": 77, "end_char": 83, "uri": "http://www.wikidata.org/entity/Q16"}, {"start_char": 323, "end_char": 329, "uri": "http://www.wikidata.org/entity/Q16"}, {"start_char": 1276, "end_char": 1282, "uri": "http://www.wikidata.org/entity/Q16"}, {"start_char": 1324, "end_char": 1331, "uri": "http://www.wikidata.org/entity/Q172"}, {"start_char": 77, "end_char": 83, "uri": "http://www.wikidata.org/entity/Q16"}, {"start_char": 323, "end_char": 329, "uri": "http://www.wikidata.org/entity/Q16"}], "architect": [], "owned_by": []}, "mentions_same_attribute_class": {"country": [], "architect": [], "owned_by": []}}