{"id": "Q1331574", "text": "Tower 42 is the third-tallest skyscraper in the City of London and the eighth tallest in Greater London. Its original name was the National Westminster Tower, having been built to house the National Westminster Bank's international headquarters. Seen from above, the shape of the tower resembles that of the NatWest logo (three chevrons in a hexagonal arrangement). The tower, designed by Richard Seifert and engineered by Pell Frischmann, is located at 25 Old Broad Street. It was built by John Mowlem & Co between 1971 and 1980, first occupied in 1980, and formally opened on 11 June 1981 by Queen Elizabeth II. The construction cost was \u00a372 million (approximately \u00a3276 million today). It is 183 metres (600 ft) high, which made it the tallest building in the United Kingdom until the topping out of One Canada Square at Canary Wharf in 1990. It held the status of tallest building in the City of London for 30 years, until it was surpassed by the Heron Tower in December 2009. The building today is multi-tenanted and comprises Grade A office space and restaurant facilities, with one restaurant situated on the 24th floor, and the other, a champagne and seafood bar, on the 42nd floor. In 2011 it was bought by the South African businessman Nathan Kirsh for \u00a3282.5 million.", "mentions": {"country": [{"start_char": 56, "end_char": 62, "uri": "http://www.wikidata.org/entity/Q23311"}, {"start_char": 56, "end_char": 62, "uri": "http://www.wikidata.org/entity/Q23311"}], "architect": [], "owned_by": []}, "mentions_same_attribute_class": {"country": [], "architect": [], "owned_by": []}}