{"id": "Q1335726", "text": "The Emigrant Industrial Savings Bank building at 51 Chambers Street between Broadway and Centre Street in the Civic Center neighborhood of Manhattan, New York City, was built in 1909-1912 and was designed by Raymond F. Almirall in the Beaux-Arts style. At the time the 17-story structure was the largest bank building in the United States, and was the first skyscraper to use the \"H\" lay-out, which provided light and air to more parts of the building. The bank itself had been organized in 1850 by Roman Catholic Archbishop John Hughes and the Irish Emigrant Society, with the purpose of protecting the savings of Irish immigrants newly arrived in the city. The current building is the third built by the bank on the same site. The building is now owned by the City of New York. It was added to the National Register of Historic Places in 1982 and both the exterior and the first floor interior were designated New York City landmarks in 1985.", "mentions": {"country": [{"start_char": 139, "end_char": 158, "uri": "http://www.wikidata.org/entity/Q11299"}, {"start_char": 325, "end_char": 338, "uri": "http://www.wikidata.org/entity/Q30"}], "architect": [], "owned_by": []}, "mentions_same_attribute_class": {"country": [], "architect": [], "owned_by": []}}