{"id": "Q1348023", "text": "The Shinjuku Park Tower (\u65b0\u5bbf\u30d1\u30fc\u30af\u30bf\u30ef\u30fc Shinjuku P\u0101ku Taw\u0101) is the second-tallest building in Shinjuku, Tokyo. It was designed by Kenzo Tange and completed in 1994. Shinjuku Park Tower has 3 elements; S tower, which is 235 m (771 ft) tall with 52 storeys, C tower which is 209 m (686 ft) tall with 47 storeys and N tower which is 182 m (597 ft) tall with 41 storeys. Floors 1 to 8 are occupied by retail stores, floors 9 to 37 are office floors and floors 39 to 52 are occupied by the luxury Park Hyatt Tokyo hotel, which was featured in the film Lost In Translation.", "mentions": {"country": [], "architect": [], "owned_by": []}, "mentions_same_attribute_class": {"country": [], "architect": [], "owned_by": []}}