{"id": "Q1345944", "text": "The Europa Tower (Lithuanian: Europos bok\u0161tas) is the tallest skyscraper in the Baltic states. It is located in a district of Lithuania's capital, Vilnius, called \u0160nipi\u0161k\u0117s. It rises 148 meters above ground level. It was designed by the Vilnius based, Audrius Ambrasas Architects Company. Dominating the skyline of the newly developing New City Center, the building was completed and officially opened on 1 May 2004, as part of Lithuania's celebrations upon entering the European Union. The skyscraper caused some controversy among some of the public and some watch-dog groups because of its interference with the historic skyline of the Vilnius' Old Town. Despite varying opinions, the tower is now often regarded as a modern landmark of the Lithuanian capital. There is an observation deck on the open roof terrace at 114 m (374 ft).", "mentions": {"country": [{"start_char": 126, "end_char": 135, "uri": "http://www.wikidata.org/entity/Q37"}, {"start_char": 147, "end_char": 154, "uri": "http://www.wikidata.org/entity/Q216"}, {"start_char": 237, "end_char": 244, "uri": "http://www.wikidata.org/entity/Q216"}, {"start_char": 428, "end_char": 437, "uri": "http://www.wikidata.org/entity/Q37"}, {"start_char": 126, "end_char": 135, "uri": "http://www.wikidata.org/entity/Q37"}, {"start_char": 147, "end_char": 154, "uri": "http://www.wikidata.org/entity/Q216"}, {"start_char": 237, "end_char": 244, "uri": "http://www.wikidata.org/entity/Q216"}], "architect": [], "owned_by": []}, "mentions_same_attribute_class": {"country": [], "architect": [], "owned_by": []}}