{"id": "Q1340365", "text": "The Westgate Las Vegas Resort & Casino is a hotel, casino, and convention center in Winchester, Nevada, owned by Westgate Resorts. It has 2,956 hotel rooms, including 305 suites. It opened in 1969 as the International Hotel, and was known for many years as the Las Vegas Hilton, then briefly as the LVH \u2013 Las Vegas Hotel and Casino. It was renamed the Westgate Las Vegas on July 1, 2014. The hotel is 30 stories tall with a height of 114.30 meter / 375.00 feet. Located on 64 acres (26 ha), it has a 74,000 square feet (6,900 m2) casino and is also home to the largest sports book in Las Vegas. The hotel is located next to the Las Vegas Convention Center and has its own 200,000 sq ft (19,000 m2) convention center, and a station along the Las Vegas Monorail.", "mentions": {"country": [], "architect": [], "owned_by": []}, "mentions_same_attribute_class": {"country": [], "architect": [], "owned_by": []}}