{"id": "Q1343055", "text": "Swiss\u00f4tel The Stamford (Chinese: \u53f2\u4e39\u798f\u745e\u58eb\u9152\u5e97), formerly known as the Westin Stamford, is a hotel in Singapore managed by Swiss\u00f4tel Hotels & Resorts. Designed by architect I.M. Pei, at a height of 226 metres (741 ft) it is one of Southeast Asia's tallest hotels. It is part of the Raffles City complex comprising two hotels, the Raffles City convention centre, Raffles City shopping centre, and an office tower. Situated at 2 Stamford Road, the hotel sits above City Hall MRT Station. The 5-star hotel has 1,261 rooms and suites, 16 restaurants and bars, Raffles City Convention Centre, and one of Asia's largest spas.", "mentions": {"country": [{"start_char": 96, "end_char": 105, "uri": "http://www.wikidata.org/entity/Q334"}, {"start_char": 96, "end_char": 105, "uri": "http://www.wikidata.org/entity/Q334"}], "architect": [], "owned_by": []}, "mentions_same_attribute_class": {"country": [], "architect": [], "owned_by": []}}