{"id": "Q1340132", "text": "Encore Las Vegas (also called Encore at Wynn Las Vegas; often just called Encore) is a luxury resort, casino and hotel located on the Las Vegas Strip in Paradise, Nevada. The resort is connected to its sister resort, Wynn Las Vegas; both are owned by Wynn Resorts Limited, headed by casino developer Steve Wynn. Encore has been awarded the AAA Five Diamond Award every year since opening. The Towers Suites at Encore and The Spa have both received the Forbes five-star award. Encore Las Vegas and its sister property, Wynn Las Vegas collectively hold more Forbes five-star awards than any other casino-resort in the world and it is considered to be one of the finest hotels in the world. Together with adjacent Wynn Las Vegas, the entire Wynn complex has a total of 4,750 rooms, making it the world's sixth-largest hotel.", "mentions": {"country": [], "architect": [], "owned_by": []}, "mentions_same_attribute_class": {"country": [], "architect": [], "owned_by": []}}