{"id": "Q134137", "text": "DAMAC Heights, formerly named Ocean Heights 2, is an 85-storey, 335 m (1,099 ft), supertall skyscraper under construction in Dubai Marina, Dubai. It is the second supertall project by DAMAC Properties, the first being Ocean Heights, which is also located in Dubai Marina. The building will overlook the Palm Jumeirah. When completed in 2016, DAMAC Heights will become one of the tallest buildings in Dubai and the fifth-tallest residential building in the world, surpassed only by Pentominium, World One, and Marina 101, and Princess Tower. As of February 2013, the foundation work of DAMAC Heights is in progress, while the piling has already been completed. The tower was planned to be 420 m (1,378 ft) high, but its height was reduced to 335 m (1,099 ft) in February 2013.", "mentions": {"country": [{"start_char": 139, "end_char": 144, "uri": "http://www.wikidata.org/entity/Q613"}, {"start_char": 400, "end_char": 405, "uri": "http://www.wikidata.org/entity/Q613"}], "architect": [], "owned_by": []}, "mentions_same_attribute_class": {"country": [], "architect": [], "owned_by": []}}