{"id": "Q1344856", "text": "Place Ville Marie (PVM for short) is a large office and shopping complex in central Montreal, Quebec, Canada. Comprising four office buildings and an underground shopping plaza, the main building, 1 Place Ville Marie (formerly Royal Bank Tower from its anchor tenant), is a 188 m (617 ft), 47-storey, cruciform office tower. Built in the International style in 1962 as headquarters for the Royal Bank of Canada, 1 PVM is arguably the city's most distinctive building. The complex is a nexus for Montreal's Underground City, the world's largest, with indoor access to over 1,600 businesses, several subway stations, a suburban transportation terminal, and tunnels extending throughout downtown. A counter-clockwise rotating beacon on the rooftop lights up at night, illuminating the surrounding sky with up to four white horizontal beams that can be seen as far as 50 km away.", "mentions": {"country": [{"start_char": 84, "end_char": 100, "uri": "http://www.wikidata.org/entity/Q340"}, {"start_char": 102, "end_char": 108, "uri": "http://www.wikidata.org/entity/Q16"}, {"start_char": 404, "end_char": 410, "uri": "http://www.wikidata.org/entity/Q16"}, {"start_char": 495, "end_char": 503, "uri": "http://www.wikidata.org/entity/Q340"}, {"start_char": 84, "end_char": 100, "uri": "http://www.wikidata.org/entity/Q340"}, {"start_char": 102, "end_char": 108, "uri": "http://www.wikidata.org/entity/Q16"}], "architect": [], "owned_by": []}, "mentions_same_attribute_class": {"country": [], "architect": [], "owned_by": []}}