{"id": "Q1347892", "text": "The Equitable Building is a 40-story office building in New York City, located at 120 Broadway between Pine and Cedar Streets in the Financial District of Lower Manhattan. A landmark engineering achievement as a skyscraper, it was designed by Ernest R. Graham \u2013 the successor to D. H. Burnham & Company \u2013 with Peirce Anderson as the architect-in-charge, and completed in 1915, when it was the largest office building in the world by floor area: on a plot of just less than 1 acre (4,000 m2), the building had 1.2 million square feet (110,000 m2) of floor space. Built to be the headquarters of the Equitable Life Insurance Company, the controversy surrounding its construction without setbacks which allowed sunlight to reach the ground contributed to the adoption of the first modern building and zoning restrictions on vertical structures in Manhattan. Although it is now dwarfed by taller buildings in its vicinity, it still retains a distinctive identity in its surroundings on Lower Broadway. The building was designated a National Historic Landmark in 1978, and a New York City landmark in 1996. It was restored in 1983-90 by Ehrenkrantz, Eckstut & Whitelaw.", "mentions": {"country": [{"start_char": 844, "end_char": 853, "uri": "http://www.wikidata.org/entity/Q11299"}], "architect": [], "owned_by": []}, "mentions_same_attribute_class": {"country": [], "architect": [], "owned_by": []}}