{"id": "Q1346703", "text": "The Epcor Tower is an office tower in downtown Edmonton, Alberta, Canada, that is part of the Station Lands project. The tower is capped by two spires that top out at 137.3 m and these capped with four flagpoles each. When the flagpoles are taken into account, it is the tallest building in Edmonton however, at 146 meters (479 ft), Manulife Place remains the tallest structure.", "mentions": {"country": [{"start_char": 57, "end_char": 64, "uri": "http://www.wikidata.org/entity/Q1951"}, {"start_char": 66, "end_char": 72, "uri": "http://www.wikidata.org/entity/Q16"}, {"start_char": 57, "end_char": 64, "uri": "http://www.wikidata.org/entity/Q1951"}, {"start_char": 66, "end_char": 72, "uri": "http://www.wikidata.org/entity/Q16"}], "architect": [], "owned_by": []}, "mentions_same_attribute_class": {"country": [], "architect": [], "owned_by": []}}