{"id": "Q135672", "text": "Rathaus Essen (English: Essen City Hall) is a 22-storey, 106 m (348 ft) skyscraper in Essen, Germany. When completed on 1 July 1979, it was the tallest city hall in Europe, and is currently the tallest city hall in Germany. It has a base floor area of more than 69,000 m2 (740,000 sq ft).", "mentions": {"country": [{"start_char": 8, "end_char": 13, "uri": "http://www.wikidata.org/entity/Q2066"}, {"start_char": 86, "end_char": 100, "uri": "http://www.wikidata.org/entity/Q2066"}], "architect": [], "owned_by": []}, "mentions_same_attribute_class": {"country": [], "architect": [], "owned_by": []}}