{"id": "Q1357866", "text": "The Warsaw Spire is a complex of Neomodern office buildings under construction in Warsaw, Poland, by the Belgian real estate developer Ghelamco. It will consist of a 220-metre main tower with a hyperboloid glass facade, Warsaw Spire A, and two 55-metre auxiliary buildings, Warsaw Spire B and C. In December 2014, a large neon sign with the words \"Kocham Warszaw\u0119\" (\"I love Warsaw\") was placed on the upper floors of the partially constructed main tower. The building was topped out in April 2015. The neon sign was removed in early July 2015 due to progress in fa\u00e7ade assembly. The main tower will be the second tallest building in Warsaw and Poland upon its completion in 2016.", "mentions": {"country": [{"start_char": 82, "end_char": 88, "uri": "http://www.wikidata.org/entity/Q270"}, {"start_char": 374, "end_char": 380, "uri": "http://www.wikidata.org/entity/Q270"}, {"start_char": 633, "end_char": 639, "uri": "http://www.wikidata.org/entity/Q270"}, {"start_char": 644, "end_char": 650, "uri": "http://www.wikidata.org/entity/Q36"}, {"start_char": 374, "end_char": 380, "uri": "http://www.wikidata.org/entity/Q270"}], "architect": [], "owned_by": []}, "mentions_same_attribute_class": {"country": [], "architect": [], "owned_by": []}}