{"id": "Q1357656", "text": "The Minsheng Bank Building (also known as Wuhan International Securities Building) is a supertall skyscraper located in Wuhan, Hubei, China. The 331 m (1,086 ft) tall building was completed in 2008 and contains 68 floors. In April 2006, the building was topped out, becoming the 18th-tallest building in the world.[citation needed] Currently,[when?] it is the 32nd-tallest in the world,[citation needed] and the 15th-tallest in China.[citation needed]", "mentions": {"country": [{"start_char": 42, "end_char": 47, "uri": "http://www.wikidata.org/entity/Q11746"}, {"start_char": 120, "end_char": 125, "uri": "http://www.wikidata.org/entity/Q11746"}, {"start_char": 134, "end_char": 139, "uri": "http://www.wikidata.org/entity/Q148"}], "architect": [], "owned_by": []}, "mentions_same_attribute_class": {"country": [], "architect": [], "owned_by": []}}