{"id": "Q1357650", "text": "The Williams Tower (originally named and still commonly referred to as the Transco Tower) is a 64-story, 1.4-million-square-foot (130\u00d7103 m2) class A office tower located in the Uptown District of Houston, Texas. The building was designed by New York-based John Burgee Architects with Philip Johnson in association with Houston-based Morris-Aubry Architects (now known as Morris Architects). Construction began in August, 1981 and was completed in December, 1982. The tower is among Houston's most visible buildings and is the 4th-tallest in Texas, the 26th-tallest in the United States, and the 140th-tallest building in the world. The Williams Tower is the tallest building in Houston outside of Downtown Houston, and at the time of its construction was believed to be the world's tallest skyscraper outside of a central business district.", "mentions": {"country": [{"start_char": 197, "end_char": 211, "uri": "http://www.wikidata.org/entity/Q16555"}, {"start_char": 483, "end_char": 490, "uri": "http://www.wikidata.org/entity/Q16555"}, {"start_char": 573, "end_char": 586, "uri": "http://www.wikidata.org/entity/Q30"}, {"start_char": 679, "end_char": 686, "uri": "http://www.wikidata.org/entity/Q16555"}, {"start_char": 197, "end_char": 211, "uri": "http://www.wikidata.org/entity/Q16555"}, {"start_char": 197, "end_char": 211, "uri": "http://www.wikidata.org/entity/Q16555"}, {"start_char": 679, "end_char": 686, "uri": "http://www.wikidata.org/entity/Q16555"}], "architect": [{"start_char": 285, "end_char": 299, "uri": "http://www.wikidata.org/entity/Q183528"}], "owned_by": []}, "mentions_same_attribute_class": {"country": [], "architect": [], "owned_by": []}}