{"id": "Q1353503", "text": "The Sparkasse Hagen tower (German: Sparkassenhochhaus Hagen, Verwaltungshochhaus/Verwaltungsgeb\u00e4ude der Sparkasse Hagen), often referenced as Langer Oskar (Long Oskar) by locals, was a 101 m (331 ft) skyscraper in the city centre of Hagen, North Rhine-Westphalia, Germany. The building served as the main office tower and part of the headquarters of the resident municipal savings bank, Sparkasse Hagen. Built in the early 1970s it was a regional landmark for nearly three decades until demolition in 2004. It was replaced by a lower building complex, called Sparkassen-Karree Hagen, which was inaugurated in 2006.", "mentions": {"country": [{"start_char": 54, "end_char": 59, "uri": "http://www.wikidata.org/entity/Q2871"}, {"start_char": 233, "end_char": 238, "uri": "http://www.wikidata.org/entity/Q2871"}], "architect": [], "owned_by": []}, "mentions_same_attribute_class": {"country": [], "architect": [], "owned_by": []}}