{"id": "Q1364354", "text": "The Torre Espacio (Spanish for Space Tower) is a skyscraper in Madrid, Spain. The skyscraper is 230 metres (755 feet) tall and has 57 floors. During its construction on the night of September 4th 2006 a fire was declared on the floor 43 of the tower. Fortunately, there were no critical damages on the structure of the building. It just affected some construction materials. In November 2006, its structure surpassed the height of the Gran Hotel Bali, thus becoming the tallest building in Spain. The structure was topped out on March 19, 2007. On the night of that day, Alberto Ruiz Gallard\u00f3n, mayor of Madrid, attended a ceremony with fireworks to commemorate the event. With its 230 m, it also became the tallest structure in Spain, surpassing the telecommunications tower Torrespa\u00f1a. Torre de Cristal, one of the neighbouring skyscrapers at the Cuatro Torres Business Area, surpassed the height of Torre Espacio in April 2007. The building project was featured on the Discovery Channel's Build It Bigger series due to the skyscraper's unique form and shape. It was designed by American architect Henry N. Cobb, a partner in the firm Pei Cobb Freed, and built by OHL. In 2009, it became the new home of the British Embassy in Madrid.", "mentions": {"country": [{"start_char": 63, "end_char": 69, "uri": "http://www.wikidata.org/entity/Q2807"}, {"start_char": 71, "end_char": 76, "uri": "http://www.wikidata.org/entity/Q29"}, {"start_char": 490, "end_char": 495, "uri": "http://www.wikidata.org/entity/Q29"}, {"start_char": 604, "end_char": 610, "uri": "http://www.wikidata.org/entity/Q2807"}, {"start_char": 729, "end_char": 734, "uri": "http://www.wikidata.org/entity/Q29"}, {"start_char": 1229, "end_char": 1235, "uri": "http://www.wikidata.org/entity/Q2807"}, {"start_char": 63, "end_char": 69, "uri": "http://www.wikidata.org/entity/Q2807"}, {"start_char": 71, "end_char": 76, "uri": "http://www.wikidata.org/entity/Q29"}], "architect": [{"start_char": 1137, "end_char": 1151, "uri": "http://www.wikidata.org/entity/Q6623279"}, {"start_char": 1137, "end_char": 1151, "uri": "http://www.wikidata.org/entity/Q6623279"}, {"start_char": 1137, "end_char": 1151, "uri": "http://www.wikidata.org/entity/Q6623279"}], "owned_by": []}, "mentions_same_attribute_class": {"country": [], "architect": [], "owned_by": []}}