{"id": "Q1364295", "text": "The Ansonia is a building on the Upper West Side of New York City, located at 2109 Broadway, between West 73rd and West 74th Streets. It was originally built as a residential hotel by William Earle Dodge Stokes, the Phelps-Dodge copper heir and share holder in the Ansonia Clock Company, and it was named for his grandfather, the industrialist Anson Greene Phelps. In 1899, Stokes commissioned architect Paul E. Duboy (1857\u20131907) to build the grandest hotel in Manhattan. Stokes would list himself as \"architect-in-chief\" for the project and hired Duboy, a sculptor who designed and made the ornamental sculptures on the Soldiers' and Sailors' Monument, to draw up the plans. New Orleans architect Martin Shepard served as draftsman and assistant superintendent of construction on the project. A contractor sued Stokes in 1907, but he would defend himself, explaining that Duboy was in an insane asylum in Paris and should not have been making commitments in Stokes's name concerning the hotel. In what might be the earliest harbinger of the current developments in urban farming, Stokes established a small farm on the roof of the hotel.", "mentions": {"country": [{"start_char": 461, "end_char": 470, "uri": "http://www.wikidata.org/entity/Q11299"}], "architect": [], "owned_by": []}, "mentions_same_attribute_class": {"country": [], "architect": [], "owned_by": []}}