{"id": "Q13668711", "text": "The Crescent Development Project or The Crescent Bay (formerly known as Caspian Plus) is an under construction skyscraper complex which is being built on the Caspian Sea coast in Baku.The complex comprises an offshore hotel (Crescent Hotel), office tower (Crescent City), residential tower, and a retail and entertainment centre (Crescent Place). The project is intended to be an architectural landmark of Azerbaijan.", "mentions": {"country": [], "architect": [], "owned_by": []}, "mentions_same_attribute_class": {"country": [], "architect": [], "owned_by": []}}