{"id": "Q1368043", "text": "Mandalay Bay is a 43-story luxury hotel and casino on the Las Vegas Strip in Paradise, Nevada. It is owned and operated by MGM Resorts International. One of the property's towers operates as the Delano, also the Four Seasons Hotel is independently operated within the Mandalay Bay tower, occupying 5 floors (35\u201339). Mandalay Bay has 3,309 hotel rooms, 24 elevators and a casino of 135,000 square feet (12,500 m2). Adjacent to the hotel are the 2,000,000 square feet (190,000 m2) Mandalay Bay Convention Center and the 12,000-seat Mandalay Bay Events Center. The Mandalay Bay Tram connects the resort to its sister properties, Excalibur and Luxor, all three of which were constructed by Circus Circus Enterprises before its sale to MGM.", "mentions": {"country": [], "architect": [], "owned_by": []}, "mentions_same_attribute_class": {"country": [], "architect": [], "owned_by": []}}