{"id": "Q1360313", "text": "Treasure Island Hotel & Casino (also known as \"TI\") is a hotel and casino located on the Las Vegas Strip in Paradise, Nevada, USA with 2,664 rooms and 220 suites, and is connected by tram to The Mirage as well as pedestrian bridge to the Fashion Show Mall shopping center. Since March 2009, TI is owned and operated by real estate investor Phil Ruffin. The hotel received the AAA Four Diamond rating each year from 1999 through 2013.", "mentions": {"country": [{"start_char": 126, "end_char": 129, "uri": "http://www.wikidata.org/entity/Q30"}, {"start_char": 126, "end_char": 129, "uri": "http://www.wikidata.org/entity/Q30"}], "architect": [], "owned_by": []}, "mentions_same_attribute_class": {"country": [], "architect": [], "owned_by": []}}