{"id": "Q1368798", "text": "SEG Plaza (Chinese:\u8d5b\u683c\u5e7f\u573a) is a skyscraper in Shenzhen, Guangdong Province, China. Completed in 2000 and located at the junction of Shennan Road and Huaqiangbei Electronics Market, it stands 356 metre tall when the antenna height is included. It is the 21st tallest in China and the 72nd tallest in the world. It has an observation floor at the 69th level which offers views over Shenzhen and northern Hong Kong. It is the home of, and named after the Shenzhen Electronics Group. It can be reached by using the Shenzhen Metro to Hua Qiang Station.", "mentions": {"country": [{"start_char": 44, "end_char": 52, "uri": "http://www.wikidata.org/entity/Q15174"}, {"start_char": 267, "end_char": 272, "uri": "http://www.wikidata.org/entity/Q148"}, {"start_char": 378, "end_char": 386, "uri": "http://www.wikidata.org/entity/Q15174"}, {"start_char": 450, "end_char": 458, "uri": "http://www.wikidata.org/entity/Q15174"}, {"start_char": 267, "end_char": 272, "uri": "http://www.wikidata.org/entity/Q148"}, {"start_char": 378, "end_char": 386, "uri": "http://www.wikidata.org/entity/Q15174"}, {"start_char": 450, "end_char": 458, "uri": "http://www.wikidata.org/entity/Q15174"}], "architect": [], "owned_by": []}, "mentions_same_attribute_class": {"country": [], "architect": [], "owned_by": []}}