{"id": "Q1364394", "text": "Torre Picasso (Picasso Tower) is a skyscraper in Madrid, Spain designed by Minoru Yamasaki. From 1988 until 2007 it was the tallest building in Madrid, measuring 515 ft (157 m) and with 43 floors. Torre Picasso is located next to the Pablo Picasso Square, within the commercial complex AZCA along the Paseo de la Castellana.", "mentions": {"country": [{"start_char": 49, "end_char": 55, "uri": "http://www.wikidata.org/entity/Q2807"}, {"start_char": 57, "end_char": 62, "uri": "http://www.wikidata.org/entity/Q29"}, {"start_char": 144, "end_char": 150, "uri": "http://www.wikidata.org/entity/Q2807"}, {"start_char": 49, "end_char": 55, "uri": "http://www.wikidata.org/entity/Q2807"}, {"start_char": 57, "end_char": 62, "uri": "http://www.wikidata.org/entity/Q29"}], "architect": [{"start_char": 75, "end_char": 90, "uri": "http://www.wikidata.org/entity/Q347215"}, {"start_char": 75, "end_char": 90, "uri": "http://www.wikidata.org/entity/Q347215"}], "owned_by": []}, "mentions_same_attribute_class": {"country": [], "architect": [], "owned_by": []}}