{"id": "Q1374287", "text": "Eurasia Tower (Russian: \u0411\u0430\u0448\u043d\u044f \u0415\u0432\u0440\u0430\u0437\u0438\u044f) or Steel Peak (Russian: \u0421\u0442\u0430\u043b\u044c\u043d\u0430\u044f \u0412\u0435\u0440\u0448\u0438\u043d\u0430) is a 308.9 m (1,013 ft) tall skyscraper in Moscow International Business Center Moscow, Russia. The complex will house offices, apartments, a hotel, and other entertainment facilities. It is also one of the 94 supertall skyscrapers in the world. Located on plot 12, is an office/recreational space with a total area of 207,542 square meters. It will be situated on a three-tier podium which will have a fitness centre, entertainment, restaurants, and shops. Other areas will be distributed as follows: 106,231 square meters will be reserved for office space, and residential apartments will occupy 21,185 square meters. On the bottom, there will be parking for more than 1000 cars. The external design of the building is a combination of classical and modernist styles. On the outside of the building, a scenic elevator will run up and down, allowing people to enjoy views of the entire city.", "mentions": {"country": [], "architect": [], "owned_by": []}, "mentions_same_attribute_class": {"country": [], "architect": [], "owned_by": []}}