{"id": "Q1371593", "text": "The Etisalat Tower 2 is a 33-floor tower in Dubai, United Arab Emirates. The tower has a total structural height of 185 m (607 ft). Construction of the Etisalat Tower 2 was completed in 2007. The most notable aspect of the tower is that it has a spherical structure at the top, similar to a golf ball. The cladding of the tower follows the Etisalat guidelines, in that it uses the same materials as most of the company's buildings. All Etisalat buildings, including Etisalat Tower 1, Sharjah Etisalat Tower, Ajman Etisalat Tower, Al Ain Etisalat Tower and the Etisalat Headquarters in Abu Dhabi, have the same spherical structure on the top.", "mentions": {"country": [{"start_char": 44, "end_char": 49, "uri": "http://www.wikidata.org/entity/Q613"}, {"start_char": 51, "end_char": 71, "uri": "http://www.wikidata.org/entity/Q878"}], "architect": [], "owned_by": []}, "mentions_same_attribute_class": {"country": [], "architect": [], "owned_by": []}}