{"id": "Q1372014", "text": "HSBC Main Building (Chinese: \u9999\u6e2f\u6ed9\u8c50\u7e3d\u884c\u5927\u5ec8) is a headquarters building of The Hongkong and Shanghai Banking Corporation, which is today a wholly owned subsidiary of London-based HSBC Holdings. It is located along the southern side of Statue Square near the location of the old City Hall, Hong Kong (built in 1869, demolished in 1933). The previous HSBC building was built in 1935 and pulled down to make way for the current building. The address remains as 1 Queen's Road Central. The building can be reached from Exit K of Central MTR Station and facing Statue Square.", "mentions": {"country": [{"start_char": 73, "end_char": 81, "uri": "http://www.wikidata.org/entity/Q8646"}, {"start_char": 73, "end_char": 81, "uri": "http://www.wikidata.org/entity/Q8646"}], "architect": [], "owned_by": []}, "mentions_same_attribute_class": {"country": [], "architect": [], "owned_by": []}}