{"id": "Q1384874", "text": "Minneapolis City Hall and Hennepin County Courthouse (also known as the \"Municipal Building\"), designed by Long and Kees in 1888, is the main building used by the city government of Minneapolis, Minnesota as well as by Hennepin County, Minnesota. The structure has served as mainly local government offices since it was built, and today the building is 60 percent occupied by the city and 40 percent occupied by the County. The building is jointly owned by the city and county and managed by the Municipal Building Commission. The Commission consists of the chair of the County Board, the mayor of the City of Minneapolis, a member of the County Board and a member of the Minneapolis City Council. The County Board chair serves as the president of the Commission and the mayor serves as the vice president. The building bears a striking resemblance to the city hall buildings in Cincinnati and Toronto. The City Hall and Courthouse was added to the National Register of Historic Places in 1974.", "mentions": {"country": [{"start_char": 182, "end_char": 204, "uri": "http://www.wikidata.org/entity/Q36091"}, {"start_char": 610, "end_char": 621, "uri": "http://www.wikidata.org/entity/Q36091"}, {"start_char": 182, "end_char": 204, "uri": "http://www.wikidata.org/entity/Q36091"}], "architect": [], "owned_by": []}, "mentions_same_attribute_class": {"country": [], "architect": [], "owned_by": []}}