{"id": "Q138768", "text": "One Churchill Place is a 156 m tall skyscraper with 32 floors, serving as the headquarters of Barclays Bank. It is in the Docklands area of London Borough of Tower Hamlets in Canary Wharf. The building is the seventh tallest office block in the Great Britain and the fourth tallest building in the Docklands after One Canada Square, the HSBC Group Headquarters and the Citigroup Centre. The building was formally opened in June 2005 by the Chairman of Barclays, Matthew Barrett, and merged Barclays offices across London into one building. The former corporate HQ was at 54 Lombard Street in the City of London. Barclays occupy approximately 90% of the building, floors 18-20 are leased to BGC Partners/Cantor Fitzgerald.", "mentions": {"country": [{"start_char": 158, "end_char": 171, "uri": "http://www.wikidata.org/entity/Q208152"}, {"start_char": 158, "end_char": 171, "uri": "http://www.wikidata.org/entity/Q208152"}], "architect": [], "owned_by": []}, "mentions_same_attribute_class": {"country": [], "architect": [], "owned_by": []}}