{"id": "Q1383020", "text": "125 High Street is a 30-floor postmodern highrise in the Financial District of Boston, Massachusetts. Standing 452 feet (138 m) tall, the highrise is currently the 23nd-tallest building in the city. 125 High Street has approximately 1.8 million square feet (167,000 square meters) of Class A office space. It was designed by Jung Brannen Associates.", "mentions": {"country": [], "architect": [{"start_char": 325, "end_char": 348, "uri": "http://www.wikidata.org/entity/Q7671455"}, {"start_char": 325, "end_char": 348, "uri": "http://www.wikidata.org/entity/Q7671455"}], "owned_by": []}, "mentions_same_attribute_class": {"country": [], "architect": [], "owned_by": []}}