{"id": "Q138752", "text": "25 Bank Street is an office tower in Canary Wharf, in the Docklands area of London. It is currently home to the European headquarters of the investment bank J.P. Morgan & Co. The building was developed in 2001\u20132003 by Canary Wharf Group as one of five new buildings on its Heron Quays site. The building was designed by architects Cesar Pelli & Associates Architects and built by Canary Wharf Contractors. Before construction, 25 Bank Street had been earmarked by Canary Wharf Group for occupation by Enron's European subsidiary. This plan was abandoned in 2001, prior to Enron's collapse later that year. From 2004, 25 Bank Street served as the European headquarters of Lehman Brothers until the bank's insolvency in September 2008. The building continued to be used by the bank's administrators and various sub tenants before being sold to JPMorgan Chase for \u00a3495 million in 2010.", "mentions": {"country": [], "architect": [], "owned_by": [{"start_char": 842, "end_char": 856, "uri": "http://www.wikidata.org/entity/Q192314"}]}, "mentions_same_attribute_class": {"country": [], "architect": [], "owned_by": []}}