{"id": "Q138778", "text": "10 Holloway Circus (also referred to as the Holloway Circus Tower or Beetham Tower) is a 427-foot (130 m) tall mixed-use skyscraper in Birmingham city centre, England. It is named after the developers, Beetham Organisation, and was designed by Ian Simpson and built by Laing O'Rourke. The entire development covers an area of 7,000 square feet (650 m2). It is the tallest occupied building in Birmingham and the 29th tallest building in the United Kingdom.", "mentions": {"country": [{"start_char": 393, "end_char": 403, "uri": "http://www.wikidata.org/entity/Q2256"}, {"start_char": 393, "end_char": 403, "uri": "http://www.wikidata.org/entity/Q2256"}], "architect": [{"start_char": 244, "end_char": 255, "uri": "http://www.wikidata.org/entity/Q5982901"}, {"start_char": 244, "end_char": 255, "uri": "http://www.wikidata.org/entity/Q5982901"}], "owned_by": []}, "mentions_same_attribute_class": {"country": [], "architect": [], "owned_by": []}}