{"id": "Q1383518", "text": "Exchange Tower is a 36 storey 146 m (479 ft) tower in the First Canadian Place complex of Toronto, Ontario, Canada completed in 1981. The International style building is named for the Toronto Stock Exchange, which is the building's highest profile tenant. Located in the heart of Toronto\u2019s Financial District at the corner of King and York Streets, the Exchange Tower is also home to National Bank Financial, offices of the federal Department of Justice, and the Toronto campus of the University of Western Ontario's Ivey Business School.", "mentions": {"country": [{"start_char": 99, "end_char": 106, "uri": "http://www.wikidata.org/entity/Q1904"}, {"start_char": 108, "end_char": 114, "uri": "http://www.wikidata.org/entity/Q16"}, {"start_char": 507, "end_char": 514, "uri": "http://www.wikidata.org/entity/Q1904"}], "architect": [], "owned_by": []}, "mentions_same_attribute_class": {"country": [], "architect": [], "owned_by": []}}