{"id": "Q138760", "text": "10 Upper Bank Street is a 32-story office building located in Canary Wharf, in the Docklands area of London. It was completed in 2003 and is 151 m (495 ft) tall. It was designed by the architects Kohn Pedersen Fox and built by Canary Wharf Contractors. Most of the building is occupied by the law firm Clifford Chance, and serves as its world headquarters.", "mentions": {"country": [], "architect": [{"start_char": 196, "end_char": 213, "uri": "http://www.wikidata.org/entity/Q212487"}, {"start_char": 196, "end_char": 213, "uri": "http://www.wikidata.org/entity/Q212487"}], "owned_by": []}, "mentions_same_attribute_class": {"country": [], "architect": [], "owned_by": []}}