{"id": "Q139815", "text": "The Pinnacle (Chinese: \u5e7f\u665f\u56fd\u9645\u5927\u53a6; Chinese: \u5ee3\u665f\u570b\u969b\u5927\u5ec8) is a 60-storey, 360 m (1,180 ft), supertall skyscraper in the Tianhe District of Guangzhou, Guangdong, China. Construction of the 118,452 m2 (1,275,010 sq ft) tower was completed in 2012, and is a major commercial and business building of the Guangzhou CBD.", "mentions": {"country": [{"start_char": 129, "end_char": 138, "uri": "http://www.wikidata.org/entity/Q16572"}, {"start_char": 291, "end_char": 300, "uri": "http://www.wikidata.org/entity/Q16572"}], "architect": [], "owned_by": []}, "mentions_same_attribute_class": {"country": [], "architect": [], "owned_by": []}}