{"id": "Q1407337", "text": "The Turkmenistan tower (Turkmen: \u00abT\u00fcrkmenistan\u00bb teleradio merkezi) is a communications and observation tower in Ashgabat Turkmenistan. It was completed in 2011. At 211 meters, the tower is the tallest structure in Turkmenistan.", "mentions": {"country": [{"start_char": 121, "end_char": 133, "uri": "http://www.wikidata.org/entity/Q874"}, {"start_char": 214, "end_char": 226, "uri": "http://www.wikidata.org/entity/Q874"}], "architect": [], "owned_by": []}, "mentions_same_attribute_class": {"country": [], "architect": [], "owned_by": []}}