{"id": "Q1400070", "text": "The Federal Reserve Bank Building is Boston's fourth tallest building. Located at Dewey Square, on the convergence of Fort Point and the Financial District neighborhoods. In close proximity to the Boston Harbor, the Fort Point Channel and major intermodal South Station terminal, the building is marked by a distinctive opening near ground level which allows sea breezes to pass through. The building was completed in 1977 and is 614 feet (187 m) tall with 32 floors. It was designed by Hugh Stubbins Jr. of The Stubbins Associates, Inc. and was reportedly one of his favorite buildings. For over sixty years Reserve Banks had been fortress-like in their design; the new Boston Bank was quite a contrast. It sometimes referred to as \"the washboard\" building or \"Venetian Blind\" building", "mentions": {"country": [], "architect": [], "owned_by": []}, "mentions_same_attribute_class": {"country": [], "architect": [], "owned_by": []}}