{"id": "Q14084282", "text": "Edif\u00edcio Pra\u00e7a da Bandeira, better known by its former name, Joelma Building, is a 25-story building in downtown S\u00e3o Paulo, Brazil, located at Avenida 9 de Julho, 225. At 8:50am on 1 February 1974, an air conditioning unit on the twelfth floor overheated, starting a fire. There were 756 people in the building at the time. Because flammable materials had been used to furnish the interior, the entire building was engulfed in flames within 20 minutes. The fire was extinguished at 1:30pm, with 179 deaths and 300 people injured. This happened less than two years after another deadly fire in downtown S\u00e3o Paulo, that of the Andraus Building. As of December 2015, the Joelma fire remains the third worst skyscraper fire ever in terms of the death toll, after the collapse of the twin World Trade Center towers in New York City on September 11, 2001.", "mentions": {"country": [{"start_char": 124, "end_char": 130, "uri": "http://www.wikidata.org/entity/Q155"}], "architect": [], "owned_by": []}, "mentions_same_attribute_class": {"country": [], "architect": [], "owned_by": []}}