{"id": "Q1419501", "text": "100 Federal Street, formerly known as the First National Bank Building and nicknamed the Pregnant Building, is a skyscraper located in the Financial District of Boston, Massachusetts, USA. The skyscraper, rising 591 feet (180 m) and 37 floors, is Boston's seventh-tallest building. The building was completed in 1971, and formerly served as the world headquarters of FleetBoston Financial (and the Bank of Boston even earlier). The building now houses Bank of America offices. Formerly owned by First National Bank, an affiliate of Bank of America, the building was purchased by Boston Properties, Inc. in March 2012 for $615 million (USD). As part of the sale, Bank of America will continue to occupy office space in the building with a long-term lease. The name of the building was also officially changed to its street address, 100 Federal Street.", "mentions": {"country": [{"start_char": 184, "end_char": 187, "uri": "http://www.wikidata.org/entity/Q30"}], "architect": [], "owned_by": []}, "mentions_same_attribute_class": {"country": [], "architect": [], "owned_by": []}}