{"id": "Q1419300", "text": "First Canadian Centre is an office tower in Downtown Calgary, Alberta, Canada. Located at 350 7th Avenue SW, it stands at 167 metres (548 ft) or 41 storeys tall. The skyscraper has a floor area of 48,275 m2 (519,630 sq ft) and was built in the international and late modernist architectural styles. The Bank of Montreal occupies most of the ground floor with a large retail bank branch.", "mentions": {"country": [{"start_char": 62, "end_char": 69, "uri": "http://www.wikidata.org/entity/Q1951"}, {"start_char": 71, "end_char": 77, "uri": "http://www.wikidata.org/entity/Q16"}], "architect": [], "owned_by": []}, "mentions_same_attribute_class": {"country": [], "architect": [], "owned_by": []}}