{"id": "Q1415203", "text": "Langham Place, New York, or 400 Fifth Avenue, is a luxury suite hotel and skyscraper located in New York City. Constructed in 2010 as The Setai Fifth Avenue and renamed in 2013, it is one of the tallest buildings in New York City. In 2014, the 33% of the hotel was bought by Melendez International Hotels, a subsidiary of Melendez Global Inc. The tower is located at 400 Fifth Avenue in Midtown Manhattan, in close proximity to Times Square and Grand Central Terminal. 400 Fifth Avenue was constructed using limestone in the 11-floor base in a somewhat art deco style. Floors five through 27 contain 214 hotel rooms.", "mentions": {"country": [], "architect": [], "owned_by": []}, "mentions_same_attribute_class": {"country": [], "architect": [], "owned_by": []}}