{"id": "Q1411817", "text": "The Fifth Third Center in Nashville, Tennessee, is a 31-story, 490-foot-tall (150 m) skyscraper. It was constructed in 1986 and is located on Church Street and Fifth Avenue North. It was the tallest building in both Nashville and Tennessee for eight years, until it was surpassed by the AT&T Building in 1994. It serves as the home to Fifth Third Bank's Nashville headquarters.", "mentions": {"country": [{"start_char": 230, "end_char": 239, "uri": "http://www.wikidata.org/entity/Q1509"}, {"start_char": 230, "end_char": 239, "uri": "http://www.wikidata.org/entity/Q1509"}], "architect": [], "owned_by": []}, "mentions_same_attribute_class": {"country": [], "architect": [], "owned_by": []}}