{"id": "Q14246365", "text": "MNP Tower, formerly known as 101 Street Tower, is an office tower in Edmonton, Alberta, Canada. It stands at 118 metres (387 feet) or 29 stories tall and was completed in 1978. Tenants include MNP, Longview Systems, Field Law LLP, Emery Jamieson LLP, and SNC Lavalin. The building was originally developed by Oxford Properties as part of a larger complex with the current Oxford Tower (formerly City Centre Place), Edmonton City Centre (mall), TD Tower and the Delta Edmonton Centre Suite Hotel, all of which are linked by the Edmonton Pedway to each other and to the Edmonton Light Rail Transit system.", "mentions": {"country": [{"start_char": 88, "end_char": 94, "uri": "http://www.wikidata.org/entity/Q16"}], "architect": [], "owned_by": []}, "mentions_same_attribute_class": {"country": [], "architect": [], "owned_by": []}}