{"id": "Q1426419", "text": "The Met is a 69 storey condominium located in Bangkok. It is the fifth tallest building and second tallest residential building in Thailand. The Met has a height of 228 metres and 69 floors. It contains 370 condominium units. It is composed of six towers connected by sky bridges. Sunshades, overhangs, and walls of live greenery filter sunlight and protect interiors from overheating. The gaps between the towers contain terraces with pools and sky gardens. The staggered blocks of the structure's mass are oriented to let the sun pass through the building on its regular course. The apertures through this building are meant to increase the strength of passing breezes and to cool the living units. The architects conceived of this building as a model for high-rise construction in a low-wind tropical climate, reworking the worldwide model developed for cold climates with high winds. The Met has won the 2009 Bronze Emporis Skyscraper Award.WOHA, the architectural firm, won the Singapore President's Design Award - Design of the Year 2009 for The Met. In 2010 the Met won the German \"The International Highrise Award\" and was cited for \"sustainable living conditions in this tropical region without recourse to air conditioning\". The building was the RIBA 2011 Lubetkin Prize winner.", "mentions": {"country": [{"start_char": 46, "end_char": 53, "uri": "http://www.wikidata.org/entity/Q1861"}, {"start_char": 131, "end_char": 139, "uri": "http://www.wikidata.org/entity/Q869"}, {"start_char": 131, "end_char": 139, "uri": "http://www.wikidata.org/entity/Q869"}], "architect": [], "owned_by": []}, "mentions_same_attribute_class": {"country": [], "architect": [], "owned_by": []}}