{"id": "Q1425790", "text": "The Hotel Arts is a 44-storey, 483 room luxury hotel on the seafront of Barcelona, in Catalonia, Spain. Contrary to popular belief, it was not built to service the 1992 Summer Olympics, though its construction was part of the big changes underwent by the city to prepare the Games. It is operated by Ritz-Carlton. Construction was finished in 1994 and it is an example of High-tech architecture. It is 154 metres tall and was designed by Skidmore, Owings & Merrill with Colombian Architect Bruce Graham as partner in charge. The design team was led by Senior Architect Miguel Ruano, with Dr Agust\u00ed Obiol as local Architect of Record. The hotel underwent a complete renovation in 2006, installing new technology and upgrading the rooms and bathrooms into modern, luxurious spaces. Hotel Arts is set on the shore of the Mediterranean Sea, its pool is surrounded by gardens and offers guests the chance to sunbathe next to one of Barcelona\u2019s most famous pieces of contemporary public art\u2014a monumental golden fish-like sculpture by Frank Gehry, which was created for the \u201992 Games.", "mentions": {"country": [{"start_char": 97, "end_char": 102, "uri": "http://www.wikidata.org/entity/Q29"}, {"start_char": 97, "end_char": 102, "uri": "http://www.wikidata.org/entity/Q29"}], "architect": [{"start_char": 438, "end_char": 464, "uri": "http://www.wikidata.org/entity/Q459464"}, {"start_char": 438, "end_char": 464, "uri": "http://www.wikidata.org/entity/Q459464"}], "owned_by": []}, "mentions_same_attribute_class": {"country": [], "architect": [], "owned_by": []}}