{"id": "Q1426968", "text": "The Flamingo Las Vegas is a hotel and casino located on the Las Vegas Strip in Paradise, Las Vegas, Nevada and is owned and operated by Caesars Entertainment. The property includes a 77,000-square-foot (7,200 m2) casino along with 3,626 hotel rooms. The 15-acre (6.1 ha) site's architectural theme is reminiscent of the Art Deco and Streamline Moderne style of Miami and South Beach, with a garden courtyard housing a wildlife habitat featuring flamingos. It was the third resort to open on the Strip, and it is the oldest resort on the Strip still in operation today. The Flamingo has a Las Vegas Monorail station, the Flamingo/Caesars Palace station, at the rear of the property. After opening in 1946, it has undergone a number of ownership changes.", "mentions": {"country": [], "architect": [], "owned_by": []}, "mentions_same_attribute_class": {"country": [], "architect": [], "owned_by": []}}