{"id": "Q1436004", "text": "Khalid Al Attar Tower 2 is a 66-floor tower on Sheikh Zayed Road in Dubai, United Arab Emirates. The tower has a total structural height of 294 m (853 ft). Construction of the Khalid Al Attar Tower 2 was completed in 2011. Currently, it is occupied by Millennium Plaza Hotel along with an offices tower of 24 floors", "mentions": {"country": [{"start_char": 68, "end_char": 73, "uri": "http://www.wikidata.org/entity/Q613"}, {"start_char": 75, "end_char": 95, "uri": "http://www.wikidata.org/entity/Q878"}], "architect": [], "owned_by": []}, "mentions_same_attribute_class": {"country": [], "architect": [], "owned_by": []}}