{"id": "Q143235", "text": "Wuhan Greenland Center is a 636-metre-tall (2,087 ft) 125-storey skyscraper currently under construction in Wuhan, China. In June 2011, Adrian Smith + Gordon Gill Architects in conjunction with Thornton Tomasetti Engineers won the design competition to build the tower for Greenland Group. The design has many energy saving features. The building's height was increased to 636 m, and is expected to become the tallest building in China, surpassing Shanghai Tower. The expected completion date is 2018.", "mentions": {"country": [{"start_char": 108, "end_char": 113, "uri": "http://www.wikidata.org/entity/Q11746"}, {"start_char": 115, "end_char": 120, "uri": "http://www.wikidata.org/entity/Q148"}, {"start_char": 430, "end_char": 435, "uri": "http://www.wikidata.org/entity/Q148"}, {"start_char": 108, "end_char": 113, "uri": "http://www.wikidata.org/entity/Q11746"}, {"start_char": 115, "end_char": 120, "uri": "http://www.wikidata.org/entity/Q148"}], "architect": [], "owned_by": []}, "mentions_same_attribute_class": {"country": [], "architect": [], "owned_by": []}}