{"id": "Q1435741", "text": "Sky Tower Abu Dhabi is a 292-metre tall skyscraper with 74 floors in Abu Dhabi, United Arab Emirates. It is located on Al Reem Island and includes office and residential space. Construction was completed in 2010 when it was the city's largest building but has been overtaken by The Landmark since, see also Abu Dhabi skyscrapers.", "mentions": {"country": [{"start_char": 10, "end_char": 19, "uri": "http://www.wikidata.org/entity/Q1519"}, {"start_char": 69, "end_char": 100, "uri": "http://www.wikidata.org/entity/Q1519"}, {"start_char": 307, "end_char": 316, "uri": "http://www.wikidata.org/entity/Q1519"}], "architect": [], "owned_by": []}, "mentions_same_attribute_class": {"country": [], "architect": [], "owned_by": []}}