{"id": "Q14429066", "text": "Muar Trade Centre or Pusat Dagangan Muar (Jawi: \u06a4\u0648\u0633\u062a \u062f\u0627\u06ac\u06a0\u0646 \u0645\u0648\u0627\u0631) (formerly Bangunan UMNO Muar (Jawi: \u0628\u0627\u06a0\u0648\u0646\u0646 \u0627\u0645\u0646\u0648 \u0645\u0648\u0627\u0631)) is a major landmark in Bandar Maharani Muar, Johor, Malaysia. It houses several commercial facilities and is one of the earliest skyscrapers in the town.", "mentions": {"country": [{"start_char": 172, "end_char": 180, "uri": "http://www.wikidata.org/entity/Q833"}], "architect": [], "owned_by": []}, "mentions_same_attribute_class": {"country": [], "architect": [], "owned_by": []}}