{"id": "Q1440000", "text": "The Four Seasons Hotel and Tower, also known as the Four Seasons Hotel Miami or simply the Four Seasons Tower, is a skyscraper in Miami, Florida, United States. It is located in Downtown Miami's Brickell Financial District. The tower contains a Toronto-based Four Seasons Hotel property, office space and several residential condominium units on the upper floors. Rising 789 feet (240 m) with 64 floors, it is the tallest building in Miami as well as in Florida. The building was planned by Gary Edward Handel & Associates and Bermello Ajamil & Partners, Inc. Post-tensioning reinforcement of the structure was supplied and engineered by Suncoast Post-Tension. The building was constructed with dense steel reinforcing and silica-fume concrete, and is designed to sustain hurricane-force winds. Construction began in 2000, and the building was completed in 2003.", "mentions": {"country": [{"start_char": 130, "end_char": 144, "uri": "http://www.wikidata.org/entity/Q8652"}, {"start_char": 146, "end_char": 159, "uri": "http://www.wikidata.org/entity/Q30"}, {"start_char": 434, "end_char": 439, "uri": "http://www.wikidata.org/entity/Q8652"}, {"start_char": 130, "end_char": 144, "uri": "http://www.wikidata.org/entity/Q8652"}, {"start_char": 146, "end_char": 159, "uri": "http://www.wikidata.org/entity/Q30"}], "architect": [], "owned_by": []}, "mentions_same_attribute_class": {"country": [], "architect": [], "owned_by": []}}