{"id": "Q14498348", "text": "Sheraton Huzhou Hot Spring Resort (Chinese: \u6d59\u6c5f\u6e56\u5dde\u559c\u6765\u767b\u6e29\u6cc9\u5ea6\u5047\u9152\u5e97) is a luxury hotel and resort located in Huzhou, China. It has nicknames such as \"Horseshoe Hotel\" and \"Doughnut Hotel\" due to its Torus geometrical shape. The horseshoe-shaped hotel, 27-storey structure lies on Taihu Lake between Nanjing and Shanghai. The 4\u00bd-star resort has 321 rooms, 37 villas, 40 suites, a presidential suite, parking facilities, fitness & wellness center, four restaurants, a caf\u00e9, a children's pool, and rooms with terraces. The design was conceived by architect Yansong Ma and constructed by the Shanghai Feizhou Group. It belongs to the Sheraton Hotels and Resorts chain of Starwood Hotels and Resorts Worldwide.", "mentions": {"country": [], "architect": [], "owned_by": []}, "mentions_same_attribute_class": {"country": [], "architect": [], "owned_by": []}}