{"id": "Q1443364", "text": "Torre Werfen (\"Werfen Tower\") (also named Torre Zenit, Torre Banif) is a skyscraper in L'Hospitalet de Llobregat (suburb of Barcelona), Catalonia, Spain. Completed in 2009, the building has 25 floors and rises 107 meters. The tower is on the Plaza de Europa 21. It is the head office of the Werfen Group, a medical equipment company.", "mentions": {"country": [{"start_char": 147, "end_char": 152, "uri": "http://www.wikidata.org/entity/Q29"}], "architect": [], "owned_by": []}, "mentions_same_attribute_class": {"country": [], "architect": [], "owned_by": []}}