{"id": "Q14530911", "text": "Edificio Intempo Benidorm is a 47-floor, 189-metre-high skyscraper building in Benidorm, Spain. The design of the building was officially presented on 19 January 2006 and work began in 2007. Originally scheduled for completion in 2009, work was significantly hampered by the economic crisis of 2008 which seriously affected the real estate sector in Spain. Construction was completed in March 2014.", "mentions": {"country": [{"start_char": 17, "end_char": 25, "uri": "http://www.wikidata.org/entity/Q487981"}, {"start_char": 79, "end_char": 87, "uri": "http://www.wikidata.org/entity/Q487981"}, {"start_char": 89, "end_char": 94, "uri": "http://www.wikidata.org/entity/Q29"}, {"start_char": 350, "end_char": 355, "uri": "http://www.wikidata.org/entity/Q29"}], "architect": [], "owned_by": []}, "mentions_same_attribute_class": {"country": [], "architect": [], "owned_by": []}}