{"id": "Q14551925", "text": "Hannibal is a name of an housing development in Stuttgart-Asemwald which was built around 1970 and consists of several blocks of flats with up to 70 metres height and 24 floors. With own purchase area from service and trade developed in such a way on the Stuttgart Filderhochflaeche a self-sufficient residential town. At the time of building sensational, still today visit-worth is the publicly accessible panoramic swimming-pool with a sauna. An also public restaurant \"Bella Vista Sky Restaurant\" is in the uppermost floor of the building \"Asemwald 52-62\" with view of the Stuttgart television tower (Stuttgarter Fernsehturm), the Filder with the airport of Stuttgart (Flughafen Stuttgart) and the Swabian Jura (Schw\u00e4bische Alb).", "mentions": {"country": [], "architect": [], "owned_by": []}, "mentions_same_attribute_class": {"country": [], "architect": [], "owned_by": []}}