{"id": "Q14687991", "text": "The Old Colony Building is 17-story landmark building in the Chicago Loop community area of Chicago, Illinois. Designed by the architectural firm Holabird & Roche in 1893-94, it stands at approximately 215 feet and was the tallest building in Chicago at the time it was built. The building was designated a Chicago Landmark on July 7, 1978. It was the first tall building to use a system of internal portal arches as a means of bracing the structure against high winds. The building was added to the National Register of Historic Places in 1976. It is directly across the street to the west of the Harold Washington Library. The address of the Old Colony Building is 407 S. Dearborn Street and the GIS coordinates are +41.876657-87.629006.", "mentions": {"country": [{"start_char": 92, "end_char": 109, "uri": "http://www.wikidata.org/entity/Q1297"}, {"start_char": 243, "end_char": 250, "uri": "http://www.wikidata.org/entity/Q1297"}, {"start_char": 92, "end_char": 109, "uri": "http://www.wikidata.org/entity/Q1297"}], "architect": [], "owned_by": []}, "mentions_same_attribute_class": {"country": [], "architect": [], "owned_by": []}}