{"id": "Q14683065", "text": "Le M\u00e9ridien San Francisco is a 360-room hotel in the financial district of San Francisco, California. The property was formerly the Park Hyatt San Francisco.", "mentions": {"country": [{"start_char": 75, "end_char": 100, "uri": "http://www.wikidata.org/entity/Q62"}, {"start_char": 143, "end_char": 156, "uri": "http://www.wikidata.org/entity/Q62"}], "architect": [], "owned_by": []}, "mentions_same_attribute_class": {"country": [], "architect": [], "owned_by": []}}