{"id": "Q14686219", "text": "Metropolis at Dadeland is a pair of skyscraper condos in the Dadeland neighborhood of Miami, Florida, United States. Metropolis at Dadeland consists of two near identical residential towers, Metropolis One and Metropolis Two. The towers provide retail and dining space on the street level, while the remaining floors are residential condo units. Specifically, floors two though seven are loft style units surrounding nine floors of parking. Floors eight through twenty-six are condo units and Penthouse units at the top. Floor eight contains most of the buildings amenities such as two pools, his and her saunas, library/work center, fitness center, club room with pool tables, and a Jacuzzi. Both towers stand at a height (architectural) of 313.58 ft. Construction took three years (2003-2006) to complete both towers. In late November of 2003, the foundation for the first tower was laid. Metropolis at Dadeland is located in close proximity to:", "mentions": {"country": [{"start_char": 102, "end_char": 115, "uri": "http://www.wikidata.org/entity/Q30"}], "architect": [], "owned_by": []}, "mentions_same_attribute_class": {"country": [], "architect": [], "owned_by": []}}