{"id": "Q14687469", "text": "The Crane Company Building is a skyscraper located at 836 S. Michigan Ave. in the Loop community area of Chicago, Illinois. The twelve-story building was designed by Holabird & Roche and built in 1912. The steel frame skyscraper was designed in the Classical Revival style, and its exterior design is split into three sections. The first and second floors are faced in limestone and feature piers supporting a cornice; the third floor is also covered in limestone. The fourth through eleventh floors are constructed in red brick; windows on these floors feature terra cotta keystones and sills, and the eleventh floor is capped by a terra cotta cornice. The twelfth floor is decorated in terra cotta panels which incorporate Crane Company valves in their design; this floor is also topped by a cornice. The building originally housed offices for the Crane Company, which manufactured plumbing and heating equipment. The Crane Company played a significant role in both the Chicago economy, where it was a major employer of industrial workers, and the national manufacturing landscape, where it was considered \"the United States' leading manufacturer\" of iron and brass plumbing and heating fixtures. Due to the demolition of the Crane Company's factories and its early leaders' homes, the Crane Company Building is now the most significant landmark in Chicago associated with the company. After the Crane Company left the building in 1960, it was converted to a residential property. The Crane Company Building was added to the National Register of Historic Places on January 28, 2002.", "mentions": {"country": [{"start_char": 1113, "end_char": 1126, "uri": "http://www.wikidata.org/entity/Q30"}], "architect": [], "owned_by": []}, "mentions_same_attribute_class": {"country": [], "architect": [], "owned_by": []}}