{"id": "Q14681501", "text": "140 New Montgomery Street, also known as the PacBell Building, in San Francisco's South of Market district is an Art Deco office tower located close to the St. Regis Museum Tower and the San Francisco Museum of Modern Art. The 26-floor building was originally called the Pacific Telephone Building when it was completed in 1925, and it was San Francisco's first significant skyscraper development when construction began in 1924. The building was the first high-rise south of Market Street, and the tallest in San Francisco until the Russ Building matched its height two years later in 1927. Along with the Russ Building, it remained the city's tallest until it was overtaken by 650 California Street in 1964. AT&T sold the building in 2007, and as of 2013, Internet company Yelp is the main tenant.", "mentions": {"country": [{"start_char": 66, "end_char": 79, "uri": "http://www.wikidata.org/entity/Q62"}, {"start_char": 187, "end_char": 200, "uri": "http://www.wikidata.org/entity/Q62"}, {"start_char": 340, "end_char": 353, "uri": "http://www.wikidata.org/entity/Q62"}, {"start_char": 510, "end_char": 523, "uri": "http://www.wikidata.org/entity/Q62"}, {"start_char": 66, "end_char": 79, "uri": "http://www.wikidata.org/entity/Q62"}, {"start_char": 66, "end_char": 79, "uri": "http://www.wikidata.org/entity/Q62"}, {"start_char": 340, "end_char": 353, "uri": "http://www.wikidata.org/entity/Q62"}], "architect": [], "owned_by": []}, "mentions_same_attribute_class": {"country": [], "architect": [], "owned_by": []}}