{"id": "Q14681514", "text": "388 Market Street is a 24-story, 94 m (308 ft) mixed-use flatiron skyscraper, completed in 1987 on Market Street in the financial district of San Francisco, California. The building is clad in red granite. The top seven floors house luxury apartments, while the lower floors contain office space.", "mentions": {"country": [{"start_char": 142, "end_char": 167, "uri": "http://www.wikidata.org/entity/Q62"}], "architect": [], "owned_by": []}, "mentions_same_attribute_class": {"country": [], "architect": [], "owned_by": []}}