{"id": "Q14682503", "text": "The James Oviatt Building, commonly referred to as The Oviatt Building, is an Art Deco highrise in Downtown Los Angeles located at 617 S. Olive Street, half a block south of 6th St. and Pershing Square. In 1983, the Oviatt Building was listed in the National Register of Historic Places. It is also designated as a Los Angeles Historic-Cultural Monument. The building is named after James Zera Oviatt (born in Farmington, Utah in 1888) who, in 1909, came from Salt Lake City to Los Angeles to work as a window dresser at C.C. Desmond's Department Store. In 1912, Mr. Oviatt and a colleague, hat salesman Frank Baird Alexander, launched their partnership in men\u2019s clothing as the Alexander & Oviatt haberdashery, at 209 West Fourth Street in downtown Los Angeles. Their 'silent partner' was Frank Shaver Allen, a prominent (and wealthy) architect whose career had been destroyed by a sex scandal several years earlier. During annual summer buying trips to Europe, James Oviatt found stylish clothing to bring back to his prospering Los Angeles store. With the emergence of French Art Deco in the 1920s, Mr. Oviatt found the architectural style that would embody the interior design of his 1928 James Oviatt Building and its penthouse. The Oviatt Building was designed by the Los Angeles architectural firm of Walker & Eisen. Excavation for the Oviatt Building's construction was begun in August 1927; the building was completed in May 1928. Its furnishings included a 12-ton illuminated glass cornice and glass arcade ceiling by architect Ferdinand Chanut and glassmaker Ga\u00ebtan Jeannin. Ren\u00e9 Lalique designed and created the molded glass elevator door panels, front and side doors, chandeliers, and a large panel clock. Many tons of 'Napoleon' marble and a massive, three-faced tower clock with chimes (manufactured by the pioneering electric clockmaker, Ateliers Brilli\u00e9 Fr\u00e8res ) were imported from France. Today, Cicada Restaurant is located in the huge, ornate Art Deco space on the building's ground floor and upstairs mezzanine. On most Sunday nights, the restaurant converts into a 1920s-'30s style nightclub, Maxwell DeMille's Cicada Club, complete with live bands/orchestras, singers, and dance floor. A feature-length documentary on the Oviatt Building's history was directed by Seth Shulman and written/produced by Marc Chevalier in 2008. In 2015, the exterior of the Cicada was used as the exterior for the fictional Hotel Cortez on American Horror Story: Hotel.", "mentions": {"country": [{"start_char": 478, "end_char": 489, "uri": "http://www.wikidata.org/entity/Q65"}, {"start_char": 1031, "end_char": 1042, "uri": "http://www.wikidata.org/entity/Q65"}, {"start_char": 1274, "end_char": 1285, "uri": "http://www.wikidata.org/entity/Q65"}], "architect": [], "owned_by": []}, "mentions_same_attribute_class": {"country": [], "architect": [], "owned_by": []}}