{"id": "Q14691658", "text": "Hilton New Orleans Riverside, located at 2 Poydras Street in the Central Business District of New Orleans, Louisiana, is a 29-story, 341 feet (104 m)-tall skyscraper. The hotel is part of the Hilton Hotels chain. A portion of the building complex overlooks the Mississippi River front. The building is connected via an enclosed pedestrian walkway with the adjacent Outlet Collection at Riverwalk. Noted musician Pete Fountain had a club where he performed regularly in the Hilton for some 20 years up to 2003.", "mentions": {"country": [], "architect": [], "owned_by": []}, "mentions_same_attribute_class": {"country": [], "architect": [], "owned_by": []}}