{"id": "Q1469829", "text": "St George Wharf Tower, also known as the Vauxhall Tower, is a residential skyscraper in Vauxhall, London, and part of the St George Wharf development. At 181 metres (594 ft) tall with 50 storeys, it is the eighth tallest building in London and the tallest residential building in the UK. The building's construction crane was hit by a helicopter in January 2013, causing two deaths.", "mentions": {"country": [{"start_char": 98, "end_char": 104, "uri": "http://www.wikidata.org/entity/Q84"}, {"start_char": 233, "end_char": 239, "uri": "http://www.wikidata.org/entity/Q84"}, {"start_char": 98, "end_char": 104, "uri": "http://www.wikidata.org/entity/Q84"}], "architect": [], "owned_by": []}, "mentions_same_attribute_class": {"country": [], "architect": [], "owned_by": []}}