{"id": "Q14684154", "text": "Salesforce Tower, formerly known as the Transbay Tower, is a 1,070 ft (326 m) supertall office skyscraper under construction in the South of Market district of downtown San Francisco. Located at 415 Mission Street between First and Fremont Streets, next to the Transbay Transit Center site, Salesforce Tower is the centerpiece of the San Francisco Transbay redevelopment plan that contains a mix of office, transportation, retail, and residential uses. When completed, the tower will be the tallest in San Francisco and a defining building in the burgeoning South of Market area. With a top roof height of 970 feet (300 m) and an overall height of 1,070 feet (330 m), it will be the tallest building and second tallest structure west of the Mississippi River.", "mentions": {"country": [{"start_char": 169, "end_char": 182, "uri": "http://www.wikidata.org/entity/Q62"}, {"start_char": 334, "end_char": 347, "uri": "http://www.wikidata.org/entity/Q62"}, {"start_char": 502, "end_char": 515, "uri": "http://www.wikidata.org/entity/Q62"}], "architect": [], "owned_by": []}, "mentions_same_attribute_class": {"country": [], "architect": [], "owned_by": []}}