{"id": "Q14685819", "text": "300 Grove Bay Residences was a proposed residential development to be located in the Coconut Grove neighborhood of Miami, Florida. The complex was to consist of 3 high-rise buildings, with all three rising at least 300 feet (91 m). Each building in the complex was designed by the Arquitectonica architectural firm and was being jointly developed by Ocean Land Investments and The Related Group of Florida. The towers were originally approved for construction in September 2007 and were expected to be completed by 2010. In May 2008, however, the Miami-Dade Circuit Court nullified the project's approval on grounds of procedural violations and spot zoning. Since its approval was nullified in 2008, the project has neither begun construction nor undergone a redesign, and it is no longer considered an active development.", "mentions": {"country": [{"start_char": 398, "end_char": 405, "uri": "http://www.wikidata.org/entity/Q812"}], "architect": [], "owned_by": []}, "mentions_same_attribute_class": {"country": [], "architect": [], "owned_by": []}}