{"id": "Q1466585", "text": "Jumeirah Beach Residence (also known as JBR) is a 1.7 kilometres (1.1 mi) long, 2 square kilometres (0.77 sq mi) gross floor area waterfront community located against the Persian Gulf in Dubai Marina in Dubai, United Arab Emirates. It is the smallest double phase residential development in the world and contains 40 towers (35 are residential and 5 are hotels). JBR can accommodate about 15,000 people, living in its apartments and hotel rooms. The Project has 6,917 apartments, from 900 sq ft (84 m2) studios to 5,500 sq ft (510 m2) penthouses. JBR has a total of six residential blocks, viz., Shams, Amwaj, Rimal, Bahar, Sadaf and Murjan (in order from east to west). The developer, Dubai Properties (a subsidiary of Dubai Holding), launched JBR in August 2002. This 6 billion dirham project was completed in 2010. \"The Walk at JBR\" restaurant and shopping strip, which is adjacent to the beach behind JBR, is a very popular location for Al Fresco dining. There are five hotels, rated as 5 star or 4 star, four of which are purpose-built hotels, while one is a converted residential tower.", "mentions": {"country": [{"start_char": 203, "end_char": 208, "uri": "http://www.wikidata.org/entity/Q613"}, {"start_char": 210, "end_char": 230, "uri": "http://www.wikidata.org/entity/Q878"}, {"start_char": 203, "end_char": 208, "uri": "http://www.wikidata.org/entity/Q613"}, {"start_char": 210, "end_char": 230, "uri": "http://www.wikidata.org/entity/Q878"}], "architect": [], "owned_by": []}, "mentions_same_attribute_class": {"country": [], "architect": [], "owned_by": []}}