{"id": "Q14693082", "text": "Target Plaza South is a 33-story skyscraper in downtown Minneapolis, Minnesota, which serves as part of the corporate headquarters for Target Corporation. The building was designed by architects Ellerbe Becket of Minneapolis and was completed in 2001. It is connected via an eighth-floor walkway to the 14-story Target Plaza North and contains retail space on the street level with three levels of parking below ground. The building is notable for the colorful 3M-designed lighting display in its upper floors, which change frequently to present a unique light show that is visible in the Minneapolis skyline at night.", "mentions": {"country": [], "architect": [], "owned_by": []}, "mentions_same_attribute_class": {"country": [], "architect": [], "owned_by": []}}