{"id": "Q14684141", "text": "Three Sixty Residences is a 22-storey, 82.18 m (269.6 ft) residential skyscraper in downtown San Jose, California. It is the fourth tallest building in the city. Originally built to be a condominium tower, the vacant Three Sixty was converted to luxury rental apartment units in 2010 after the down-turn in local real estate market.", "mentions": {"country": [], "architect": [], "owned_by": []}, "mentions_same_attribute_class": {"country": [], "architect": [], "owned_by": []}}