{"id": "Q1464592", "text": "The Wrigley Building (400-410 North Michigan Avenue, Near North Side, Chicago, Illinois) is a skyscraper located directly across Michigan Avenue from the Tribune Tower on the Magnificent Mile. It was built to house the corporate headquarters of the Wrigley Company.", "mentions": {"country": [{"start_char": 79, "end_char": 87, "uri": "http://www.wikidata.org/entity/Q1204"}, {"start_char": 79, "end_char": 87, "uri": "http://www.wikidata.org/entity/Q1204"}], "architect": [], "owned_by": []}, "mentions_same_attribute_class": {"country": [], "architect": [], "owned_by": []}}