{"id": "Q14687923", "text": "The Municipal Courts Building, also known as the Lake View Building, is a skyscraper located at 116 S. Michigan Avenue in Chicago, Illinois. The building was built from 1906 to 1907 to serve as a temporary home for Chicago's Municipal Court. Jacob L. Kesner built the building, which was originally 12 stories tall, on a strip of land only 40 feet (12 m) wide; Kesner was one of the few property owners willing to grant the Municipal Court a short-term lease. The building was completed later than planned, had less square footage than promised, and charged a higher rent than a competing offer from a warehouse, prompting Mayor Edward Dunne to conduct an ethics investigation into the approval of the building contract. The court only used the building until 1911; after it moved out, Kesner added another five stories to the building. The building was added to the National Register of Historic Places on August 29, 1985.", "mentions": {"country": [{"start_char": 122, "end_char": 139, "uri": "http://www.wikidata.org/entity/Q1297"}, {"start_char": 215, "end_char": 222, "uri": "http://www.wikidata.org/entity/Q1297"}], "architect": [], "owned_by": []}, "mentions_same_attribute_class": {"country": [], "architect": [], "owned_by": []}}