{"id": "Q14690693", "text": "The Ingalls Building, built in 1903 in Cincinnati, Ohio, was the world's first reinforced concrete skyscraper. The 16-story building was designed by the Cincinnati architectural firm Elzner & Anderson and was named for its primary financial investor, Melville E. Ingalls. The building was considered a daring engineering feat at the time, but its success contributed to the acceptance of concrete construction in high-rise buildings in the United States. The Ingalls building is bordered by East 4th Street and Vine Street in the Cincinnati Central Business District.", "mentions": {"country": [{"start_char": 440, "end_char": 453, "uri": "http://www.wikidata.org/entity/Q30"}], "architect": [], "owned_by": []}, "mentions_same_attribute_class": {"country": [], "architect": [], "owned_by": []}}