{"id": "Q14681519", "text": "Jasper (formerly 45 Lansing Street) is a 430-foot (130 m) residential skyscraper under construction in the Rincon Hill neighborhood of San Francisco, California, United States. The tower will contain up to 320 residential units on 39 floors.", "mentions": {"country": [{"start_char": 135, "end_char": 160, "uri": "http://www.wikidata.org/entity/Q62"}, {"start_char": 162, "end_char": 175, "uri": "http://www.wikidata.org/entity/Q30"}], "architect": [], "owned_by": []}, "mentions_same_attribute_class": {"country": [], "architect": [], "owned_by": []}}