{"id": "Q14710497", "text": "The Hilton Anatole is a Dallas hotel at 2201 Stemmons Freeway in the Market Center district just north of downtown Dallas, Texas. Featuring 1,606 guest rooms, it is one of the largest hotels in the South and is a major convention and meeting facility. Over 1,000 art objects, including a casting of Riding Into the Sunset and two sections of the Berlin Wall - just one of five venues in the United States to house a portion of the Wall, are located throughout the resort setting. The hotel previously featured the five-star Nana Restaurant, but it closed in May 2012 due to decreased demand for fine dining restaurants and was replaced with a high-energy steak house, SER (pronounced sear).", "mentions": {"country": [{"start_char": 123, "end_char": 128, "uri": "http://www.wikidata.org/entity/Q1439"}, {"start_char": 391, "end_char": 404, "uri": "http://www.wikidata.org/entity/Q30"}, {"start_char": 123, "end_char": 128, "uri": "http://www.wikidata.org/entity/Q1439"}], "architect": [], "owned_by": []}, "mentions_same_attribute_class": {"country": [], "architect": [], "owned_by": []}}