{"id": "Q14713699", "text": "The Insignia Towers, also known as 2301 6th Avenue and formerly as the Embassy Development Project, are a pair of 41-story residential skyscrapers in the Denny Regrade neighborhood of Seattle, Washington that are under construction. The buildings would be mainly residential condominiums with lower-level shops. Approved in 2007, and placed on hold during the late-2000s recession, as of 2013 the developers revived the project and aim to complete the first phase of construction in mid 2015 with the second tower completed in the 4th quarter 2016. When completed, the two tower project will have 707 residential units and 1,000 parking spaces.", "mentions": {"country": [], "architect": [], "owned_by": []}, "mentions_same_attribute_class": {"country": [], "architect": [], "owned_by": []}}