{"id": "Q14716415", "text": "Fenn Tower is a 22-story skyscraper in Cleveland, Ohio. It is owned by Cleveland State University. It was built for the National Town and Country Club, but was only used for one event before closing. It was originally known as the National Town and Country Club before being sold. It was purchased by Fenn College in 1937 for $250,000. It is currently being used as student housing. It is the second tallest structure on the Cleveland State campus, second to Rhodes Tower. The tower was named after Sereno Peck Fenn (one of three principal founders of Sherwin-Williams), whom Fenn College was named after. Fenn Tower is listed on the National Register of Historic Places as the National Town and Country Club. It was originally furnished by Rorimer-Brooks Studios, Inc. Originally where the Fenn Gym and The Ellwood H. Fisher Swimming Pool were located, they were removed during the 2005 renovation.", "mentions": {"country": [], "architect": [], "owned_by": [{"start_char": 71, "end_char": 97, "uri": "http://www.wikidata.org/entity/Q1100801"}, {"start_char": 301, "end_char": 313, "uri": "http://www.wikidata.org/entity/Q1100801"}, {"start_char": 425, "end_char": 440, "uri": "http://www.wikidata.org/entity/Q1100801"}, {"start_char": 576, "end_char": 588, "uri": "http://www.wikidata.org/entity/Q1100801"}, {"start_char": 71, "end_char": 97, "uri": "http://www.wikidata.org/entity/Q1100801"}, {"start_char": 301, "end_char": 313, "uri": "http://www.wikidata.org/entity/Q1100801"}, {"start_char": 425, "end_char": 440, "uri": "http://www.wikidata.org/entity/Q1100801"}, {"start_char": 71, "end_char": 97, "uri": "http://www.wikidata.org/entity/Q1100801"}]}, "mentions_same_attribute_class": {"country": [], "architect": [], "owned_by": []}}