{"id": "Q1471340", "text": "SP!RE is a high-rise condominium building located at 70 Adelaide Street East at Church Street in downtown Toronto, Ontario, Canada by Context Developments. Construction was completed in 2007. The structure was designed by Peter Clewes of architectsAlliance and is 145 metres tall with 322 suites (from 42m\u00b2 to 228m\u00b2) in 45 floors.", "mentions": {"country": [{"start_char": 115, "end_char": 122, "uri": "http://www.wikidata.org/entity/Q1904"}, {"start_char": 124, "end_char": 130, "uri": "http://www.wikidata.org/entity/Q16"}], "architect": [], "owned_by": []}, "mentions_same_attribute_class": {"country": [], "architect": [], "owned_by": []}}