{"id": "Q14707991", "text": "The Jefferson Standard Building is a 233 ft (71m) skyscraper in Greensboro, North Carolina. It was completed in 1923 as the headquarters for Jefferson Standard Life Insurance Co. (now known as Lincoln Financial Group) and has 18 floors. Until it was superseded by the Nissen Building in Winston-Salem in 1927, it was the tallest building in North Carolina (succeeding the Independence Building in Charlotte) and the tallest building between Washington, D.C. and Atlanta, Georgia. It was named to the National Register of Historic Places in 1976. A 20-story addition first known as the Jefferson-Pilot Building and later the Lincoln Financial Building was finished in 1990.", "mentions": {"country": [], "architect": [], "owned_by": []}, "mentions_same_attribute_class": {"country": [], "architect": [], "owned_by": []}}