{"id": "Q14705805", "text": "The Newark Legal Center, also known as One Riverfront Center, is an office building in Newark, New Jersey located along the banks of the Passaic River and connected by a skywalk over Raymond Boulevard to Gateway Center and Penn Station. Originally developed by the Port Authority of New York and New Jersey, the twenty story tower contains condominium and rental office space geared to the legal profession. Land between the tower and the riverfront in the shadow of the nearby Dock Bridge, maybe incorporated into a planned park.", "mentions": {"country": [{"start_char": 296, "end_char": 306, "uri": "http://www.wikidata.org/entity/Q1408"}], "architect": [], "owned_by": []}, "mentions_same_attribute_class": {"country": [], "architect": [], "owned_by": []}}