{"id": "Q14714579", "text": "The Pabst Building was a 14 story, 235 foot tall neo-gothic high-rise building in Milwaukee, Wisconsin. Built in 1891, it was Milwaukee's first skyscraper, and was the tallest building in Milwaukee until the Milwaukee City Hall was finished four years later. It was demolished in 1981, and the 100 East Wisconsin Building now occupies the site.", "mentions": {"country": [{"start_char": 82, "end_char": 102, "uri": "http://www.wikidata.org/entity/Q37836"}, {"start_char": 126, "end_char": 135, "uri": "http://www.wikidata.org/entity/Q37836"}, {"start_char": 188, "end_char": 197, "uri": "http://www.wikidata.org/entity/Q37836"}], "architect": [], "owned_by": []}, "mentions_same_attribute_class": {"country": [], "architect": [], "owned_by": []}}