{"id": "Q14710448", "text": "Devon Energy Tower, also known as Two Allen Center, is a 521 ft (159 m) tall skyscraper in Houston, Texas. It was completed in 1978 and has 36 floors. It is the 24th tallest building in the city. The tower houses offices for Oklahoma City-based Devon Energy Corporation. The building has travertine flooring and is Energy Star labelled. It is owned by Brookfield Properties. It was known as the Citicorp Building in 1989. During that year Exxon had office space there. Greater Houston Partnership has its offices in Suite 700, on the seventh floor. Devon Energy had its Houston office there. In October 2012 Devon Energy announced that it was closing its office there, affecting 500 jobs. Two Allen Center also hosts the headquarters of Houston-based national tax law firm Chamberlain Hrdlicka.[citation needed] Previously Trizec Properties had its Houston offices in Suite 1100.", "mentions": {"country": [], "architect": [], "owned_by": [{"start_char": 352, "end_char": 373, "uri": "http://www.wikidata.org/entity/Q4974584"}, {"start_char": 352, "end_char": 373, "uri": "http://www.wikidata.org/entity/Q4974584"}, {"start_char": 352, "end_char": 373, "uri": "http://www.wikidata.org/entity/Q4974584"}]}, "mentions_same_attribute_class": {"country": [], "architect": [], "owned_by": []}}