{"id": "Q14708996", "text": "KOIN Center is a 155.15 m (509.0 ft), 35-story, skyscraper in Portland, Oregon, USA. The building, the third tallest in the city, was designed by the firm of Zimmer Gunsul Frasca Partnership and opened in 1984 at a cost of US$48 million.", "mentions": {"country": [{"start_char": 80, "end_char": 83, "uri": "http://www.wikidata.org/entity/Q30"}, {"start_char": 223, "end_char": 225, "uri": "http://www.wikidata.org/entity/Q30"}, {"start_char": 80, "end_char": 83, "uri": "http://www.wikidata.org/entity/Q30"}], "architect": [{"start_char": 158, "end_char": 190, "uri": "http://www.wikidata.org/entity/Q8063092"}], "owned_by": []}, "mentions_same_attribute_class": {"country": [], "architect": [], "owned_by": []}}