{"id": "Q14707143", "text": "One M&T Plaza is an office tower located in Buffalo, New York and home to M&T Bank in Erie County. The 21-story International style office tower was designed by Minoru Yamasaki with Duane Lyman Associates and completed in 1966. The Structural Steel for the building was produced locally by Bethlehem Steel, and was a product of their V50 grade. The base of the building is composed of white and green marble with an interior of travertine. The building also features a 75-by-225 foot exterior plaza.", "mentions": {"country": [], "architect": [{"start_char": 161, "end_char": 176, "uri": "http://www.wikidata.org/entity/Q347215"}], "owned_by": []}, "mentions_same_attribute_class": {"country": [], "architect": [], "owned_by": []}}