{"id": "Q14753676", "text": "Estudiotel Alicante (also Riscal) is a skyscraper and hotel in Alicante, Spain. It is 117 metres (384 ft) high, with 35 floors. It is the tallest building in the city, ahead of El Barco in Albufereta at 111 metres (364 ft).", "mentions": {"country": [{"start_char": 63, "end_char": 71, "uri": "http://www.wikidata.org/entity/Q11959"}, {"start_char": 73, "end_char": 78, "uri": "http://www.wikidata.org/entity/Q29"}], "architect": [], "owned_by": []}, "mentions_same_attribute_class": {"country": [], "architect": [], "owned_by": []}}