{"id": "Q14710513", "text": "The Houston Main Building (HMB) formerly the Prudential Building, was a skyscraper in the Texas Medical Center, Houston, Texas. It originally housed offices of the Prudential Insurance Company, before becoming a part of the MD Anderson Cancer Center. The building was demolished on January 8, 2012. It was designed by Kenneth Franzheim.", "mentions": {"country": [], "architect": [], "owned_by": []}, "mentions_same_attribute_class": {"country": [], "architect": [], "owned_by": []}}