{"id": "Q14716560", "text": "The Justice Center Complex is a building complex located in downtown Cleveland, Ohio's Civic Center District that opened in 1976. It consists of the Cleveland Police Headquarters Building, the Cuyahoga County and Cleveland Municipal Courts Tower, and the Correction Center. It occupies a city block bounded by Lakeside Avenue, Ontario Street, West 3rd Street, and St. Clair Avenue. The Lakeside Avenue entrance faces the Cuyahoga County Court House, erected in 1912. When the Justice Center was proposed in 1969, then-Mayor Carl B. Stokes did not want to be part of the Justice Center project. At the time, the Cleveland Police were at an older headquarters on East 22nd Street. In 1971, voters elected Mayor Ralph Perk, who accepted the police department recommendation to move to the proposed Justice Center. The original cost for the Justice Center was set at $60 million, but infighting between Cuyahoga County and City of Cleveland officials escalated the cost from $60 million to $128 million. On October 20, 1972 ground was broken for the Justice Center. The Courts Tower was designed by Prindle, Patrick and Partners. The Brutalist 26-story structure stands 420 ft (128 m) high and contains 44 court rooms and 9 hearing rooms, which are divided between Cleveland Municipal and Cuyahoga County Common Pleas courts. Located south of the Courts Tower is Cleveland's Police Headquarters Building. The Police Headquarters, designed by Richard L. Bowen and Associates serves the city's police department. Located in front of the building is the Isamu Noguchi sculpture, Portal, one of the most recognizable symbols of the Justice Center. When Portal was built, Cleveland's art critics said it looked like one leftover caisson sticking up, while another critic called it \"Justice going down the drain.\" It was donated by the Gund Foundation in 1977 and it one of Isamu Noguchi's famous sculptures. West of the Courts Tower is the Correction Center. The Correction Center is composed of Jail I and Jail II. Jail I was built in 1976, when the rest of the construction of the complex was completed. It allows 777 cells, arranged in pods of 23 to be flooded with daylight. In 1995, a counterpart, the Robert P. Madison-designed Jail II, was finished, for a total capacity of 1800 cells. The bases of both the Police and Correction facilities are deeply recessed with a regular spacing of bays and perimeter columns with additional horizontal elements which act to cohere the grouping. Bronze tinted glass enhances the play of shadow upon the surface of the structures. Ground level changes are resolved through the use of a dynamic multilevel light court within. Circulation between the buildings occurs through the block by way of this light court which opens with suspended glass walls to the north, south, and east. This directly links the heart of the Justice Center with Ontario, Lakeside, and St. Clair Avenue.", "mentions": {"country": [{"start_char": 80, "end_char": 84, "uri": "http://www.wikidata.org/entity/Q1397"}, {"start_char": 80, "end_char": 84, "uri": "http://www.wikidata.org/entity/Q1397"}], "architect": [], "owned_by": []}, "mentions_same_attribute_class": {"country": [], "architect": [], "owned_by": []}}