{"id": "Q14716699", "text": "McDonald Investment Center, also known as Key Center and formerly known as the Central National Bank Building, is a commercial high-rise building in Cleveland, Ohio. The building rises 308 feet (94 m) in Downtown Cleveland. It contains 23 floors, and was completed in 1969. The building currently stands as the 18th-tallest building in the city. When first constructed, the tower stood as the 5th-tallest building in Cleveland. The architect who designed the building was Charles Luckman.", "mentions": {"country": [], "architect": [{"start_char": 472, "end_char": 487, "uri": "http://www.wikidata.org/entity/Q2903394"}], "owned_by": []}, "mentions_same_attribute_class": {"country": [], "architect": [], "owned_by": []}}