{"id": "Q1470046", "text": "The KK100 (Chinese: \u4eac\u57fa100), formerly known as Kingkey 100 and Kingkey Finance Center Plaza, is a supertall skyscraper in Shenzhen, Guangdong province, China.", "mentions": {"country": [{"start_char": 121, "end_char": 129, "uri": "http://www.wikidata.org/entity/Q15174"}, {"start_char": 151, "end_char": 156, "uri": "http://www.wikidata.org/entity/Q148"}, {"start_char": 121, "end_char": 129, "uri": "http://www.wikidata.org/entity/Q15174"}, {"start_char": 151, "end_char": 156, "uri": "http://www.wikidata.org/entity/Q148"}, {"start_char": 121, "end_char": 129, "uri": "http://www.wikidata.org/entity/Q15174"}, {"start_char": 151, "end_char": 156, "uri": "http://www.wikidata.org/entity/Q148"}], "architect": [], "owned_by": []}, "mentions_same_attribute_class": {"country": [], "architect": [], "owned_by": []}}