{"id": "Q1470076", "text": "HHHR Tower, also known as the Blue Tower, is a supertall skyscraper on Sheikh Zayed Road, Dubai, United Arab Emirates. The construction of the 72-floor, 317 m (1,040 ft) building started in 2006 and was completed in 2010. Designed by architect Al Hashemi, the building is residential, and its side usages are as commercial. HHHR tower is the second tallest residential building in Dubai, and fourth tallest residential building in the world, behind The Marina Torch, and Q1 tower which stands 348 m (1,142 ft) and 323 m (1,060 ft) respectively. The tower comprises 454 residential apartments. The building was built by a joint venture between Al Ahmadiah Contracting and Trading Co., from the UAE and Hip Hing Construction Co. Ltd., from Hong Kong. Another hallmark project by this team is the Masdar Project in Abu Dhabi, UAE.", "mentions": {"country": [{"start_char": 90, "end_char": 95, "uri": "http://www.wikidata.org/entity/Q613"}, {"start_char": 97, "end_char": 117, "uri": "http://www.wikidata.org/entity/Q878"}, {"start_char": 381, "end_char": 386, "uri": "http://www.wikidata.org/entity/Q613"}, {"start_char": 693, "end_char": 696, "uri": "http://www.wikidata.org/entity/Q878"}, {"start_char": 823, "end_char": 826, "uri": "http://www.wikidata.org/entity/Q878"}], "architect": [], "owned_by": []}, "mentions_same_attribute_class": {"country": [], "architect": [], "owned_by": []}}