{"id": "Q14711344", "text": "The Summit Building is a twelve-story, all-glass high-rise building in the business sector of downtown Midland, Texas. The building is constructed with a more modern look than most of Midland's downtown buildings. In 2008, the Summit Building became the first building in the Midland area to be depicted on Google Earth in 3D mode.", "mentions": {"country": [{"start_char": 103, "end_char": 117, "uri": "http://www.wikidata.org/entity/Q128321"}], "architect": [], "owned_by": []}, "mentions_same_attribute_class": {"country": [], "architect": [], "owned_by": []}}