{"id": "Q14875205", "text": "The Imperial Oil Building, or Imperial Plaza is a skyscraper in Toronto, Ontario, Canada. The 21-storey building was built in 1957 as the headquarters of Imperial Oil, Canada's largest oil company. The design was a design rejected for a proposed Toronto City Hall. After a longer period of use as the head office of Imperial Oil, it was sold and converted into a condominium apartment building.", "mentions": {"country": [{"start_char": 73, "end_char": 80, "uri": "http://www.wikidata.org/entity/Q1904"}, {"start_char": 82, "end_char": 88, "uri": "http://www.wikidata.org/entity/Q16"}, {"start_char": 168, "end_char": 174, "uri": "http://www.wikidata.org/entity/Q16"}], "architect": [], "owned_by": []}, "mentions_same_attribute_class": {"country": [], "architect": [], "owned_by": []}}