{"id": "Q14874629", "text": "The Hyatt Regency Vancouver, located at 655 Burrard Street, is a 644-room hotel connected to the Royal Centre complex in Vancouver, British Columbia. Today, it is the 27th tallest building in Downtown Vancouver. In 2003, the Hyatt Regency Vancouver property is best known for having their staff create the World's Largest Gingerbread Man.", "mentions": {"country": [{"start_char": 132, "end_char": 148, "uri": "http://www.wikidata.org/entity/Q1974"}], "architect": [], "owned_by": []}, "mentions_same_attribute_class": {"country": [], "architect": [], "owned_by": []}}