{"id": "Q14874439", "text": "Hong Leong Finance Building (Chinese: \u4e30\u9686\u5927\u53a6) is a high-rise skyscraper in the central business district of Singapore. This is the flagship building of Hong Leong Holdings Limited. It is located on 16 Raffles Quay, in the zone of Raffles Place. It is just next to the historic Lau Pa Sat Market. There are many skyscrapers near the building, such as One Raffles Quay, 6 Raffles Quay, Robinson Towers, John Hancock Tower, and AIA Tower, all of which are less than 100 metres away. With 45 floors of office space (parking levels from 4 to 7) and one basement level consisting of shops and a cafeteria, the building stretches 158.0 metres above ground. Hong Leong Finance Building currently houses the Embassy of Panama on the 41st floor and the Embassy of Norway on the 44th floor.", "mentions": {"country": [{"start_char": 106, "end_char": 115, "uri": "http://www.wikidata.org/entity/Q334"}, {"start_char": 106, "end_char": 115, "uri": "http://www.wikidata.org/entity/Q334"}], "architect": [], "owned_by": []}, "mentions_same_attribute_class": {"country": [], "architect": [], "owned_by": []}}