{"id": "Q14874469", "text": "The TripleOne Somerset (Chinese: \u65b0\u52a0\u5761\u80fd\u6e90\u5927\u53a6; pinyin: X\u012bnji\u0101p\u014d n\u00e9ngyu\u00e1n d\u00e0sh\u00e0) is a high-rise commercial building and shopping mall on Somerset Road in Orchard, Singapore. The building was first known as Public Utilities Board Building (PUB Building) until 1995, and was later known as Singapore Power Building until 2008 when acquired by YTL Corporation Pacific Star. It currently houses the corporate headquarters of Singapore Power.", "mentions": {"country": [{"start_char": 157, "end_char": 166, "uri": "http://www.wikidata.org/entity/Q334"}, {"start_char": 157, "end_char": 166, "uri": "http://www.wikidata.org/entity/Q334"}], "architect": [], "owned_by": [{"start_char": 335, "end_char": 350, "uri": "http://www.wikidata.org/entity/Q842437"}, {"start_char": 335, "end_char": 350, "uri": "http://www.wikidata.org/entity/Q842437"}]}, "mentions_same_attribute_class": {"country": [], "architect": [], "owned_by": []}}