{"id": "Q14874782", "text": "Vancouver Marriott Pinnacle Downtown is a CAA/AAA Four Diamond hotel in Vancouver, British Columbia, Canada. The hotel is a 38-floor high-rise building which lies between the West End and Coal Harbour and has 432 rooms and 6 suites, although 434 rooms has also been reported. The hotel has a lofty glass atrium lobby and the hotel is decorated in \"modern pale woods and neutral tones.\"", "mentions": {"country": [], "architect": [], "owned_by": []}, "mentions_same_attribute_class": {"country": [], "architect": [], "owned_by": []}}