{"id": "Q14854701", "text": "Borak Tower (Bengali:\u09ac\u09cb\u09b0\u09be\u0995) is a commercial skyscraper complex in Dhaka, Bangladesh that is one of the tallest completed buildings in the country. The tower is located at Pantha Path in Dhaka. Construction was completed and the towers were inaugurated in 2013.", "mentions": {"country": [{"start_char": 73, "end_char": 83, "uri": "http://www.wikidata.org/entity/Q902"}], "architect": [], "owned_by": []}, "mentions_same_attribute_class": {"country": [], "architect": [], "owned_by": []}}