{"id": "Q14875567", "text": "Roccabella is a condominium complex under construction in Montreal, Quebec, Canada, located next to the Bell Centre in downtown Montreal, at Mountain Street and Ren\u00e9-L\u00e9vesque Blvd. The project consists of two 40-floor towers containing 552 condominium units. Construction began in 2013, with an expected completion date in late 2015 for the first tower.", "mentions": {"country": [{"start_char": 76, "end_char": 82, "uri": "http://www.wikidata.org/entity/Q16"}], "architect": [], "owned_by": []}, "mentions_same_attribute_class": {"country": [], "architect": [], "owned_by": []}}