{"id": "Q14874453", "text": "Lippo Center is a 150 m (490 ft) skyscraper located at 78 Shenton Way in Singapore's Downtown Core. It was completed in 1990, has 34 floors, and is tied with two buildings of The Gateway as the 43rd-tallest building in the city-state. It was sold to Commerz Real AG for US$650 million in December 2007. Resource Pacific Holdings Pte Ltd, a company that is located on the 28th floor of the Lippo Center, currently houses the Honorary Consulate of Jamaica.", "mentions": {"country": [{"start_char": 73, "end_char": 82, "uri": "http://www.wikidata.org/entity/Q334"}, {"start_char": 73, "end_char": 82, "uri": "http://www.wikidata.org/entity/Q334"}], "architect": [], "owned_by": []}, "mentions_same_attribute_class": {"country": [], "architect": [], "owned_by": []}}