{"id": "Q14874464", "text": "The Samsung Hub, formerly 3 Church Street, is a skyscraper located in the central business district of Singapore. Located at 3 Church Street, it is situated just next to the Prudential Tower. It is a 30-storey office building development, which includes a 6-storey podium block on a 35,000 m2 (380,000 sq ft) plot of land. The development is a freehold Grade A office tower. Honorary Consulate of San Marino is located on the 20th floor of the Samsung Hub.", "mentions": {"country": [{"start_char": 103, "end_char": 112, "uri": "http://www.wikidata.org/entity/Q334"}, {"start_char": 103, "end_char": 112, "uri": "http://www.wikidata.org/entity/Q334"}], "architect": [], "owned_by": []}, "mentions_same_attribute_class": {"country": [], "architect": [], "owned_by": []}}