{"id": "Q14875185", "text": "The Hilton Hotel and Suites Niagara Falls/Fallsview's North Tower is a skyscraper-style hotel in Niagara Falls, Ontario, Canada. It was originally slated to rise 58 floors to a height of 177 metres (581 ft), but the building was subsequently reduced to 53 (claimed) floors and the new height has never been publicly released. It has however clearly surpassed the Embassy Suites as tallest building in Niagara Falls and still has more than 500 rooms. It is also the tallest hotel in Canada. The Emporis web site lists the building as having 58 structural stories while Skyscraperpage lists the building as having 47 floors. The Hilton website states the building to be a 53-story tall suite tower, but it is unknown if this takes into account mechanical levels or skipped floors. A visual floor count of the building yields only a total of 49 or 50 stories.", "mentions": {"country": [{"start_char": 121, "end_char": 127, "uri": "http://www.wikidata.org/entity/Q16"}, {"start_char": 482, "end_char": 488, "uri": "http://www.wikidata.org/entity/Q16"}, {"start_char": 482, "end_char": 488, "uri": "http://www.wikidata.org/entity/Q16"}], "architect": [], "owned_by": []}, "mentions_same_attribute_class": {"country": [], "architect": [], "owned_by": []}}