{"id": "Q14875522", "text": "Ic\u00f4ne is a skyscraper complex currently under construction in Montreal, Quebec, Canada designed by the architecture firm B\u00e9\u00efque Legault Thuot. The towers will be located on Ren\u00e9-L\u00e9vesque Boulevard at the corner of De la Montagne Street, near the Bell Centre and facing the Roccabella development. The West Tower will be 39 floors and 146 metres (479 ft) tall, while the East Tower will be 27 floors and 107 metres (351 ft) tall. The promoter of the project is Metropolitan Parking Inc. The West Tower will consist of 358 luxury condos. The East Tower, meanwhile, will be mixed-use, containing office space and rental apartment units.", "mentions": {"country": [{"start_char": 80, "end_char": 86, "uri": "http://www.wikidata.org/entity/Q16"}], "architect": [], "owned_by": []}, "mentions_same_attribute_class": {"country": [], "architect": [], "owned_by": []}}