{"id": "Q14935332", "text": "400 George is a 5 Star Green Star office building in Brisbane, Queensland, Australia. Construction began in 2006 and was completed in November 2009. The building was designed by architects Cox Rayner. The total cost of the building's construction is A$270 million and it provides 43 000 m2 of floor area. Alongside Santos Place and 275 George Street, 400 George forms part of the North Quarter Precinct in Brisbane's CBD. A major feature of this project will be its direct link with the Kurilpa Bridge which extends over the Brisbane River to the Gallery of Modern Art and South Bank cultural precinct. The skyscraper is also located on one of the busiest streets in the CBD, George Street, which forms a majority of the Government Precinct. The building is near central transport links such as the Roma St railway station as well as Brisbane's Busway with access at King George Square and Queen St Mall. The building is also close to major shopping precincts such as Queen Street Mall, Wintergarden and Elizabeth Street all of which feature shopping, restaurants, bars, and nightclubs.", "mentions": {"country": [{"start_char": 75, "end_char": 84, "uri": "http://www.wikidata.org/entity/Q408"}], "architect": [], "owned_by": []}, "mentions_same_attribute_class": {"country": [], "architect": [], "owned_by": []}}