{"id": "Q14935554", "text": "Santos Place is a 6 Star Green Star office building in Brisbane, Queensland, Australia. Construction began in 2007 and was completed in 2009. It was formerly known as Northbridge before major Australian oil and gas exploration production company Santos bought naming rights for the building in January 2009. Santos occupies eight levels.", "mentions": {"country": [{"start_char": 77, "end_char": 86, "uri": "http://www.wikidata.org/entity/Q408"}], "architect": [], "owned_by": []}, "mentions_same_attribute_class": {"country": [], "architect": [], "owned_by": []}}