{"id": "Q1495771", "text": "The Gate to the East, also known as the Gate of the Orient, (simplified Chinese: \u4e1c\u65b9\u4e4b\u95e8; traditional Chinese: \u6771\u65b9\u4e4b\u9580; pinyin: d\u014dng f\u0101ng zh\u012b m\u00e9n) is a $700 Million (USD) skyscraper recently built in Suzhou, Jiangsu, China. It is intended to be a gateway to the city that emphasizes the city's continuing significance in modern China. The building is planned to be built to a height of 301.8 metres (990 ft), and located in the heart of Suzhou's China\u2013Singapore Suzhou Industrial Park (SIP) district. It will be used mainly for transport and commercial purposes. Construction began in 2004 and was completed in 2014.", "mentions": {"country": [{"start_char": 194, "end_char": 200, "uri": "http://www.wikidata.org/entity/Q42622"}, {"start_char": 431, "end_char": 437, "uri": "http://www.wikidata.org/entity/Q42622"}], "architect": [], "owned_by": []}, "mentions_same_attribute_class": {"country": [], "architect": [], "owned_by": []}}