{"id": "Q1495752", "text": "The Gate of Taipei (Chinese: \u53f0\u5317\u96d9\u5b50\u661f\u5927\u6a13; pinyin: T\u00e1ib\u011bi Shu\u0101ngz\u01d0x\u012bng D\u00e0l\u00f3u) is a supertall skyscraper development in Taipei, Taiwan. It includes two skyscrapers, the taller is 322.2 metres (1,057 ft) with 76 floors and the shorter is 243.0 metres (797 ft) with 56 floors. It's near Taipei Station, Shin Kong Life Tower and Taipei Bus Station. When the complex is complete, it will be the 2nd tallest building in Taipei and 3rd tallest in Taiwan after Taipei 101 and Kaohsiung's Tuntex Sky Tower. It is estimated to cost NT$12 billion (US$414 million). The two buildings (C1 and D1) are expected to open in 2016 and 2017, respectively. The basement of building C1 will be the terminus for the Taoyuan International Airport Access MRT System.", "mentions": {"country": [{"start_char": 435, "end_char": 441, "uri": "http://www.wikidata.org/entity/Q865"}], "architect": [], "owned_by": []}, "mentions_same_attribute_class": {"country": [], "architect": [], "owned_by": []}}