{"id": "Q14934749", "text": "ANZ Bank Centre is a Premium Grade commercial office building in Sydney, Australia. The skyscraper measured to the top of its roof is 180m tall (architectural height is 195m). The glass style building was designed by Francis-Jones Morehen Thorp (FJMT), a Sydney-based architectural firm and construction was carried out by Grocon, a Melbourne-based developer. Located at 161 Castlereagh Street, a large pedestrian plaza links Castlereagh Street with Pitt Street. The tower mostly feature commercial use, with the ANZ Bank signing up for naming rights and a large amount of floor space. Retail space will be available at ground level with frontages to both Castlereagh and Pitt Streets. The topping out ceremony, marking the completion of the building's structure, was held on 13 July 2012.Construction of the A$$800 million tower was completed in April 2013. A private penthouse located on two levels, levels 43 and 44, with a rooftop pool and terrace is accessible by a one-stop private lift. Legion House, a heritage listed building located at the site has been redeveloped into unique office accommodation as part of the project.", "mentions": {"country": [{"start_char": 65, "end_char": 82, "uri": "http://www.wikidata.org/entity/Q3130"}], "architect": [], "owned_by": []}, "mentions_same_attribute_class": {"country": [], "architect": [], "owned_by": []}}