{"id": "Q14943579", "text": "The Great Northern Tower designed by Assael Architecture is a 72 metres (236 ft) sloped highrise apartment building located on Watson Street in Manchester city centre, England. The building was proposed in 2001 and construction began in 2004 with completion in 2007. The total cost of the development was \u00a332,800,000 and comprises 257 apartments. The sloped style of the building was designed to complement the curved roof of the adjacent Manchester Central Convention Complex, and create a distinctive silhouette to the Manchester skyline. Clad in glass, metal, and grey tiles, the tower slopes in profile from 10 to 25 storeys, has two levels in the basement and is the sixth tallest building in Manchester.", "mentions": {"country": [{"start_char": 521, "end_char": 531, "uri": "http://www.wikidata.org/entity/Q18125"}, {"start_char": 698, "end_char": 708, "uri": "http://www.wikidata.org/entity/Q18125"}], "architect": [], "owned_by": []}, "mentions_same_attribute_class": {"country": [], "architect": [], "owned_by": []}}