{"id": "Q1499859", "text": "The New York Life Insurance Building, New York, located at 51 Madison Avenue, Manhattan, New York City, across from Madison Square Park, is the headquarters of the New York Life Insurance Company.", "mentions": {"country": [{"start_char": 78, "end_char": 97, "uri": "http://www.wikidata.org/entity/Q11299"}, {"start_char": 78, "end_char": 97, "uri": "http://www.wikidata.org/entity/Q11299"}], "architect": [], "owned_by": []}, "mentions_same_attribute_class": {"country": [], "architect": [], "owned_by": []}}