{"id": "Q1509747", "text": "Tour First (previously known as Tour UAP between 1974-1998, and as Tour AXA between 1998-2007) is an office skyscraper in Courbevoie, in La D\u00e9fense, the business district of the Paris metropolitan area. The tower was built in 1974 by Bouygues for the UAP insurance company. The building was 159 m (522 ft) at that time. Its ground shape was in the form of a three-pointed star whose branches were separated each by a 120\u00b0 angle. This particular shape was chosen to symbolize the merger of the three French insurance companies that were at the origin of UAP. The tower was renamed Tour AXA when UAP was bought by the AXA insurance company in 1996. Large-scale renovation of the tower began in 2007 and was completed in 2011. The exterior appearance of the building was completely changed, with extra height added to the tower. The renovated tower, now known as Tour First, is 225 m (738 ft) at roof height, and 231 m (758 ft) including its spire, with a total floor space of 86,707 m2 (933,310 sq ft). It is currently the tallest skyscraper in France, only surpassed in height by the Eiffel Tower. Another AXA tower exists in New York City, which is 229 m (751 ft) tall; Tour AXA in Montreal, Canada was completed in 1974 and is 104 m (341 ft).", "mentions": {"country": [{"start_char": 122, "end_char": 132, "uri": "http://www.wikidata.org/entity/Q189715"}, {"start_char": 1043, "end_char": 1049, "uri": "http://www.wikidata.org/entity/Q142"}, {"start_char": 122, "end_char": 132, "uri": "http://www.wikidata.org/entity/Q189715"}, {"start_char": 122, "end_char": 132, "uri": "http://www.wikidata.org/entity/Q189715"}, {"start_char": 1043, "end_char": 1049, "uri": "http://www.wikidata.org/entity/Q142"}], "architect": [], "owned_by": [{"start_char": 37, "end_char": 40, "uri": "http://www.wikidata.org/entity/Q160054"}, {"start_char": 251, "end_char": 254, "uri": "http://www.wikidata.org/entity/Q160054"}, {"start_char": 553, "end_char": 556, "uri": "http://www.wikidata.org/entity/Q160054"}, {"start_char": 594, "end_char": 597, "uri": "http://www.wikidata.org/entity/Q160054"}, {"start_char": 616, "end_char": 629, "uri": "http://www.wikidata.org/entity/Q160054"}, {"start_char": 1105, "end_char": 1108, "uri": "http://www.wikidata.org/entity/Q160054"}, {"start_char": 37, "end_char": 40, "uri": "http://www.wikidata.org/entity/Q160054"}, {"start_char": 37, "end_char": 40, "uri": "http://www.wikidata.org/entity/Q160054"}, {"start_char": 594, "end_char": 597, "uri": "http://www.wikidata.org/entity/Q160054"}, {"start_char": 616, "end_char": 629, "uri": "http://www.wikidata.org/entity/Q160054"}, {"start_char": 1105, "end_char": 1108, "uri": "http://www.wikidata.org/entity/Q160054"}]}, "mentions_same_attribute_class": {"country": [], "architect": [], "owned_by": []}}