{"id": "Q1501652", "text": "The General Motors Building is a 50-story, 705 ft (215 m) office tower at 767 Fifth Avenue in Manhattan, New York City. The building, which is bound by Fifth Avenue and Madison Avenue between 59th Street and 58th Street, is one of the few structures in Manhattan to occupy a full city block. With 1,774,000 net leasable square feet, the tower sits on the site of the former Savoy-Plaza Hotel and affords views of Central Park. It was designed in the international style by Edward Durell Stone & Associates with Emery Roth & Sons and completed in 1968. Currently owned by a joint venture of Boston Properties, Zhang Xin, and the Safra banking family, the GM Building remains one of New York's most recognized and expensive office properties. Rents typically exceed $100 per square foot; a 2013 transaction among minority owners valued the building around $3.4 billion.", "mentions": {"country": [{"start_char": 94, "end_char": 113, "uri": "http://www.wikidata.org/entity/Q11299"}, {"start_char": 253, "end_char": 262, "uri": "http://www.wikidata.org/entity/Q11299"}], "architect": [{"start_char": 473, "end_char": 492, "uri": "http://www.wikidata.org/entity/Q3048508"}, {"start_char": 473, "end_char": 492, "uri": "http://www.wikidata.org/entity/Q3048508"}], "owned_by": [{"start_char": 590, "end_char": 607, "uri": "http://www.wikidata.org/entity/Q4844439"}, {"start_char": 590, "end_char": 607, "uri": "http://www.wikidata.org/entity/Q4844439"}, {"start_char": 590, "end_char": 607, "uri": "http://www.wikidata.org/entity/Q4844439"}]}, "mentions_same_attribute_class": {"country": [], "architect": [], "owned_by": []}}