{"id": "Q151765", "text": "Commerzbank Tower is a 56-story, 259 m (850 ft) skyscraper in the Innenstadt district of Frankfurt, Germany. An antenna spire with a signal light on top gives the tower a total height of 300.1 m (985 ft). It is the tallest building in Frankfurt, the tallest building in Germany and the second tallest building in the European Union. It had been the tallest building in Europe from its completion in 1997 until 2003 when it was surpassed by the Triumph-Palace in Moscow. The Commerzbank Tower is only two metres taller than the Messeturm, which is also located in Frankfurt. The Messeturm had been the tallest building in Europe before the construction of the Commerzbank Tower. Commerzbank Tower was designed by Foster & Partners, with Arup and Krebs & Kiefer (structural engineering), J. Roger Preston with P&A Petterson Ahrens (mechanical engineering), Schad & H\u00f6lzel (electrical engineering). Construction of the building began in 1994 and took three years to complete. The building provides 121,000 m2 (1,300,000 sq ft) of office space for the Commerzbank headquarters, including winter gardens and natural lighting and air circulation. The building is lighted at night with a yellow lighting scheme that was designed by Thomas Ende who was allowed to display this sequence as a result of a competition. In its immediate neighbourhood are other skyscrapers including the Eurotower (home of the European Central Bank), the Main Tower, the Silberturm, the Japan Center and the Gallileo, the latter being also owned and used by Commerzbank. The area forms Frankfurt's central business district, commonly known as Bankenviertel.", "mentions": {"country": [{"start_char": 89, "end_char": 98, "uri": "http://www.wikidata.org/entity/Q1794"}, {"start_char": 100, "end_char": 107, "uri": "http://www.wikidata.org/entity/Q183"}, {"start_char": 235, "end_char": 244, "uri": "http://www.wikidata.org/entity/Q1794"}, {"start_char": 563, "end_char": 572, "uri": "http://www.wikidata.org/entity/Q1794"}, {"start_char": 1557, "end_char": 1566, "uri": "http://www.wikidata.org/entity/Q1794"}, {"start_char": 89, "end_char": 98, "uri": "http://www.wikidata.org/entity/Q1794"}, {"start_char": 100, "end_char": 107, "uri": "http://www.wikidata.org/entity/Q183"}, {"start_char": 235, "end_char": 244, "uri": "http://www.wikidata.org/entity/Q1794"}, {"start_char": 563, "end_char": 572, "uri": "http://www.wikidata.org/entity/Q1794"}], "architect": [], "owned_by": [{"start_char": 1048, "end_char": 1059, "uri": "http://www.wikidata.org/entity/Q157617"}, {"start_char": 1529, "end_char": 1540, "uri": "http://www.wikidata.org/entity/Q157617"}]}, "mentions_same_attribute_class": {"country": [], "architect": [], "owned_by": []}}