{"id": "Q1515605", "text": "Renaissance Tower is a 886 ft (270 m), 56-story modernist skyscraper at 1201 Elm Street in downtown Dallas, Texas. The tower is the second tallest in the city, the fifth tallest in Texas, and the 24th tallest in the United States.[citation needed] Renaissance Tower was designed by the architectural firm Hellmuth, Obata and Kassabaum, completed in 1974, and renovated by architects Skidmore, Owings and Merrill in 1986. Major tenants include Neiman Marcus Group, Southwest Securities and Godwin Lewis PC.", "mentions": {"country": [{"start_char": 108, "end_char": 113, "uri": "http://www.wikidata.org/entity/Q1439"}, {"start_char": 181, "end_char": 186, "uri": "http://www.wikidata.org/entity/Q1439"}, {"start_char": 216, "end_char": 229, "uri": "http://www.wikidata.org/entity/Q30"}, {"start_char": 108, "end_char": 113, "uri": "http://www.wikidata.org/entity/Q1439"}], "architect": [], "owned_by": []}, "mentions_same_attribute_class": {"country": [], "architect": [], "owned_by": []}}