{"id": "Q1514587", "text": "The Palazzo /p\u0259\u02c8l\u0251\u02d0tso\u028a/ is a luxury hotel and casino resort situated between Wynn and The Venetian on the Las Vegas Strip in Paradise, Nevada. It is the tallest completed building in Nevada. Designed by the Dallas based HKS, Inc., the hotel offers luxury in a modern European ambiance. The hotel and casino are part of a larger complex (operated as one hotel) comprising the adjoining Venetian Hotel and Casino and the Sands Convention Center, all of which are owned and operated by the Las Vegas Sands Corporation. This all-suite hotel offers the largest standard accommodations on the Las Vegas Strip at 720 square feet (67 m2) per guest room. The hotel complex is named the largest hotel in the world by the Guinness Book of World Records. In its first year of eligibility, The Palazzo was awarded the AAA Five Diamond Award for 2009, and has been awarded the honor every year since. After 2014, The Venetian and The Palazzo no longer receive AAA Diamond awards, as the management has refused further AAA inspections.", "mentions": {"country": [{"start_char": 126, "end_char": 142, "uri": "http://www.wikidata.org/entity/Q23768"}, {"start_char": 184, "end_char": 190, "uri": "http://www.wikidata.org/entity/Q1227"}, {"start_char": 184, "end_char": 190, "uri": "http://www.wikidata.org/entity/Q1227"}], "architect": [{"start_char": 221, "end_char": 230, "uri": "http://www.wikidata.org/entity/Q3123324"}], "owned_by": [{"start_char": 488, "end_char": 515, "uri": "http://www.wikidata.org/entity/Q1506045"}]}, "mentions_same_attribute_class": {"country": [], "architect": [], "owned_by": []}}