{"id": "Q15120372", "text": "Yyldyz Hotel (Turkmen: \u00ddyldyz oteli) is a luxury hotel located in Ashgabat, Turkmenistan. Built in 2013 by Bouygues, it has 155 rooms. It is a 24 story hotel, with a height of 107 meters.", "mentions": {"country": [{"start_char": 66, "end_char": 74, "uri": "http://www.wikidata.org/entity/Q23438"}, {"start_char": 76, "end_char": 88, "uri": "http://www.wikidata.org/entity/Q874"}], "architect": [{"start_char": 107, "end_char": 115, "uri": "http://www.wikidata.org/entity/Q895325"}], "owned_by": []}, "mentions_same_attribute_class": {"country": [], "architect": [], "owned_by": []}}