{"id": "Q1510199", "text": "Heritage Plaza is a skyscraper located in the Skyline District of downtown Houston, Texas. Standing at 762 feet (232 m), the tower is the 5th tallest building in Houston, the 8th tallest in Texas, and the 60th tallest in the United States. The building, designed by Houston-based M. Nasr & Partners P.C., was completed in 1987, and has 53 floors.", "mentions": {"country": [{"start_char": 75, "end_char": 89, "uri": "http://www.wikidata.org/entity/Q16555"}, {"start_char": 162, "end_char": 169, "uri": "http://www.wikidata.org/entity/Q16555"}, {"start_char": 225, "end_char": 238, "uri": "http://www.wikidata.org/entity/Q30"}], "architect": [], "owned_by": []}, "mentions_same_attribute_class": {"country": [], "architect": [], "owned_by": []}}