{"id": "Q15278137", "text": "HBS Towers (Hindi: \u090f\u091a \u092c\u0940 \u090f\u0938 \u091f\u0949\u0935\u094d\u0939\u0930\u094d\u0938) is an upcoming residential project being built by HBS Realtors, Mumbai at Worli, Mumbai. The project has recently won the \u2018World\u2019s Best Residential Renovation/Redevelopment Project\u2019 Award at the International Property Awards 2014 held in Dubai. Part of the HBS Oceanfront Residences brand, HBS Towers is considered the flagship project of HBS Realtors in Mumbai. HBS Towers with its Contemporary Art Deco architecture is set to revive the Art Deco style of architecture in Mumbai. The building has received pre-certification under Indian Green Buildings (IGBC) Green Home Rating. Expected to be one of Mumbai\u2019s tallest buildings, the structure will stand over 650 feet tall. Upon completion, HBS Towers will offer one of the best views in the city with unobstructed ocean and spectacular city views on either side of every apartment.", "mentions": {"country": [], "architect": [], "owned_by": []}, "mentions_same_attribute_class": {"country": [], "architect": [], "owned_by": []}}