{"id": "Q15260284", "text": "The Murano is a residential skyscraper in Center City, Philadelphia, Pennsylvania, United States. Part of a condominium boom occurring in the city, the Murano was announced in 2005 and was developed jointly by Thomas Properties Group and P&A Associates. The building, named after Murano, Italy, was completed in 2008 at a cost of US$165 million. The site, previously occupied by a parking lot, was the location of the Erlanger Theatre from 1927 to 1978. The blue glass and concrete, 43-story, 475 feet (145 m) skyscraper was designed by Solomon Cordwell Buenz and Associates. Murano's condos range between 740 square feet (69 m2) and 2,625 square feet (240 m2) and were designed to be loft-like with each featuring a balcony. The building features ground level retail space and an adjacent parking garage. Located in the West Market Street neighborhood of Center City, a neighborhood that first saw residential development in 2002, the building struggled to fill its units during the late-2000s recession. In July 2009 the Murano's owners held a successful auction on forty of the building's units. Thomas Properties Group lowered the price for the remaining unsold units based on what the forty units went for at the auction.", "mentions": {"country": [{"start_char": 83, "end_char": 96, "uri": "http://www.wikidata.org/entity/Q30"}, {"start_char": 330, "end_char": 332, "uri": "http://www.wikidata.org/entity/Q30"}], "architect": [], "owned_by": []}, "mentions_same_attribute_class": {"country": [], "architect": [], "owned_by": []}}