{"id": "Q1526559", "text": "Hannibal are multi-functional high-rise buildings in the city of Dortmund in the districts Nordstadt and Dorstfeld. Two high-rise building projects were built with the name Hannibal, which were built in the 1970s. In the district Dortmund Innenstadt-Nord (Nordstadt), there was built a 50 meters (164.5 feet) high-rise apartment building. From 1994 to 1999, the building was refurbished by the house owner LEG Northrhine-Westfalia. In the district of Dortmund-Dorstfeld was also built a high-rise apartment building, but higher with 60 meters (196.1 feet). This building is called a problem property, which changed the house owner many times. The owner of today is called L\u00fctticher 49 Properties GmbH, which headquarters are in Berlin, and it's also maybe out of pocket.", "mentions": {"country": [{"start_char": 65, "end_char": 73, "uri": "http://www.wikidata.org/entity/Q1295"}, {"start_char": 230, "end_char": 238, "uri": "http://www.wikidata.org/entity/Q1295"}], "architect": [], "owned_by": []}, "mentions_same_attribute_class": {"country": [], "architect": [], "owned_by": []}}