{"id": "Q15264124", "text": "10 Hudson Yards (also called the South Tower or Tower C) is an office building currently under construction in Manhattan's West Side. Located near Hell's Kitchen, Chelsea and the Penn Station area, the building is a part of the Hudson Yards urban renewal project, a plan to redevelop the Metropolitan Transportation Authority's West Side Yards. Because Coach, Inc. is the anchor tenant, the tower is occasionally informally called the 'Coach Tower'; the name is not used in any official documents.", "mentions": {"country": [], "architect": [], "owned_by": []}, "mentions_same_attribute_class": {"country": [], "architect": [], "owned_by": []}}