{"id": "Q15264301", "text": "15 Hudson Yards is a residential building currently under construction on Manhattan's West Side. Located in Chelsea near Hell's Kitchen Penn Station area, the building is a part of the Hudson Yards project, a plan to redevelop the Metropolitan Transportation Authority's West Side Yards. The tower started construction on December 4, 2014.", "mentions": {"country": [], "architect": [], "owned_by": []}, "mentions_same_attribute_class": {"country": [], "architect": [], "owned_by": []}}