{"id": "Q15264266", "text": "30 Hudson Yards (also the North Tower) is a supertall office building currently under construction in Manhattan's West Side. Located near Hell's Kitchen, Chelsea and the Penn Station area, the building is a part of the Hudson Yards Redevelopment Project, a plan to redevelop the Metropolitan Transportation Authority's West Side Yards.", "mentions": {"country": [], "architect": [], "owned_by": []}, "mentions_same_attribute_class": {"country": [], "architect": [], "owned_by": []}}