{"id": "Q15205456", "text": "Bucharest Corporate Center also known as the Generali Tower is a class A office building in Bucharest. It has 15 floors and a surface of 18,000 m2. The building is owned by the real estate branch of insurance giants Assicurazioni Generali.", "mentions": {"country": [], "architect": [], "owned_by": [{"start_char": 45, "end_char": 53, "uri": "http://www.wikidata.org/entity/Q670482"}, {"start_char": 216, "end_char": 238, "uri": "http://www.wikidata.org/entity/Q670482"}]}, "mentions_same_attribute_class": {"country": [], "architect": [], "owned_by": []}}