{"id": "Q15238865", "text": "Kohinoor square(\u0915\u094b\u0939\u093f\u0928\u0942\u0930 \u0938\u094d\u0915\u094d\u0935\u0947\u0905\u0930 in Marathi) is a 52-story 203-metre (666 ft) semi-twin, mixed-use skyscraper located on the land previously owned by Kohinoor Mills in Shivaji Park, Mumbai, India. It is situated at the junction of LJ Road and Gokhale Road. It is one of the first skyscrapers in India to achieve a LEED (Leadership in Energy and Environmental Design) gold rating for environmental sustainability. The Kohinoor Square complex comprises a main skyscraper and a residential skyscraper which are for mixed use. Houses, hotels, residences and a high-end shopping malls are being constructed by the Kohinoor Group under Kohinoor CTNL Infrastructure Corporation.", "mentions": {"country": [{"start_char": 295, "end_char": 300, "uri": "http://www.wikidata.org/entity/Q668"}, {"start_char": 295, "end_char": 300, "uri": "http://www.wikidata.org/entity/Q668"}], "architect": [], "owned_by": []}, "mentions_same_attribute_class": {"country": [], "architect": [], "owned_by": []}}