{"id": "Q152129", "text": "Carew Tower is a 49-story, 574-foot (175 m) building completed in 1930 in the heart of downtown Cincinnati, Ohio, overlooking the Ohio River waterfront. It is the second-tallest building in the city and was added to the register of National Historic Landmarks on April 19, 1994. It is named for Joseph T. Carew, proprietor of the Mabley & Carew department store chain, which had previously operated on the site since 1877. The complex contains the Hilton Cincinnati Netherland Plaza (formerly Omni Netherland Plaza), which is described as a fine example of French Art Deco architecture, and was used as the model for the Empire State Building in New York City. The hotel's Hall of Mirrors banquet room was inspired by the Hall of Mirrors at the Palace of Versailles. Hilton Cincinnati Netherland Plaza is a member of Historic Hotels of America, the official program of the National Trust for Historic Preservation. The tower remained the city's tallest until the completion of the Great American Tower at Queen City Square on July 13, 2010, rising 86 ft (26 m) higher than Carew Tower, making Cincinnati one of the last major American cities whose tallest building had been constructed prior to World War II.", "mentions": {"country": [{"start_char": 96, "end_char": 112, "uri": "http://www.wikidata.org/entity/Q43196"}, {"start_char": 455, "end_char": 465, "uri": "http://www.wikidata.org/entity/Q43196"}, {"start_char": 774, "end_char": 784, "uri": "http://www.wikidata.org/entity/Q43196"}, {"start_char": 1093, "end_char": 1103, "uri": "http://www.wikidata.org/entity/Q43196"}, {"start_char": 1126, "end_char": 1134, "uri": "http://www.wikidata.org/entity/Q30"}, {"start_char": 96, "end_char": 112, "uri": "http://www.wikidata.org/entity/Q43196"}, {"start_char": 1093, "end_char": 1103, "uri": "http://www.wikidata.org/entity/Q43196"}, {"start_char": 1126, "end_char": 1134, "uri": "http://www.wikidata.org/entity/Q30"}], "architect": [], "owned_by": []}, "mentions_same_attribute_class": {"country": [], "architect": [], "owned_by": []}}