{"id": "Q15247650", "text": "Marina Bay Suites is a condominium located in Marina Bay, Singapore. It is one of six towers of the Marina Bay Financial Centre. It was developed by Keppel Land, Cheung Kong Holdings and Hongkong Land. It stands at 227 metres (745 ft), with 66 floors, making it Singapore's 14th tallest tower. It consists of 108 three-bedroom units (1,572 square feet (146.0 m2) to 1,604 square feet (149.0 m2)), 110 four-bedroom units (2,045 square feet (190.0 m2) to 2,695 square feet (250.4 m2)), and three penthouses (4,682 square feet (435.0 m2) to 8,181 square feet (760.0 m2)). It is expected to be completed on 31 July 2017. In the early pre-dawn hours of 14 January 2014, a fire broke out on the 65th floor's service lift lobby. Two security officers' charred bodies were found in the midst of renovation material. Other residents had evacuated the building and were unharmed.[citation needed]", "mentions": {"country": [{"start_char": 262, "end_char": 271, "uri": "http://www.wikidata.org/entity/Q334"}, {"start_char": 262, "end_char": 271, "uri": "http://www.wikidata.org/entity/Q334"}, {"start_char": 262, "end_char": 271, "uri": "http://www.wikidata.org/entity/Q334"}, {"start_char": 262, "end_char": 271, "uri": "http://www.wikidata.org/entity/Q334"}], "architect": [], "owned_by": []}, "mentions_same_attribute_class": {"country": [], "architect": [], "owned_by": []}}