{"id": "Q15264622", "text": "35 Hudson Yards (also Tower E or Equinox Tower) is a mixed-use building currently approved for construction in Manhattan's West Side and is slated to be composed of apartment units and a hotel. Located near Hell's Kitchen, Chelsea, and the Penn Station area, the building is a part of the Hudson Yards project, a plan to redevelop the Metropolitan Transportation Authority's West Side Yards.", "mentions": {"country": [], "architect": [], "owned_by": []}, "mentions_same_attribute_class": {"country": [], "architect": [], "owned_by": []}}