{"id": "Q15214130", "text": "Discovery Offices (\u0921\u093f\u0938\u094d\u0915\u0935\u0930\u0940 \u0915\u093e\u0930\u094d\u092f\u093e\u0932\u092f\u0947 in Marathi) is a 50-storey, 205-metre-tall (673 ft) office skyscraper located on the land previously owned by Nirmal Lifestyles Mall, which is a shopping mall in Mulund, Mumbai, India and is situated on L.B.S Marg and Mulund-Goregaon Link Road Crossing Square near the Nirmal Lifestyles Mall. It is one of the first supertall buildings in India to achieve a Leadership in Energy and Environmental Design (LEED) Platinum rating for environmental sustainability from Green Building Council. It is a 50-floor skyscraper used for commercial offices and is being built by Nirmal Construction Pvt Ltd. The architect and structural engineering company creating Discovery Offices is the Indian architecture firm Hafeez Contractor. Nirmal Construction Pvt Ltd has made a contract with Discovery Communications to construct one of India's first supertall skyscrapers to achieve a LEED Platinum rating for environmental sustainability. It will become one of the tallest office buildings in India if completed on schedule. The Discovery Offices towers lean in opposite directions (five degrees from center) adjacent. It is the tallest building in Mulund and also the tallest building in Eastern Suburbs under construction and, when completed, it will have a total height of 205 metres (673 ft) and a total floor area of 1,700,000 sq ft (160,000 m2). Construction began on 1 March 2011 and is estimated to finish on 1 March 2015. But as of 2013 it is scheduled to complete on 1 March 2016, a delay caused by local authorities and technical problems. The total cost of The Discovery Offices towers is estimated at around \u20b910 billion (US$150 million).", "mentions": {"country": [{"start_char": 216, "end_char": 221, "uri": "http://www.wikidata.org/entity/Q668"}, {"start_char": 377, "end_char": 382, "uri": "http://www.wikidata.org/entity/Q668"}, {"start_char": 859, "end_char": 864, "uri": "http://www.wikidata.org/entity/Q668"}, {"start_char": 1017, "end_char": 1022, "uri": "http://www.wikidata.org/entity/Q668"}, {"start_char": 377, "end_char": 382, "uri": "http://www.wikidata.org/entity/Q668"}, {"start_char": 1017, "end_char": 1022, "uri": "http://www.wikidata.org/entity/Q668"}], "architect": [{"start_char": 742, "end_char": 759, "uri": "http://www.wikidata.org/entity/Q5638312"}], "owned_by": []}, "mentions_same_attribute_class": {"country": [], "architect": [], "owned_by": []}}