{"id": "Q15228740", "text": "The InterContinental Miami is a hotel in Downtown Miami, Florida, United States. It belongs to the InterContinental Hotels chain. Located on Biscayne Bay, the hotel is in the form of a 35-story tower on the eastern edge of downtown in Bayfront Park. The address is 100 Chopin Plaza. The building is 122 m (366 ft) tall, has 35 stories, and was built in 1982. There are 641 guest rooms. Before the hotel was owned by InterContinental, it was known as Pavion Hotel. Built in 1982 by famed architect Pietro Belluschi. The hotel's exterior, porte cochere and lobby were redesigned by architect Thomas Roszak, of Lohan Anderson + Roszak in 2012.", "mentions": {"country": [{"start_char": 66, "end_char": 79, "uri": "http://www.wikidata.org/entity/Q30"}], "architect": [], "owned_by": []}, "mentions_same_attribute_class": {"country": [], "architect": [], "owned_by": []}}