{"id": "Q1535845", "text": "The Riviera (colloquially, \"the Riv\") is a closed hotel and casino on the Las Vegas Strip in Winchester, Nevada, which operated from April 1955 to May 2015. It is owned by the Las Vegas Convention and Visitors Authority, which plans to demolish it to make way for convention and meeting facilities. The hotel had over 2,100 rooms, less than half of which are located in a 23-story tower. The casino had 110,000 sq ft (10,000 m2) of gaming space.", "mentions": {"country": [], "architect": [], "owned_by": []}, "mentions_same_attribute_class": {"country": [], "architect": [], "owned_by": []}}