{"id": "Q1542408", "text": "The Costanera Center Torre 2, better known as Gran Torre Santiago (Great Santiago Tower), and previously known as Torre Gran Costanera, is a 64-story tall skyscraper in Santiago, Chile, the tallest in Latin America. It is the second-tallest building by highest architectural feature (behind Q1 in Australia) and by highest occupied floor (after Australia's Eureka Tower) in the Southern Hemisphere. It was designed by Argentine architect C\u00e9sar Pelli.", "mentions": {"country": [{"start_char": 73, "end_char": 81, "uri": "http://www.wikidata.org/entity/Q2887"}, {"start_char": 169, "end_char": 184, "uri": "http://www.wikidata.org/entity/Q2887"}, {"start_char": 73, "end_char": 81, "uri": "http://www.wikidata.org/entity/Q2887"}, {"start_char": 169, "end_char": 184, "uri": "http://www.wikidata.org/entity/Q2887"}, {"start_char": 73, "end_char": 81, "uri": "http://www.wikidata.org/entity/Q2887"}, {"start_char": 169, "end_char": 184, "uri": "http://www.wikidata.org/entity/Q2887"}], "architect": [], "owned_by": []}, "mentions_same_attribute_class": {"country": [], "architect": [], "owned_by": []}}