{"id": "Q15477116", "text": "The HNA Building (S: \u6d77\u822a\u5927\u53a6 P: H\u01ceih\u00e1ng D\u00e0sh\u00e0), also known as the New Haihang Building or Xin Haihang Dasha, is the headquarters for Hainan Airlines and the HNA Group. It is located on Guoxing Avenue, Haikou, Hainan, China.", "mentions": {"country": [{"start_char": 198, "end_char": 204, "uri": "http://www.wikidata.org/entity/Q189823"}, {"start_char": 214, "end_char": 219, "uri": "http://www.wikidata.org/entity/Q148"}, {"start_char": 198, "end_char": 204, "uri": "http://www.wikidata.org/entity/Q189823"}, {"start_char": 214, "end_char": 219, "uri": "http://www.wikidata.org/entity/Q148"}], "architect": [], "owned_by": [{"start_char": 130, "end_char": 145, "uri": "http://www.wikidata.org/entity/Q292428"}, {"start_char": 154, "end_char": 163, "uri": "http://www.wikidata.org/entity/Q292428"}]}, "mentions_same_attribute_class": {"country": [], "architect": [], "owned_by": []}}