{"id": "Q1558596", "text": "The Wharf Times Square (Chinese: \u65e0\u9521\u4e5d\u9f99\u4ed3\u9879\u76eeA\u5854; Chinese: \u7121\u932b\u4e5d\u9f8d\u5009\u9805\u76eeA\u5854) is a late-modernist supertall skyscraper in Wuxi, China. The mixed-use tower has a height of 339 metres (1,112 ft) and contain 68 floors. Construction of the 280,000 square metres (3,014,000 sq ft)-glass and steel-building was completed in 2014.", "mentions": {"country": [{"start_char": 108, "end_char": 112, "uri": "http://www.wikidata.org/entity/Q42651"}], "architect": [], "owned_by": []}, "mentions_same_attribute_class": {"country": [], "architect": [], "owned_by": []}}