{"id": "Q1552767", "text": "Fortune Center is a supertall skyscraper in Guangzhou, Guangdong, China. It is 309 metres (1,013.8 ft) tall. Construction started in 2011 and was completed in 2015.", "mentions": {"country": [{"start_char": 44, "end_char": 53, "uri": "http://www.wikidata.org/entity/Q16572"}, {"start_char": 66, "end_char": 71, "uri": "http://www.wikidata.org/entity/Q148"}], "architect": [], "owned_by": []}, "mentions_same_attribute_class": {"country": [], "architect": [], "owned_by": []}}