{"id": "Q1567534", "text": "Trump International Hotel and Tower, Toronto is a mixed-use skyscraper in Toronto, Ontario, Canada. It was built by Markham-based Talon International Development Inc., which is owned by Val Levitan and Canadian businessman Alex Shnaider. It is named for real estate developer Donald Trump, a minority shareholder in the project. The tower is located in the Financial District, at 311 Bay Street, on the southeast corner of Bay and Adelaide. Construction began with the removal of the sales centre in September 2007, but the official groundbreaking was Friday, October 12, 2007. The planned completion date for the hotel portion of the tower was fall 2011, with the official completion of the tower projected to be in early 2012. The building topped out in early September 2011, and the spire was raised on September 24, 2011. Trump tower is the second tallest skyscraper in Canada (including spire), the tallest mixed use building in the city and fourth tallest structure in the city. The hotel opened for business on January 31, 2012, and its grand opening occurred on April 16, 2012. Work on the top of the building continued until completion in July 2012 with the activation of two high intensity aircraft warning lights.", "mentions": {"country": [{"start_char": 37, "end_char": 44, "uri": "http://www.wikidata.org/entity/Q172"}, {"start_char": 92, "end_char": 98, "uri": "http://www.wikidata.org/entity/Q16"}, {"start_char": 874, "end_char": 880, "uri": "http://www.wikidata.org/entity/Q16"}], "architect": [], "owned_by": []}, "mentions_same_attribute_class": {"country": [], "architect": [], "owned_by": []}}