{"id": "Q156198", "text": "The MesseTurm (English: Trade Fair Tower) is a 63-storey, 257 m (843 ft) skyscraper in the Westend-S\u00fcd district of Frankfurt, Germany. It is the second tallest building in Frankfurt, the second tallest building in Germany and the third tallest building in the European Union. It was the tallest building in Europe from its completion in 1991 until 1997 when it was surpassed by the Commerzbank Tower, which is also located in Frankfurt. The Messeturm is located near the Frankfurt Trade Fair grounds. Helmut Jahn designed the Messeturm in a postmodern architectural style. Despite its name, the Messeturm is not used for trade fair exhibitions but as an office building.", "mentions": {"country": [{"start_char": 115, "end_char": 124, "uri": "http://www.wikidata.org/entity/Q1794"}, {"start_char": 172, "end_char": 181, "uri": "http://www.wikidata.org/entity/Q1794"}, {"start_char": 426, "end_char": 435, "uri": "http://www.wikidata.org/entity/Q1794"}, {"start_char": 115, "end_char": 124, "uri": "http://www.wikidata.org/entity/Q1794"}, {"start_char": 172, "end_char": 181, "uri": "http://www.wikidata.org/entity/Q1794"}, {"start_char": 426, "end_char": 435, "uri": "http://www.wikidata.org/entity/Q1794"}], "architect": [{"start_char": 501, "end_char": 512, "uri": "http://www.wikidata.org/entity/Q77311"}, {"start_char": 501, "end_char": 512, "uri": "http://www.wikidata.org/entity/Q77311"}], "owned_by": []}, "mentions_same_attribute_class": {"country": [], "architect": [], "owned_by": []}}