{"id": "Q15781036", "text": "220 Central Park South is a residential skyscraper currently under construction, being developed by Vornado. It is located in Midtown Manhattan, New York City, and is being designed by American architect Robert A. M. Stern. The tower will be located along Central Park South, West of 432 Park Avenue. 220 Central Park South will have 65 floors, and will include 150 units. Completion is expected in 2016-17. When completed, the tower will be the tenth tallest building in New York City, slightly shorter than Four World Trade Center.", "mentions": {"country": [{"start_char": 145, "end_char": 158, "uri": "http://www.wikidata.org/entity/Q60"}, {"start_char": 185, "end_char": 193, "uri": "http://www.wikidata.org/entity/Q30"}, {"start_char": 472, "end_char": 485, "uri": "http://www.wikidata.org/entity/Q60"}, {"start_char": 145, "end_char": 158, "uri": "http://www.wikidata.org/entity/Q60"}, {"start_char": 185, "end_char": 193, "uri": "http://www.wikidata.org/entity/Q30"}], "architect": [], "owned_by": [{"start_char": 100, "end_char": 107, "uri": "http://www.wikidata.org/entity/Q368181"}]}, "mentions_same_attribute_class": {"country": [], "architect": [], "owned_by": []}}