{"id": "Q15707433", "text": "Al Bahr Towers is a development in the emirate of Abu Dhabi consisting of two 29-storey, 145m\u2013high towers. It is located at the intersection of Al Saada and Al Salam Street in Abu Dhabi City, the capital of the United Arab Emirates, at the eastern entrance. One tower houses the new headquarters of the Abu Dhabi Investment Council (ADIC), an investment arm of the Government of Abu Dhabi. The other serves as the head office of Al Hilal Bank, a progressive and innovative Islamic Bank.", "mentions": {"country": [{"start_char": 39, "end_char": 46, "uri": "http://www.wikidata.org/entity/Q878"}, {"start_char": 211, "end_char": 231, "uri": "http://www.wikidata.org/entity/Q878"}, {"start_char": 211, "end_char": 231, "uri": "http://www.wikidata.org/entity/Q878"}], "architect": [], "owned_by": []}, "mentions_same_attribute_class": {"country": [], "architect": [], "owned_by": []}}