{"id": "Q15719427", "text": "Navana Tower is a high-rise located in Dhaka, Bangladesh. It is located in Gulshan, one the central business districts of the metropolis. It rises up to a height of 74 metres #243 ft) and has 23 floors. Navanaa Tower is the tenth tallest high-rise in Dhaka.", "mentions": {"country": [{"start_char": 46, "end_char": 56, "uri": "http://www.wikidata.org/entity/Q902"}], "architect": [], "owned_by": []}, "mentions_same_attribute_class": {"country": [], "architect": [], "owned_by": []}}