{"id": "Q15811586", "text": "Gemdale Gangxia Tower 1 is a supertall skyscraper under construction in Shenzhen, Guangdong, China. It will have a height of 375.5 metres (1,232 ft). Construction began in 2012 and is expected to end in 2018.", "mentions": {"country": [{"start_char": 72, "end_char": 80, "uri": "http://www.wikidata.org/entity/Q15174"}, {"start_char": 93, "end_char": 98, "uri": "http://www.wikidata.org/entity/Q148"}], "architect": [], "owned_by": []}, "mentions_same_attribute_class": {"country": [], "architect": [], "owned_by": []}}