{"id": "Q1582716", "text": "Water Tower Place is a large urban, mixed-use development comprising a 758,000 sq ft (70,400 m2) shopping mall and 74 story skyscraper in Chicago, Illinois, United States. The mall is located at 835 North Michigan Avenue, along the Magnificent Mile. It is named after the nearby Chicago Water Tower. It is owned by General Growth Properties.", "mentions": {"country": [{"start_char": 157, "end_char": 170, "uri": "http://www.wikidata.org/entity/Q30"}, {"start_char": 157, "end_char": 170, "uri": "http://www.wikidata.org/entity/Q30"}], "architect": [], "owned_by": [{"start_char": 315, "end_char": 340, "uri": "http://www.wikidata.org/entity/Q3100500"}, {"start_char": 315, "end_char": 340, "uri": "http://www.wikidata.org/entity/Q3100500"}, {"start_char": 315, "end_char": 340, "uri": "http://www.wikidata.org/entity/Q3100500"}]}, "mentions_same_attribute_class": {"country": [], "architect": [], "owned_by": []}}