{"id": "Q1584276", "text": "Alor Setar Tower (Malay: Menara Alor Setar) is a 165.5 m (543 ft) telecommunication tower in Alor Setar, Kedah, Malaysia. Apart from serving the role of a telecommunication tower, it also caters as a tourist destination for the town. The tower also houses some restaurants and a souvenir shop. The tower is an observatory tower to look for the crescent moon to mark the beginning of Muslim months such as Ramadhan, Shawwal, and Zulhijjah, to celebrate Ramadhan, Hari Raya Aidilfitri and Hari Raya Aidiladha, respectively. The observation deck is at a height of 88 m (289 ft) from the base of the structure.", "mentions": {"country": [], "architect": [], "owned_by": []}, "mentions_same_attribute_class": {"country": [], "architect": [], "owned_by": []}}