{"id": "Q1584356", "text": "1322 Golden Empire Tower (formerly known as 1322 Roxas Boulevard) is a 57-storey residential skyscraper in Manila, Philippines. It is owned by Moldex Land, Inc., part of the Moldex Group of Companies. Standing at 203 meters (666 feet), it is the tallest building in the City of Manila, and is the 12th-tallest building in the country and Metro Manila as well. The building has 55 floors above ground, and 2 basement levels for parking.", "mentions": {"country": [{"start_char": 115, "end_char": 126, "uri": "http://www.wikidata.org/entity/Q928"}], "architect": [], "owned_by": []}, "mentions_same_attribute_class": {"country": [], "architect": [], "owned_by": []}}