{"id": "Q1580807", "text": "Times Square Tower is a 47-story, 726-foot (221 m) office tower located at 7 Times Square in Manhattan, New York City, standing at West 41st Street. Started in 2002 and completed in 2004, the tower contains Class A office space. Some of the most prominent features of the Times Square Tower are its billboards, several of which hang on the building's fa\u00e7ade. Most of the large signs are found near the base, but one 4-story sign is found above the middle of the building. Towards the end of 2011, an electronic billboard replaced the static billboard towards the top of the tower. The building is also known for the zig-zag patterns on its exterior. Originally, this building's tenant was planned to be Arthur Andersen. The firm signed a lease in October 2000, but then backed out in 2002 after the Enron scandal.", "mentions": {"country": [{"start_char": 93, "end_char": 112, "uri": "http://www.wikidata.org/entity/Q11299"}], "architect": [], "owned_by": []}, "mentions_same_attribute_class": {"country": [], "architect": [], "owned_by": []}}