{"id": "Q1585008", "text": "The Hard Rock Hotel and Casino in Paradise, Nevada, is an entertainment resort owned and operated by Brookfield Asset Management and Warner Gaming, LLC.. The property is located on 16.7 acres (6.8 ha) on the corner of Harmon and Paradise Road, inside the Paradise Corridor. Features of the property include the hotel tower, a 30,000-square-foot (2,800 m2) casino, Tahitian-style beach and swimming pool, a nightclub, six restaurants, three cocktail lounges, several retail stores, a spa, a poker room, and \"The Joint\", a music venue. Hard Rock earns only about 30% of its revenue from gaming.[citation needed]", "mentions": {"country": [], "architect": [], "owned_by": []}, "mentions_same_attribute_class": {"country": [], "architect": [], "owned_by": []}}