{"id": "Q1603308", "text": "The Helmsley Building is a 35-story building located at 230 Park Avenue between East 45th and East 46th Streets in Midtown Manhattan, New York City, which was built in 1929 as the New York Central Building, and was designed by Warren & Wetmore, the architects of Grand Central Terminal, in the Beaux-Arts style. Before the erection of the Pan Am Building \u2013 now the MetLife Building \u2013 this building stood out over the city's second most prestigious avenue as the tallest structure in the great \"Terminal City\" complex around Grand Central. Traffic exits and enters the Park Avenue Viaduct through the building, through two portals, one for uptown traffic and one for downtown. They connect to Park Avenue proper at East 46th Street. The building was designated a New York City Landmark in 1987.", "mentions": {"country": [], "architect": [], "owned_by": []}, "mentions_same_attribute_class": {"country": [], "architect": [], "owned_by": []}}