{"id": "Q1608810", "text": "The Morgan Stanley Building at 1585 Broadway is the headquarters of Morgan Stanley, on the west side of Broadway, north of Duffy Square in the Times Square neighborhood of midtown Manhattan, New York City.", "mentions": {"country": [{"start_char": 180, "end_char": 199, "uri": "http://www.wikidata.org/entity/Q11299"}, {"start_char": 180, "end_char": 199, "uri": "http://www.wikidata.org/entity/Q11299"}, {"start_char": 180, "end_char": 199, "uri": "http://www.wikidata.org/entity/Q11299"}, {"start_char": 180, "end_char": 199, "uri": "http://www.wikidata.org/entity/Q11299"}], "architect": [], "owned_by": [{"start_char": 68, "end_char": 82, "uri": "http://www.wikidata.org/entity/Q334204"}, {"start_char": 68, "end_char": 82, "uri": "http://www.wikidata.org/entity/Q334204"}, {"start_char": 68, "end_char": 82, "uri": "http://www.wikidata.org/entity/Q334204"}, {"start_char": 68, "end_char": 82, "uri": "http://www.wikidata.org/entity/Q334204"}]}, "mentions_same_attribute_class": {"country": [], "architect": [], "owned_by": []}}