{"id": "Q1613853", "text": "The Heron Tower (officially 110 Bishopsgate) is a commercial skyscraper in London. It stands 230 metres (755 ft) tall including its 28-metre (92 ft) mast (202 metres (663 ft) excluding the mast) making it the tallest building in the City of London financial district and the third tallest in Greater London and the United Kingdom, after the Shard in Southwark and One Canada Square at Canary Wharf. The Heron Tower is located on Bishopsgate and is bordered by Camomile Street, Outwich Street and Houndsditch. Construction of the building started in 2007 and was completed in 2011. It is owned by Heron International and is generally known as the Heron Tower, though following a naming dispute in 2014 involving the tenant Salesforce.com the City of London ruled in favour of the property being officially named 110 Bishopsgate. The tower initially struggled to attract tenants in the depths of the Great Recession, but is now fully let.", "mentions": {"country": [{"start_char": 241, "end_char": 247, "uri": "http://www.wikidata.org/entity/Q23311"}, {"start_char": 315, "end_char": 329, "uri": "http://www.wikidata.org/entity/Q145"}, {"start_char": 749, "end_char": 755, "uri": "http://www.wikidata.org/entity/Q23311"}, {"start_char": 241, "end_char": 247, "uri": "http://www.wikidata.org/entity/Q23311"}, {"start_char": 315, "end_char": 329, "uri": "http://www.wikidata.org/entity/Q145"}, {"start_char": 749, "end_char": 755, "uri": "http://www.wikidata.org/entity/Q23311"}, {"start_char": 749, "end_char": 755, "uri": "http://www.wikidata.org/entity/Q23311"}, {"start_char": 749, "end_char": 755, "uri": "http://www.wikidata.org/entity/Q23311"}], "architect": [], "owned_by": []}, "mentions_same_attribute_class": {"country": [], "architect": [], "owned_by": []}}