{"id": "Q16148159", "text": "Altoria (also known as Aimia Tower) is a 35-storey mixed-use skyscraper in Montreal, Quebec, Canada. The first ten floors will be home to office space while the remaining 25 floors will consist of 152 condos. The office component is anchored by Aimia and is known as the Aimia Tower. The tower is located right next to Complexe Maisonneuve, the Tour de la Bourse and Square-Victoria-OACI Metro Station. The project's promoter is Kevric Corporation. Construction work started in 2011 and was completed in 2014.", "mentions": {"country": [{"start_char": 93, "end_char": 99, "uri": "http://www.wikidata.org/entity/Q16"}], "architect": [], "owned_by": []}, "mentions_same_attribute_class": {"country": [], "architect": [], "owned_by": []}}