{"id": "Q16149279", "text": "100 Montgomery Street also known as the Equitable Life Building is an office tower located in the financial district of San Francisco, California. The 354-foot (108 m), 25-floor tower was completed in 1955 and served as headquarters to the Equitable Life Insurance Company. Designed by William Peugh, 100 Montgomery Street is one of the first post-World War II office buildings in San Francisco, distinguished by classical white marble facade against aluminum art-deco window framing. It was purchased by Sterling American Property Inc. and Hines Real Estate Investment Trust in January 2006 for US$67.5 million from Equities Office Properties Trust. Hines sold the building to Equity Office, an affiliate of The Blackstone Group LP, for US$165 million in October 2012.", "mentions": {"country": [{"start_char": 514, "end_char": 522, "uri": "http://www.wikidata.org/entity/Q30"}, {"start_char": 596, "end_char": 598, "uri": "http://www.wikidata.org/entity/Q30"}, {"start_char": 738, "end_char": 740, "uri": "http://www.wikidata.org/entity/Q30"}, {"start_char": 514, "end_char": 522, "uri": "http://www.wikidata.org/entity/Q30"}], "architect": [], "owned_by": [{"start_char": 678, "end_char": 691, "uri": "http://www.wikidata.org/entity/Q1347873"}]}, "mentions_same_attribute_class": {"country": [], "architect": [], "owned_by": []}}