{"id": "Q1614219", "text": "The Vision Tower is a 60-floor tower in the Business Bay in Dubai, United Arab Emirates. The tower has a total structural height of 260 m (853 ft). Construction of the Vision Tower was completed in 2011.", "mentions": {"country": [{"start_char": 60, "end_char": 65, "uri": "http://www.wikidata.org/entity/Q613"}, {"start_char": 67, "end_char": 87, "uri": "http://www.wikidata.org/entity/Q878"}], "architect": [], "owned_by": []}, "mentions_same_attribute_class": {"country": [], "architect": [], "owned_by": []}}