{"id": "Q1623326", "text": "The Hoftoren ([\u02c8\u0266\u0254fto\u02d0r\u0259(n)], Court Tower), nicknamed De Vulpen ([d\u0259 \u02c8v\u0275lp\u025bn], The Fountain Pen) is a 29-storey, 141.86 m (465.4 ft) high building in The Hague, Netherlands. It is the third tallest building in the city, and the eighth tallest in the country. The Hoftoren was designed by Kohn Pedersen Fox Associates (KPF) in New York City, and built by Heijmans Bouw BV, and is home to the Ministry of Education, Culture and Science and the Ministry of Health, Welfare and Sport (Netherlands) (the latter having taken up temporary residence in the Hoftoren in 2012) of The Netherlands.", "mentions": {"country": [{"start_char": 150, "end_char": 159, "uri": "http://www.wikidata.org/entity/Q36600"}, {"start_char": 161, "end_char": 172, "uri": "http://www.wikidata.org/entity/Q55"}, {"start_char": 481, "end_char": 492, "uri": "http://www.wikidata.org/entity/Q55"}, {"start_char": 570, "end_char": 585, "uri": "http://www.wikidata.org/entity/Q55"}], "architect": [{"start_char": 288, "end_char": 316, "uri": "http://www.wikidata.org/entity/Q212487"}, {"start_char": 318, "end_char": 321, "uri": "http://www.wikidata.org/entity/Q212487"}], "owned_by": []}, "mentions_same_attribute_class": {"country": [], "architect": [], "owned_by": []}}