{"id": "Q16250343", "text": "Akhmat Tower is a supertall skyscraper proposed in Grozny, Russia. The tower is planned to have a height of 400 meters, and consist of 80 floors.The tower is heavily influenced by Nakh architecture - it is modeled after the military towers. The tower will incorporate offices, apartments, parking, a museum, and public space.", "mentions": {"country": [{"start_char": 59, "end_char": 65, "uri": "http://www.wikidata.org/entity/Q159"}], "architect": [], "owned_by": []}, "mentions_same_attribute_class": {"country": [], "architect": [], "owned_by": []}}