{"id": "Q16259176", "text": "Global Harbor (Chinese: \u73af\u7403\u6e2f) is a large shopping mall in Shanghai, China. It opened on 5 July 2013. The mall is located at 3553 North Zhongshan Road, near Jinshajiang Road, in the Putuo District of Shanghai. It is attached to Jinshajiang Road Station (on Shanghai Metro Line 3, Line 4, and Line 13) via an underground entrance. It has a floor area of 480,000 square meters. The shops are located on six levels (two of then basement levels), with an underground parking level below. Twin skyscrapers rise above the mall, which can be seen through the glass roof. In the evening they are lit with computer-controlled animated multi-coloured lighting on the surface of the outer walls. East China Normal University is located close to the Global Harbor mall to the southwest. Beyond that southwest is Changfeng Park.", "mentions": {"country": [], "architect": [], "owned_by": []}, "mentions_same_attribute_class": {"country": [], "architect": [], "owned_by": []}}