{"id": "Q16250808", "text": "Green View Tower is a skyscraper in Tijuana, Mexico and has become a prominent fixture in the city. It is located within the central business district of Tijuana, the Zona Rio. It is composed of only 58 upscale condos. It features its own mall, plus a penthouse. It was designed by Julio Gaeta and Luby Springall of Gaeta Springall Arquitectos", "mentions": {"country": [], "architect": [], "owned_by": []}, "mentions_same_attribute_class": {"country": [], "architect": [], "owned_by": []}}