{"id": "Q1621350", "text": "The NEC Super Tower (NEC\u30b9\u30fc\u30d1\u30fc\u30bf\u30ef\u30fc NEC S\u016bp\u0101taw\u0101), headquarters of NEC Corporation, is a 180 metre (590 foot) tall skyscraper in Minato, Tokyo, Japan. It was completed in 1990 and was designed by Nikken Sekkei. Its primary use is as a commercial office space. 43 stories high and five underground, it was constructed at a cost of some 60 billion yen, according to Nikkei Business, January 5, 2007 edition.", "mentions": {"country": [{"start_char": 125, "end_char": 138, "uri": "http://www.wikidata.org/entity/Q190088"}, {"start_char": 140, "end_char": 145, "uri": "http://www.wikidata.org/entity/Q17"}], "architect": [{"start_char": 192, "end_char": 205, "uri": "http://www.wikidata.org/entity/Q2804130"}, {"start_char": 192, "end_char": 205, "uri": "http://www.wikidata.org/entity/Q2804130"}], "owned_by": []}, "mentions_same_attribute_class": {"country": [], "architect": [], "owned_by": []}}