{"id": "Q16251456", "text": "The APA Building was the tallest building in Australia at the time of its construction in 1889, and was later reputed to have been one of the world's tallest at the time. Located at 49 Elizabeth Street, on the corner of Flinders Lane in Melbourne, it was notable for its very vertical proportionals, enhanced by the spires and gables of the Queen Anne architectural style top floors.", "mentions": {"country": [], "architect": [], "owned_by": []}, "mentions_same_attribute_class": {"country": [], "architect": [], "owned_by": []}}