{"id": "Q1626937", "text": "K11 is a 61-floor skyscraper and shopping mall, completed in 2002, located near Huaihai Park in the former Luwan District of Shanghai. It is 278 meters high and was built by Bregman and Hamann Architects. It overlooks the People's Square across the Yan'an Elevated Road. Formerly called the Hong Kong New World Tower (Chinese: \u9999\u6e2f\u65b0\u4e16\u754c\u5927\u53a6), the building was reopened on May 28, 2013 as K11.", "mentions": {"country": [{"start_char": 125, "end_char": 133, "uri": "http://www.wikidata.org/entity/Q8686"}], "architect": [], "owned_by": []}, "mentions_same_attribute_class": {"country": [], "architect": [], "owned_by": []}}