{"id": "Q1628633", "text": "The IEC Tower is a skyscraper located in Haifa, Israel. At 130 meters in height and at 30 floors is the second tallest building in the city and the thirteenth tallest in Israel. Completed in 2003, the IEC Tower was designed by Rozov-Hirsch Architects and Mansfeld Kehat Architects and is the tallest building in Israel to serve only one company, the Israel Electric Corporation who moved their headquarters here from Tel Aviv. It is also Haifa's tallest office building. The tower is located near the MATAM business park which is outside of the CBD of Haifa, and in terms of roof height is actually Haifa's tallest tower, overtaking the Sail Tower.", "mentions": {"country": [{"start_char": 41, "end_char": 46, "uri": "http://www.wikidata.org/entity/Q41621"}, {"start_char": 48, "end_char": 54, "uri": "http://www.wikidata.org/entity/Q801"}, {"start_char": 170, "end_char": 176, "uri": "http://www.wikidata.org/entity/Q801"}, {"start_char": 312, "end_char": 318, "uri": "http://www.wikidata.org/entity/Q801"}, {"start_char": 438, "end_char": 443, "uri": "http://www.wikidata.org/entity/Q41621"}, {"start_char": 552, "end_char": 557, "uri": "http://www.wikidata.org/entity/Q41621"}, {"start_char": 599, "end_char": 604, "uri": "http://www.wikidata.org/entity/Q41621"}, {"start_char": 438, "end_char": 443, "uri": "http://www.wikidata.org/entity/Q41621"}], "architect": [], "owned_by": []}, "mentions_same_attribute_class": {"country": [], "architect": [], "owned_by": []}}