{"id": "Q1633806", "text": "Hudson's Bay Centre is an office and retail complex in Toronto, Ontario, Canada. It is located in downtown Toronto at the intersection of Yonge Street and Bloor Street at the east end of the Mink Mile. Brookfield Properties owns and operates the centre. The centre is composed of an 35-storey office tower, a Hudson's Bay department store and a retail concourse.", "mentions": {"country": [{"start_char": 64, "end_char": 71, "uri": "http://www.wikidata.org/entity/Q1904"}, {"start_char": 73, "end_char": 79, "uri": "http://www.wikidata.org/entity/Q16"}], "architect": [], "owned_by": []}, "mentions_same_attribute_class": {"country": [], "architect": [], "owned_by": []}}