{"id": "Q1639792", "text": "Hyatt Center is an American office tower in Chicago completed in 2005. The 48-story skyscraper stands at 679 feet (207 m) on 71 South Wacker Drive. It is owned by the Irvine Company. Pei Cobb Freed & Partners' striking elliptical steel and glass design is reminiscent of Tour EDF, a skyscraper in Paris, France designed by the same firm. The 1,765,000 square foot (164,000 m\u00b2) building contains 65,000 cubic yards (50,000 m\u00b3) of concrete and 12,000 tons of structural steel. It took about 2,700 truckloads to excavate the building's foundation, and 1,300,000 man hours over nearly two years to finish. Twenty-eight high speed elevators serve Hyatt Center. The building features extensive landscape design by Chicago's Hoerr Schaudt Landscape Architects, both inside and outside, from bamboo groves, complete with fountains, lining the modern lobby to lush green grass in raised curved stone planters on the building's south side. The Hyatt Center also contains art panels by Keith Tyson and a trompe l'oeil mural by Ricci Albenda. The anchor tenant of the building is Mayer Brown LLP, which occupies floors 32,33, 36-43, and shares the floor 2 cafe with a few of the other tenants.", "mentions": {"country": [{"start_char": 19, "end_char": 27, "uri": "http://www.wikidata.org/entity/Q30"}, {"start_char": 44, "end_char": 51, "uri": "http://www.wikidata.org/entity/Q1297"}, {"start_char": 708, "end_char": 715, "uri": "http://www.wikidata.org/entity/Q1297"}], "architect": [], "owned_by": [{"start_char": 167, "end_char": 181, "uri": "http://www.wikidata.org/entity/Q6074318"}, {"start_char": 167, "end_char": 181, "uri": "http://www.wikidata.org/entity/Q6074318"}, {"start_char": 167, "end_char": 181, "uri": "http://www.wikidata.org/entity/Q6074318"}]}, "mentions_same_attribute_class": {"country": [], "architect": [], "owned_by": []}}