{"id": "Q16318627", "text": "Abenobashi Terminal Building (\u963f\u90e8\u91ce\u6a4b\u30bf\u30fc\u30df\u30ca\u30eb\u30d3\u30eb) is a multi-purpose commercial facility in Abenosuji Itchome, Abeno-ku, Osaka, Japan. It consists of the New Annex (\u65b0\u9928) (main tenants: Osaka Abenobashi Station, Abeno Harukas Kintetsu Main Store Wing Building), Eastern Annex (\u6771\u9928) (Tennoji Miyako Hotel), and a 300 m (984 ft) tall skyscraper Abeno Harukas (\u3042\u3079\u306e\u30cf\u30eb\u30ab\u30b9). The reconstruction began in January 2010, and opened on March 7, 2014. The building is 300 meters tall and has 62 floors, making it the tallest building in Osaka, as well as the tallest building in Japan. It is the planned alternative station building of \u014csaka Abenobashi Station, the terminal of Kintetsu Minami-Osaka Line. Its floor space is around 100,000 square meters, making it the biggest department store in Japan. It contains the new Main Store of Kintetsu Department Store, Marriott International hotel, and new headquarters office of Sharp Corporation.", "mentions": {"country": [{"start_char": 104, "end_char": 112, "uri": "http://www.wikidata.org/entity/Q489009"}, {"start_char": 121, "end_char": 126, "uri": "http://www.wikidata.org/entity/Q17"}, {"start_char": 556, "end_char": 561, "uri": "http://www.wikidata.org/entity/Q17"}, {"start_char": 774, "end_char": 779, "uri": "http://www.wikidata.org/entity/Q17"}, {"start_char": 104, "end_char": 112, "uri": "http://www.wikidata.org/entity/Q489009"}, {"start_char": 121, "end_char": 126, "uri": "http://www.wikidata.org/entity/Q17"}], "architect": [], "owned_by": [{"start_char": 217, "end_char": 225, "uri": "http://www.wikidata.org/entity/Q1531085"}, {"start_char": 655, "end_char": 663, "uri": "http://www.wikidata.org/entity/Q1531085"}, {"start_char": 217, "end_char": 225, "uri": "http://www.wikidata.org/entity/Q1531085"}, {"start_char": 217, "end_char": 225, "uri": "http://www.wikidata.org/entity/Q1531085"}, {"start_char": 217, "end_char": 225, "uri": "http://www.wikidata.org/entity/Q1531085"}, {"start_char": 655, "end_char": 663, "uri": "http://www.wikidata.org/entity/Q1531085"}]}, "mentions_same_attribute_class": {"country": [], "architect": [], "owned_by": []}}