{"id": "Q1630504", "text": "Swiss\u00f4tel Tallinn is a luxury hotel in Tallinn, the capital of Estonia, and is managed by Swiss\u00f4tel Hotels & Resorts. Designed by architect Meeli Truu from Nord Projekt AS, Swiss\u00f4tel Tallinn, at a height of 117 metres (384 ft) is one of Baltic\u2019s tallest hotels. This hotel is part of the Tornim\u00e4e complex, located in the heart of Tallinn, which consists of the hotel and a residential building. The 5-star hotel has 238 rooms and suites, 3 restaurants, 3 bars, a spa, and fitness center.", "mentions": {"country": [{"start_char": 63, "end_char": 70, "uri": "http://www.wikidata.org/entity/Q191"}], "architect": [], "owned_by": []}, "mentions_same_attribute_class": {"country": [], "architect": [], "owned_by": []}}