{"id": "Q1641386", "text": "The Sulafa Tower is a 75-story skyscraper in the Dubai Marina in Dubai, United Arab Emirates. The tower has a total structural height of 285 m (935 ft) making it the 23rd tallest building in Dubai and 127th tallest in the world. Construction of the Sulafa Tower, which Turkish conglomerate TAV has undertaken, was completed in 2010. It contains a gym, swimming pool, play area for kids and parking spaces for all residents.", "mentions": {"country": [{"start_char": 65, "end_char": 70, "uri": "http://www.wikidata.org/entity/Q613"}, {"start_char": 72, "end_char": 92, "uri": "http://www.wikidata.org/entity/Q878"}, {"start_char": 191, "end_char": 196, "uri": "http://www.wikidata.org/entity/Q613"}], "architect": [], "owned_by": []}, "mentions_same_attribute_class": {"country": [], "architect": [], "owned_by": []}}