{"id": "Q1642787", "text": "590 Madison Avenue formerly the IBM Building, is a 603 feet (184 m) tall skyscraper at the corner of 57th street and Madison Avenue in New York City, New York. It was completed in 1983 and has 41 floors. The building cost US$10 million, has 93,592 square metres (1,007,420 sq ft) of floor area, has 24 elevators, and is the 89th tallest building in New York. Edward Larrabee Barnes & Associates designed the building, and IBM developed it. IBM sold the tower to Odyssey in 1994. As of December 2007, 98% of the building is leased.", "mentions": {"country": [{"start_char": 222, "end_char": 224, "uri": "http://www.wikidata.org/entity/Q30"}], "architect": [], "owned_by": []}, "mentions_same_attribute_class": {"country": [], "architect": [], "owned_by": []}}