{"id": "Q164877", "text": "1000 de la Gaucheti\u00e8re is a skyscraper in Montreal, Quebec, Canada. It is named for its address at 1000 De la Gaucheti\u00e8re Street West in the city's downtown. It is Montreal's tallest building. It rises to the maximum height approved by the city (the elevation of Mount Royal) at 205 m (673 ft) and 51 floors. A popular feature of this building is its atrium which holds a large ice skating rink.", "mentions": {"country": [{"start_char": 60, "end_char": 66, "uri": "http://www.wikidata.org/entity/Q16"}], "architect": [], "owned_by": []}, "mentions_same_attribute_class": {"country": [], "architect": [], "owned_by": []}}