{"id": "Q16576862", "text": "Prima Pearl (also known as Pearl Tower and Prima Tower) is a recently constructed residential skyscraper developed by PDG Corporation and Schiavello in the Southbank precinct of Melbourne, Victoria, Australia. The building comprises 667 apartments, across 72 levels. On June 30, 2014, Prima Pearl topped-out. It became the second tallest building in Melbourne and Australia to roof, after the Eureka Tower. It is now the fourth tallest building in Melbourne and the fifth tallest building in Australia, when measured to its overall height. It is also the third residential building to be constructed in Australia to stand over 250 metres in height after the Q1 and Eureka.", "mentions": {"country": [{"start_char": 199, "end_char": 208, "uri": "http://www.wikidata.org/entity/Q408"}, {"start_char": 364, "end_char": 373, "uri": "http://www.wikidata.org/entity/Q408"}, {"start_char": 492, "end_char": 501, "uri": "http://www.wikidata.org/entity/Q408"}, {"start_char": 603, "end_char": 612, "uri": "http://www.wikidata.org/entity/Q408"}, {"start_char": 364, "end_char": 373, "uri": "http://www.wikidata.org/entity/Q408"}, {"start_char": 492, "end_char": 501, "uri": "http://www.wikidata.org/entity/Q408"}, {"start_char": 603, "end_char": 612, "uri": "http://www.wikidata.org/entity/Q408"}], "architect": [], "owned_by": []}, "mentions_same_attribute_class": {"country": [], "architect": [], "owned_by": []}}