{"id": "Q166893", "text": "Skyper is a building complex in the Bahnhofsviertel district of Frankfurt, Germany. The tallest of the three buildings is a 38-storey, 154 m (505 ft) skyscraper. Its quadrant-shaped silhouette is a distinctive part of the Frankfurt cityscape. Completed in 2004, the tower is linked by a 9 m (30 ft) glass atrium to a neo-classical villa dating from 1915. The villa is listed as a building of historical importance and once belonged, along with the site as a whole, to the Philipp Holzmann construction group, which used the property as its corporate head office. A residential and commercial building with 52 one- to three-room apartments and ground-floor retail space completes the ensemble. The plans for the \u20ac480 million project originated from Frankfurt architects JSK, who were commissioned by Holzmann AG. With building approval granted, the architects subsequently realised their plans on behalf of general contractors ABG and the new owner, DekaBank, which had purchased the building for an open real estate fund of its real estate subsidiary, Deka Immobilien. Following completion in 2005, DekaBank moved into offices on the lower floors as the main tenant. The higher floors of the building are occupied by well-known names such as HSBC and Houlihan Lokey. Skyper has been owned since 2006 by an investment company belonging to the Swiss banking group UBS.", "mentions": {"country": [{"start_char": 64, "end_char": 73, "uri": "http://www.wikidata.org/entity/Q1794"}, {"start_char": 75, "end_char": 82, "uri": "http://www.wikidata.org/entity/Q183"}, {"start_char": 222, "end_char": 231, "uri": "http://www.wikidata.org/entity/Q1794"}, {"start_char": 748, "end_char": 757, "uri": "http://www.wikidata.org/entity/Q1794"}], "architect": [], "owned_by": []}, "mentions_same_attribute_class": {"country": [], "architect": [], "owned_by": []}}