{"id": "Q1666430", "text": "Chongqing Corporate Avenue 1 is a 100 storey, 468 m (1,535 ft) tall mixed use skyscraper under construction in Chongqing, China. Upon completion it will become the tallest building in Chongqing, and one of the tallest buildings in China. As of February, 2013 the foundation work of the tower is in progress. It's expected to be completed in 2017.", "mentions": {"country": [{"start_char": 122, "end_char": 127, "uri": "http://www.wikidata.org/entity/Q148"}, {"start_char": 231, "end_char": 236, "uri": "http://www.wikidata.org/entity/Q148"}], "architect": [], "owned_by": []}, "mentions_same_attribute_class": {"country": [], "architect": [], "owned_by": []}}