{"id": "Q1665800", "text": "InterContinental Warsaw, designed by a team of architects under the leadership of the late Tadeusz Spycha\u0142a, is a five-star hotel in Warsaw, located between Emilia Plater, \u015aliska, and Sosnowa streets. Its construction started in 2001 and ended in November 2003. It is the tallest hotel in Poland, the third-tallest in Europe, and one of the tallest 5-star hotels in the world. The building is characterised by its unusual shape and is finished in pea-green tones, like the adjacent Warsaw Financial Center. The building houses 414 rooms of various standards, including the presidential suite, 76 luxury suites with kitchenettes, and has 13 conference rooms. The building also has a ballroom, two bars, two restaurants, an E. Wedel chocolate fountain, sauna, fitness club, spa, and solarium. A modern swimming pool, located on the 43rd and 44th floors (150 meters above the ground) holds the distinction of being the highest indoor swimming pool in Europe. Underground, spread over five levels, there is a car park for 175 vehicles. Construction of the building cost more than 100 million Euros.[citation needed] In order to build the skyscraper, the site was closed for almost a year and a legendary Polish jazz club, Akwarium, had to be demolished (it was relocated to the nearby Z\u0142ote Tarasy shopping complex). The inhabitants of the surrounding blocks protested against the new building, claiming that it would obscure the sun. Ultimately, an agreement with the residents was reached - thanks to the building's \"cut out\" shape, nearby buildings' access to light is less restricted. The InterContinental Warszawa is the third tallest hotel in Europe after Hotel Ukraina and Spain's Gran Hotel Bali. The hotel has the deepest foundation of all the skyscrapers in Poland, with a depth of 20.7 metres.", "mentions": {"country": [{"start_char": 17, "end_char": 23, "uri": "http://www.wikidata.org/entity/Q270"}, {"start_char": 133, "end_char": 139, "uri": "http://www.wikidata.org/entity/Q270"}, {"start_char": 289, "end_char": 295, "uri": "http://www.wikidata.org/entity/Q36"}, {"start_char": 1200, "end_char": 1206, "uri": "http://www.wikidata.org/entity/Q36"}, {"start_char": 1606, "end_char": 1614, "uri": "http://www.wikidata.org/entity/Q270"}, {"start_char": 1764, "end_char": 1770, "uri": "http://www.wikidata.org/entity/Q36"}, {"start_char": 289, "end_char": 295, "uri": "http://www.wikidata.org/entity/Q36"}], "architect": [], "owned_by": []}, "mentions_same_attribute_class": {"country": [], "architect": [], "owned_by": []}}