{"id": "Q166882", "text": "Istanbul Sapphire, or Sapphire, is a skyscraper, and as of 2016, the tallest building in Istanbul and Turkey, located in the central business district of Levent. Istanbul Sapphire was the 4th tallest building in Europe when its construction was completed in 2010. It is the country's first ecological skyscraper. Sapphire rises 54 floors above ground level, and boasts an above-ground roof height of 238 meters: the building has an overall structural height of 261 meters including its spire, which is part of the design and not a radio antenna. Designed by Tabanl\u0131o\u011flu Architects, it is a shopping and luxury residence mixed-use development managed by Kiler GYO.", "mentions": {"country": [{"start_char": 89, "end_char": 97, "uri": "http://www.wikidata.org/entity/Q406"}, {"start_char": 102, "end_char": 108, "uri": "http://www.wikidata.org/entity/Q43"}, {"start_char": 89, "end_char": 97, "uri": "http://www.wikidata.org/entity/Q406"}, {"start_char": 102, "end_char": 108, "uri": "http://www.wikidata.org/entity/Q43"}], "architect": [], "owned_by": []}, "mentions_same_attribute_class": {"country": [], "architect": [], "owned_by": []}}