{"id": "Q16733944", "text": "NECOM House (formerly NITEL Tower) is a skyscraper located in Lagos. The 32-story building was completed in 1979, and houses the headquarters of NITEL. The communications spire at the top of the tower serves as a lighthouse beacon for Lagos Harbor. The building is constructed of concrete. The building is the tallest in Nigeria and the entirety of West Africa.", "mentions": {"country": [{"start_char": 321, "end_char": 328, "uri": "http://www.wikidata.org/entity/Q1033"}], "architect": [], "owned_by": []}, "mentions_same_attribute_class": {"country": [], "architect": [], "owned_by": []}}