{"id": "Q16724433", "text": "Toranomon Hills (\u864e\u30ce\u9580\u30d2\u30eb\u30ba Toranomon Hiruzu) is a skyscraper complex project built by Mori Building in the Toranomon district of Minato, Tokyo, Japan. Designed by Nihon Sekkei, it is built around the new Loop Road No. 2, a surface artery that will connect the Shinbashi and Toranomon districts. Its highest point is 255.5 metres, by which measure it is the tallest building in Tokyo. However, its building height is 247 metres, by which measure it will be the second-tallest building in Tokyo after Midtown Tower. The complex has a logo made of four black vertical bars forming a letter \"M\" (and also resembling the \"\u9580\" kanji of the Toranomon name). It also has a mascot called Toranomon (\u30c8\u30e9\u306e\u3082\u3093) inspired by the Japanese manga character Doraemon.", "mentions": {"country": [{"start_char": 126, "end_char": 139, "uri": "http://www.wikidata.org/entity/Q190088"}, {"start_char": 141, "end_char": 146, "uri": "http://www.wikidata.org/entity/Q17"}], "architect": [], "owned_by": []}, "mentions_same_attribute_class": {"country": [], "architect": [], "owned_by": []}}