{"id": "Q167195", "text": "Post Tower is the headquarters of the logistic company Deutsche Post DHL with the two brands postal services for Germany Deutsche Post and the worldwide logistics company DHL. The Post Tower is a 162.5-metre, 41-storey office building in Bonn, Germany. It was designed by German-American architect Helmut Jahn and won the 2002 Silver Emporis Skyscraper Award. It is the ninth tallest skyscraper in Germany, and the tallest in Germany outside of Frankfurt am Main.", "mentions": {"country": [{"start_char": 113, "end_char": 120, "uri": "http://www.wikidata.org/entity/Q183"}, {"start_char": 244, "end_char": 251, "uri": "http://www.wikidata.org/entity/Q183"}, {"start_char": 398, "end_char": 405, "uri": "http://www.wikidata.org/entity/Q183"}, {"start_char": 426, "end_char": 433, "uri": "http://www.wikidata.org/entity/Q183"}, {"start_char": 398, "end_char": 405, "uri": "http://www.wikidata.org/entity/Q183"}, {"start_char": 426, "end_char": 433, "uri": "http://www.wikidata.org/entity/Q183"}], "architect": [{"start_char": 298, "end_char": 309, "uri": "http://www.wikidata.org/entity/Q77311"}, {"start_char": 298, "end_char": 309, "uri": "http://www.wikidata.org/entity/Q77311"}, {"start_char": 298, "end_char": 309, "uri": "http://www.wikidata.org/entity/Q77311"}], "owned_by": [{"start_char": 55, "end_char": 72, "uri": "http://www.wikidata.org/entity/Q157645"}, {"start_char": 121, "end_char": 134, "uri": "http://www.wikidata.org/entity/Q157645"}, {"start_char": 171, "end_char": 174, "uri": "http://www.wikidata.org/entity/Q157645"}]}, "mentions_same_attribute_class": {"country": [], "architect": [], "owned_by": []}}