{"id": "Q167870", "text": "The Boardwalk Hotel and Casino was a Coney Island style hotel located on the Las Vegas Strip. It was owned and operated by MGM Mirage. It was part of the Holiday Inn hotel chain until it was acquired by MGM in 2000. It was built before the era of the mega-casinos, and with 654 rooms was relatively small compared to many properties in its vicinity. The Boardwalk was located in between the Bellagio and the Monte Carlo and across from the Paris, Aladdin and MGM Grand. The hotel's Coney Island theme could be seen in its facade with an original 1906 parachute jump ride and a faux wooden roller coaster. The hotel was composed of three distinct buildings all built at different times. The newest building was the 16-story tower built in 1996. The Steeplechase building was 6 stories and the Luna Park building was the original four-story structure when the hotel first opened.", "mentions": {"country": [], "architect": [], "owned_by": []}, "mentions_same_attribute_class": {"country": [], "architect": [], "owned_by": []}}