{"id": "Q167566", "text": "The Palace of Culture and Science (Polish: Pa\u0142ac Kultury i Nauki, also abbreviated PKiN) is a notable high-rise building in Warsaw, Poland. It is seat of various companies, public institutions, such as cinemas, theaters, libraries, sports clubs, universities (including Collegium Civitas), scientific institutions and authorities of the Polish Academy of Sciences. Constructed in 1955, it was designed by Soviet architect Lev Rudnev in \"Seven Sisters\" style and was inspired by Polish historicism and American art deco high-rise buildings. The Palace of Culture and Science is the tallest building in Poland, the seventh tallest building in the European Union and in a Top-20 in the Europe. It is 231 metres (758 ft) tall, including the structural 43-metre high spire.", "mentions": {"country": [{"start_char": 35, "end_char": 41, "uri": "http://www.wikidata.org/entity/Q36"}, {"start_char": 132, "end_char": 138, "uri": "http://www.wikidata.org/entity/Q36"}, {"start_char": 601, "end_char": 607, "uri": "http://www.wikidata.org/entity/Q36"}], "architect": [{"start_char": 422, "end_char": 432, "uri": "http://www.wikidata.org/entity/Q723343"}], "owned_by": []}, "mentions_same_attribute_class": {"country": [], "architect": [], "owned_by": []}}