{"id": "Q16868858", "text": "88 Kearny Street is a class-A office high-rise on Kearny Street at the southeast intersection with Post Street in the Financial District of San Francisco, California. The 309 ft (94 m), 22-story tower was designed by Skidmore, Owings & Merrill and completed in 1986. The French Consulate General is housed in the building: Suite 600", "mentions": {"country": [], "architect": [{"start_char": 217, "end_char": 243, "uri": "http://www.wikidata.org/entity/Q459464"}], "owned_by": []}, "mentions_same_attribute_class": {"country": [], "architect": [], "owned_by": []}}