{"id": "Q16823864", "text": "300 George Street is a development consisting of three buildings; residential apartments, an office tower and hotel tower, on the old Law Courts site bordered by George, Adelaide and Ann streets and North Quay in Brisbane, Australia. The proposed developments includes: A retail shopping mall, that will include a master ballroom, conference facilities and retail stores is proposed underneath the towers on the first three floors. The former Law Courts site was purchased by the Shayher Group, part of the Taiwan-based developer Par Jar Group in May 2013.The development application was lodged with the Brisbane City Council in November and approved in December 2013. Demolition of the old court buildings commenced in early 2014, and construction works commenced in 2015.", "mentions": {"country": [{"start_char": 213, "end_char": 232, "uri": "http://www.wikidata.org/entity/Q34932"}], "architect": [], "owned_by": []}, "mentions_same_attribute_class": {"country": [], "architect": [], "owned_by": []}}