{"id": "Q16890460", "text": "CNL Center City Commons is a complex of buildings in Downtown Orlando. The main building is a 250 foot tall skyscraper that is the headquarters of CNLBank, Alliance Bankshares before being acquired by the founder of CNL Financial Group. The complex is also home to Orlando's current city hall, which was built after in the old one was demolished in the same area. The demolition was used in the movie Lethal Weapon 3.", "mentions": {"country": [], "architect": [], "owned_by": []}, "mentions_same_attribute_class": {"country": [], "architect": [], "owned_by": []}}