{"id": "Q1682432", "text": "The Manulife Centre is located on the southeast corner of Bay and Bloor streets, along the Mink Mile and adjacent to the southern edge of the Yorkville district of Toronto, Ontario, Canada. It consists of a 51-storey 800-suite luxury residential tower at 44 Charles Street and a shorter tower at 55 Bloor Street West, connected by a retail complex on the main floor and basement.", "mentions": {"country": [{"start_char": 173, "end_char": 180, "uri": "http://www.wikidata.org/entity/Q1904"}, {"start_char": 182, "end_char": 188, "uri": "http://www.wikidata.org/entity/Q16"}, {"start_char": 173, "end_char": 180, "uri": "http://www.wikidata.org/entity/Q1904"}, {"start_char": 182, "end_char": 188, "uri": "http://www.wikidata.org/entity/Q16"}], "architect": [], "owned_by": []}, "mentions_same_attribute_class": {"country": [], "architect": [], "owned_by": []}}