{"id": "Q16822613", "text": "2 New York Plaza is a 40-story office building located at the intersection of Broad and South Streets. Built in 1971, its construction was given by the architects Kahn & Jacobs. The building is 153 meters high and is located on the east side of the building 1 New York Plaza. It has a modern structural design, being, along with the 1 New York Plaza, the southernmost skyscrapers in Manhattan.", "mentions": {"country": [{"start_char": 383, "end_char": 392, "uri": "http://www.wikidata.org/entity/Q11299"}, {"start_char": 383, "end_char": 392, "uri": "http://www.wikidata.org/entity/Q11299"}], "architect": [{"start_char": 163, "end_char": 176, "uri": "http://www.wikidata.org/entity/Q4212045"}], "owned_by": []}, "mentions_same_attribute_class": {"country": [], "architect": [], "owned_by": []}}