{"id": "Q16893839", "text": "La Laurentienne Building (French: \u00c9difice La Laurentienne) is a 102 m (335 ft), 27-story skyscraper in Montreal, Quebec, Canada. The building was designed by Dimitri Dimakopoulos & Associates for Marathon Realty, Lavalin and the Laurentian Bank. It is located on Ren\u00e9-L\u00e9vesque Boulevard at the intersection of Peel Street, in the Ville-Marie borough of Downtown Montreal. It is adjacent to the Bell Centre and the 1250 Ren\u00e9-L\u00e9vesque skyscraper to the south, and stands on the site of the former Laurentian Hotel. La Laurentienne Building is currently owned and managed by global real estate investor, developer and owner Oxford Properties.", "mentions": {"country": [{"start_char": 121, "end_char": 127, "uri": "http://www.wikidata.org/entity/Q16"}], "architect": [], "owned_by": [{"start_char": 621, "end_char": 638, "uri": "http://www.wikidata.org/entity/Q2042805"}]}, "mentions_same_attribute_class": {"country": [], "architect": [], "owned_by": []}}