{"id": "Q16843767", "text": "The Hilton Shreveport Hotel is located in downtown Shreveport, Louisiana near the Riverfront District. It adjoins the new Shreveport Convention Center, which is the second largest in the state of Louisiana. It was completed in mid-2007 as the second phase of the convention center. The hotel has 313 rooms and is in walking distance of the casinos. The Shreveport Regional Airport is located 10 minutes to the west. The hotel is non-smoking and no pets are allowed.", "mentions": {"country": [], "architect": [], "owned_by": []}, "mentions_same_attribute_class": {"country": [], "architect": [], "owned_by": []}}