{"id": "Q16896186", "text": "One Riverside Park is a skyscraper currently under development located at 40 Riverside Boulevard in Riverside South, on the Upper West Side neighborhood of Manhattan, New York City. Its name was later changed to 50 Riverside Boulevard following media reports related to the development's \"poor door.\" The building will consist of 33 floors containing 219 residential units. The building was designed by the architectural firm Goldstein, Hill & West Architects, who also designed The Aldyn and The Ashley, also on Riverside Boulevard, plus the Silver Towers Manhattan development. The building has an underground tunnel linking residents to the LA PALESTRA Athletic Club & Spa next door in The Aldyn.", "mentions": {"country": [], "architect": [], "owned_by": []}, "mentions_same_attribute_class": {"country": [], "architect": [], "owned_by": []}}