{"id": "Q16836601", "text": "Babillon Tower (Georgian: \u10d1\u10d0\u10d1\u10d8\u10da\u10dd\u10dc\u10d8\u10e1 \u10d9\u10dd\u10e8\u10d9\u10d8) is a skyscraper currently under construction in Batumi, Georgia. It will be 170 Meters high (47 storeys). Once complete it will be highest skyscraper in Batumi. The tower will join the many new buildings constructed in Batumi in recent years, leading to renewal of the tourist industry. Construction is being overseen by Omer Ilknur and will include a 4 Star Hotel (independent construction), casino, residences, social facilities, stores, offices, cafe, restaurants, and bars. Local residents organized a successful protest against construction of the \u201cBabillon Tower\u201d at night. According to them, construction work on the hotel had been underway in 24-hour mode for 20 days. TAM-GEO Reporting that the company sprend more than 13 (Mln. USD) to project and keep going on to sprend total Investment (70 mln. USD) LLC TAM GEO Reporting to increasing investment amount from $70 million to $80 million", "mentions": {"country": [{"start_char": 91, "end_char": 97, "uri": "http://www.wikidata.org/entity/Q25475"}, {"start_char": 196, "end_char": 202, "uri": "http://www.wikidata.org/entity/Q25475"}, {"start_char": 262, "end_char": 268, "uri": "http://www.wikidata.org/entity/Q25475"}], "architect": [], "owned_by": []}, "mentions_same_attribute_class": {"country": [], "architect": [], "owned_by": []}}