{"id": "Q16890366", "text": "The Civic Opera Building is a 45-story office tower (plus two 22-story wings) located at 20 North Wacker Drive in Chicago. The building opened November 4, 1929, and has an Art Deco interior. It contains a 3,563-seat opera house, the Civic Opera House, which is the second-largest opera auditorium in North America. Today, the opera house is the permanent home of the Lyric Opera of Chicago. Samuel Insull envisioned and hired the design team for building a new opera house to serve as the home for the Chicago Civic Opera, as the company was called. The building has been seen as being shaped like a huge chair and is sometimes referred to as \"Insull's Throne.\" Insull selected the architecture firm Graham, Anderson, Probst & White who were responsible for several other buildings in the downtown Chicago Loop. As they did on other occasions, the architects commissioned Henry Hering to produce architectural sculpture for the building. Prior to the opening of the building on July 15, 1929, the opera's inaugural season took place. During the 1950s and 1960s the building was identified by a large \"Kemper Insurance\" sign, although it was not that company's headquarters. In 1993, the Lyric Opera of Chicago purchased the opera house it had rented for 64 years. In 2012, Tishman Speyer Properties L.P. sold the 915,000 square feet (85,000 m2) office tower portion of the building for $125.8 million to an affiliate of Nanuet, N.Y.-based Berkley Properties LLC.", "mentions": {"country": [{"start_char": 114, "end_char": 121, "uri": "http://www.wikidata.org/entity/Q1297"}, {"start_char": 382, "end_char": 389, "uri": "http://www.wikidata.org/entity/Q1297"}, {"start_char": 1202, "end_char": 1209, "uri": "http://www.wikidata.org/entity/Q1297"}], "architect": [], "owned_by": []}, "mentions_same_attribute_class": {"country": [], "architect": [], "owned_by": []}}