{"id": "Q168575", "text": "CTF Finance Centre formerly The CTF Guangzhou, Chow Tai Fook Centre (simplified Chinese: \u5468\u5927\u798f\u5546\u4e1a\u4e2d\u5fc3; traditional Chinese: \u5468\u5927\u798f\u5546\u696d\u4e2d\u5fc3; pinyin: Zh\u014du D\u00e0 F\u00fa Sh\u0101ngy\u00e8zh\u014dngx\u012bn; Jyutping: zau1 daai6 fuk1 soeng1 jip6 zung1 sam1) or Guangzhou East Tower (simplified Chinese: \u5e7f\u5dde\u4e1c\u5854; traditional Chinese: \u5ee3\u5dde\u6771\u5854; pinyin: Gu\u01cengzh\u014du D\u014dngt\u01ce; Jyutping: gwong2 zau1 dung1 taap3) is a supertall skyscraper under construction in Guangzhou, China. It will be the second of the two Guangzhou Twin Towers skyscrapers overlooking the Pearl River in Guangzhou. Its final height will be 530 metres (1,740 feet) with 111 floors. It is expected to be completed in 2016. The building will be used as a conference centre, hotel, observatory, mall and office building. Rosewood Hotels & Resorts will run the tower's hotel component, which consists of 251 guest rooms and 355 residences occupying the top 16 floors and podium of the tower.", "mentions": {"country": [{"start_char": 36, "end_char": 45, "uri": "http://www.wikidata.org/entity/Q16572"}, {"start_char": 401, "end_char": 410, "uri": "http://www.wikidata.org/entity/Q16572"}, {"start_char": 517, "end_char": 526, "uri": "http://www.wikidata.org/entity/Q16572"}, {"start_char": 517, "end_char": 526, "uri": "http://www.wikidata.org/entity/Q16572"}], "architect": [], "owned_by": []}, "mentions_same_attribute_class": {"country": [], "architect": [], "owned_by": []}}