{"id": "Q16841056", "text": "Hanza Tower is a proposed skyscraper in Szczecin, Poland. Still under construction, it will stand where the destroyed clothing factory Dana used to stand. It will be in the shape of a sail and have 28 floors, including 3 underground. The tower will be the tallest building between Gdynia and Berlin. The project has suffered delays and is scheduled to be completed in 2015 or mid 2016.", "mentions": {"country": [{"start_char": 50, "end_char": 56, "uri": "http://www.wikidata.org/entity/Q36"}], "architect": [], "owned_by": []}, "mentions_same_attribute_class": {"country": [], "architect": [], "owned_by": []}}