{"id": "Q16894990", "text": "The Medico-Dental Building, now known as the Centre City Building, is a high-rise office building in Downtown San Diego, California. It was one of San Diego's first skyscrapers; when it opened in 1927 it was the tallest building in San Diego. It is San Diego Historical Site # 135 and was added to the National Register of Historic Places in 1979.", "mentions": {"country": [{"start_char": 110, "end_char": 131, "uri": "http://www.wikidata.org/entity/Q16552"}, {"start_char": 147, "end_char": 156, "uri": "http://www.wikidata.org/entity/Q16552"}, {"start_char": 232, "end_char": 241, "uri": "http://www.wikidata.org/entity/Q16552"}, {"start_char": 249, "end_char": 258, "uri": "http://www.wikidata.org/entity/Q16552"}, {"start_char": 147, "end_char": 156, "uri": "http://www.wikidata.org/entity/Q16552"}, {"start_char": 232, "end_char": 241, "uri": "http://www.wikidata.org/entity/Q16552"}, {"start_char": 249, "end_char": 258, "uri": "http://www.wikidata.org/entity/Q16552"}], "architect": [], "owned_by": []}, "mentions_same_attribute_class": {"country": [], "architect": [], "owned_by": []}}