{"id": "Q169420", "text": "The Altino Arantes Building (Portuguese: Edif\u00edcio Altino Arantes), also known as the Banespa Building (in Portuguese: Edif\u00edcio do Banespa), is an important skyscraper located in S\u00e3o Paulo, Brazil.", "mentions": {"country": [{"start_char": 189, "end_char": 195, "uri": "http://www.wikidata.org/entity/Q155"}, {"start_char": 189, "end_char": 195, "uri": "http://www.wikidata.org/entity/Q155"}, {"start_char": 189, "end_char": 195, "uri": "http://www.wikidata.org/entity/Q155"}], "architect": [], "owned_by": []}, "mentions_same_attribute_class": {"country": [], "architect": [], "owned_by": []}}