{"id": "Q16925204", "text": "Wynn Palace, owned by Wynn Resorts, is going to be the third* luxury integrated resort of Wynn in Macau, China, and the company's first resort at Cotai Strip. Wynn Palace will feature 1,700 rooms, an 8-acre Performance Lake, air-conditioned SkyCab, gaming space, meeting facilities, spa and salon, luxury retail and fine dining. It is scheduled to open in early 2016. The first resort complex is called Wynn Macau.", "mentions": {"country": [{"start_char": 105, "end_char": 110, "uri": "http://www.wikidata.org/entity/Q148"}], "architect": [], "owned_by": []}, "mentions_same_attribute_class": {"country": [], "architect": [], "owned_by": []}}