{"id": "Q16960749", "text": "Vue at Brickell is a residential tower in the Brickell district of Miami, Florida. Built in 2004, it is part of the recent building boom in Miami. The building consists of condominiums, as well as restaurants and other retail stores. It contains 37 floors, and is 423 ft (129 m) tall. The address is 1250 South Miami Avenue. The building is located near the Mary Brickell Village shopping area, on South Miami Avenue between 12th and 13th (Coral Way) Streets. It is located in the southwestern Brickell Financial District, about three blocks west of Biscayne Bay.", "mentions": {"country": [{"start_char": 67, "end_char": 81, "uri": "http://www.wikidata.org/entity/Q8652"}, {"start_char": 140, "end_char": 145, "uri": "http://www.wikidata.org/entity/Q8652"}], "architect": [], "owned_by": []}, "mentions_same_attribute_class": {"country": [], "architect": [], "owned_by": []}}