{"id": "Q16901541", "text": "The Modern is a residential skyscraper in Fort Lee, New Jersey near George Washington Bridge Plaza at the western end of the George Washington Bridge. The architectural firm of Elkus Manfredi Architects designed the project. Developers of the project, SJP Properties, are funding the construction of new sewer lines to the town to accommodate the new residents created by the development. The tower is the first of two planned and is part of a larger urban renewal project for the long vacant parcel. The two towers will be separated by a 1.75-acre public park. An adjacent project called Hudson Lights will feature retail, including a three-screen movie theater, as well as a hotel and office space. The Modern offers panoramic views of the New York City skyline, the river and the bridge, and surrounding suburbs. It contains 75,000 square feet of indoor and outdoor amenities, including an infinity pool, 10 barbecue stations, basketball and volleyball courts, a lawn with an outdoor jumbotron, a private screening room, a residents lounge, a business center, a spa/sauna, a fitness center with yoga and Pilates studio, indoor and outdoor children's play areas, a covered dog walk and pet spa, a golf simulation room and a karaoke/gaming room. The building includes an attached covered parking garage and offers courtesy shuttle service to Manhattan. In 2016 an agreement was made with the town that The Modern and Hudson Lights would make Payments in Lieu of Taxes (PILOT), a scheme deemed to encourage further development.", "mentions": {"country": [], "architect": [], "owned_by": []}, "mentions_same_attribute_class": {"country": [], "architect": [], "owned_by": []}}