{"id": "Q16974640", "text": "Eliel Saarinen's Tribune Tower design or the Saarinen tower are terms used to describe the unnamed and unbuilt design for a modernist skyscraper, created by Finnish architect Eliel Saarinen and submitted in 1922 for the Chicago Tribune's architectural competition for a new headquarters. The winning entry, the neo-Gothic Tribune Tower, was built in 1925. Saarinen's entry came in second place yet became influential in the design of a number of future buildings.", "mentions": {"country": [{"start_char": 157, "end_char": 164, "uri": "http://www.wikidata.org/entity/Q33"}], "architect": [{"start_char": 0, "end_char": 5, "uri": "http://www.wikidata.org/entity/Q312028"}, {"start_char": 6, "end_char": 14, "uri": "http://www.wikidata.org/entity/Q312028"}, {"start_char": 45, "end_char": 53, "uri": "http://www.wikidata.org/entity/Q312028"}, {"start_char": 175, "end_char": 180, "uri": "http://www.wikidata.org/entity/Q312028"}, {"start_char": 181, "end_char": 189, "uri": "http://www.wikidata.org/entity/Q312028"}, {"start_char": 356, "end_char": 364, "uri": "http://www.wikidata.org/entity/Q312028"}], "owned_by": []}, "mentions_same_attribute_class": {"country": [], "architect": [], "owned_by": []}}