{"id": "Q16903732", "text": "The World Trade Center is a three-building office complex in Portland in the U.S. state of Oregon. The main building, One World Trade Center, is a 17-story office tower that is the fifth-largest office tower in Portland with 474,867 sq ft (44,116.6 m2). Completed in 1977, One World Trade Center is 230 feet (70 m) tall and is topped by a heliport. The complex is operated by the World Trade Centers Association and is the headquarters for Portland General Electric. There is also a 220-seat theater, known as the World Trade Center Auditorium.", "mentions": {"country": [], "architect": [], "owned_by": []}, "mentions_same_attribute_class": {"country": [], "architect": [], "owned_by": []}}