{"id": "Q16923840", "text": "Azura (Chinese: \u851a\u7136; Jyutping: wai3 jin4), stylised as AZURA, is a 211-metre-tall residential skyscraper in the Mid-Levels West area of Central and Western District on Hong Kong Island. There are 50 floors with 126 apartments in total. Each floor consists of three units, ranging in size from 153 m2 (1,650 sq ft) to 195 m2 (2,100 sq ft), containing three or four bedrooms. The building was completed and occupied in the fourth quarter of 2012.", "mentions": {"country": [], "architect": [], "owned_by": []}, "mentions_same_attribute_class": {"country": [], "architect": [], "owned_by": []}}