{"id": "Q16924928", "text": "Nanjing Olympic Suning Tower is a skyscraper under construction in Nanjing, Jiangsu, China. It is expected to be completed in 2017.", "mentions": {"country": [{"start_char": 0, "end_char": 7, "uri": "http://www.wikidata.org/entity/Q16666"}, {"start_char": 67, "end_char": 74, "uri": "http://www.wikidata.org/entity/Q16666"}, {"start_char": 85, "end_char": 90, "uri": "http://www.wikidata.org/entity/Q148"}], "architect": [], "owned_by": []}, "mentions_same_attribute_class": {"country": [], "architect": [], "owned_by": []}}