{"id": "Q16901495", "text": "The Imperial 3(\u0921\u0940 \u0907\u092e\u094d\u092a\u093f\u0930\u093f\u092f\u0932 3 in Marathi) is an approved 400-metre (1,312 ft) 116-floor supertall residential skyscraper in Mumbai, India. The towers are located in Tardeo, South Mumbai. Construction will start from 2014 and the towers will inaugurated in 2017. Imperial Tower 3, designed by the Chicago-based architect firm Adrian Smith + Gordon Gill Architecture is their most recognizable project to date.It would be constructed by Shapoorji Pallonji and J+W Consultants and CBM Engineers will act as its structural engineer. It will stand near to its existing Sister tower The Imperial Towers which were designed by Hafeez Contractor. The Imperial 3 would be one of India's first supertall skyscrapers to achieve a LEED Platinum rating for environmental sustainability from Green Building Council.", "mentions": {"country": [{"start_char": 670, "end_char": 675, "uri": "http://www.wikidata.org/entity/Q668"}], "architect": [], "owned_by": []}, "mentions_same_attribute_class": {"country": [], "architect": [], "owned_by": []}}