{"id": "Q16958963", "text": "Comcast Innovation and Technology Center is a building under construction in Philadelphia. The 60-floor building, with a height of 1,121 feet (342 m), will be the eighth-tallest building in the Western Hemisphere (all eight are in the United States), and the tallest building in the Western Hemisphere outside of New York City and Chicago (and therefore the tallest building in Pennsylvania). It is adjacent to the Comcast Center, the headquarters of Comcast Corporation.", "mentions": {"country": [{"start_char": 235, "end_char": 248, "uri": "http://www.wikidata.org/entity/Q30"}], "architect": [], "owned_by": [{"start_char": 0, "end_char": 7, "uri": "http://www.wikidata.org/entity/Q1113804"}, {"start_char": 451, "end_char": 470, "uri": "http://www.wikidata.org/entity/Q1113804"}, {"start_char": 451, "end_char": 470, "uri": "http://www.wikidata.org/entity/Q1113804"}]}, "mentions_same_attribute_class": {"country": [], "architect": [], "owned_by": []}}