{"id": "Q17003885", "text": "The Dubai Mixed-Use Towers, also referred to as the Dancing Sisters (and nicknamed the Spice Girls in reference to both Dubai\u2019s role in the spice trade and the musicality of the design) are consist of 53 storey hotel tower and a 61 storey residential tower located adjacent to Burj Khalifa in Downtown Dubai, Dubai, United Arab Emirates. The towers rise over 200 metres (656 ft), one convex, one concave, and comprise 2,297,800 square feet (213,470 m2) of mixed use space, including a five star Biltmore Hotel Suites Tower, 250 luxury rental residences with services and amenities, prime corporate office space, conference centers,retail shops, restaurants, hospitality and entertainment areas.", "mentions": {"country": [], "architect": [], "owned_by": []}, "mentions_same_attribute_class": {"country": [], "architect": [], "owned_by": []}}