{"id": "Q1706824", "text": "SunTrust Plaza is a 265 m (869 ft) 60-story skyscraper in downtown Atlanta. Built as part of the Peachtree Center complex, construction was finished in 1992, and has been the second-tallest building in Atlanta since then. When completed, it was the 28th tallest building in the world, and 21st tallest building in the United States. It is the headquarters for Atlanta's World Trade Center. Since Atlanta's tallest, the Bank of America Plaza, is located in nearby Midtown, SunTrust Plaza is the tallest in the downtown area. The light rotates.", "mentions": {"country": [{"start_char": 318, "end_char": 331, "uri": "http://www.wikidata.org/entity/Q30"}], "architect": [], "owned_by": []}, "mentions_same_attribute_class": {"country": [], "architect": [], "owned_by": []}}