{"id": "Q1702484", "text": "Johnson Wax Headquarters is the world headquarters and administration building of S. C. Johnson & Son in Racine, Wisconsin. Designed by American architect Frank Lloyd Wright for the company's president, Herbert F. \"Hib\" Johnson, the building was constructed from 1936 to 1939. Also known as the Johnson Wax Administration Building, it and the nearby 14-story Johnson Wax Research Tower (built 1944\u20131950) were designated as a National Historic Landmark in 1976 as Administration Building and Research Tower, S.C. Johnson and Son.", "mentions": {"country": [{"start_char": 105, "end_char": 122, "uri": "http://www.wikidata.org/entity/Q40340"}, {"start_char": 136, "end_char": 144, "uri": "http://www.wikidata.org/entity/Q30"}, {"start_char": 105, "end_char": 122, "uri": "http://www.wikidata.org/entity/Q40340"}], "architect": [{"start_char": 155, "end_char": 173, "uri": "http://www.wikidata.org/entity/Q5604"}], "owned_by": [{"start_char": 295, "end_char": 306, "uri": "http://www.wikidata.org/entity/Q683170"}, {"start_char": 359, "end_char": 370, "uri": "http://www.wikidata.org/entity/Q683170"}]}, "mentions_same_attribute_class": {"country": [], "architect": [], "owned_by": []}}