{"id": "Q17060465", "text": "YUL Condos is a large residential skyscraper complex currently under construction in Montreal, Quebec, Canada. The towers will be located on Ren\u00e9-L\u00e9vesque Boulevard at the corner of Lucien-L'Allier Street, near E-Commerce Place and the Bell Centre. The twin towers will be 38 floors and 120 metres (390 ft) tall, and consist of 873 condos. Phase 3 of the project also includes the construction of 18 rowhouses on Overdale Avenue. The promoter of the project is Kheng Ly.", "mentions": {"country": [], "architect": [], "owned_by": []}, "mentions_same_attribute_class": {"country": [], "architect": [], "owned_by": []}}