{"id": "Q17083329", "text": "One Rockwell East Tower is an condominium in Rockwell Center, Makati, Philippines. The building will be part of the One Rockwell building complex. It is the smallest in the complex and it stands 165 m (541 ft) from the ground.", "mentions": {"country": [{"start_char": 62, "end_char": 68, "uri": "http://www.wikidata.org/entity/Q1508"}, {"start_char": 70, "end_char": 81, "uri": "http://www.wikidata.org/entity/Q928"}], "architect": [], "owned_by": []}, "mentions_same_attribute_class": {"country": [], "architect": [], "owned_by": []}}