{"id": "Q170442", "text": "111 South Wacker Drive is an office tower located in Chicago. Completed in 2005 at 681 feet (208 m), the 51 story blue-glass structure is one of the tallest in the city. It sits on the site of the former U.S. Gypsum Building, one of the tallest buildings in Chicago to be demolished. Designed by Lohan Caprille Goettsch Architects, the building is noted for its unique parking ramp. The ramp's cyclical form creates a dramatic sloped ceiling for the building's main lobby underneath. The ramp's corkscrew design is reflected outside as well; the pavement follows the radiating lines set inside. The building is also noteworthy for its sustainable design, becoming the first-ever project to be certified LEED-CS Gold by the U.S. Green Building Council.", "mentions": {"country": [], "architect": [], "owned_by": []}, "mentions_same_attribute_class": {"country": [], "architect": [], "owned_by": []}}