{"id": "Q17040597", "text": "The Tacoma Building is an early skyscraper in Chicago. Completed in 1889, it was the first major building designed by the architectural firm Holabird & Roche. The Tacoma Building was demolished in 1929 to be replaced by One North LaSalle. A pioneering building of the Chicago School, it uses a framework of iron and steel constructed by George A. Fuller with, for the first time, all its members fixed together by rivets. While internally still supported by load-bearing walls, the two facades towards LaSalle Street and Madison Street are true curtain walls. With this, Holabird & Roche's structure went beyond William LeBaron Jenney's solution for his Home Insurance Building.", "mentions": {"country": [{"start_char": 46, "end_char": 53, "uri": "http://www.wikidata.org/entity/Q1297"}], "architect": [], "owned_by": []}, "mentions_same_attribute_class": {"country": [], "architect": [], "owned_by": []}}