{"id": "Q17035586", "text": "The SLS Hotel & Residences Brickell is a high rise building currently under construction in the Brickell district of Miami, Florida. The project will include 450 condominium units in addition to the 133 room hotel. With the exception of a few penthouses, the project sold out before breaking ground. The project is located at 1300 South Miami Avenue, next to the Infinity at Brickell; it replaces the second phase of that project. There is another SLS-branded building a few blocks north known as SLS Lux.", "mentions": {"country": [{"start_char": 117, "end_char": 131, "uri": "http://www.wikidata.org/entity/Q8652"}], "architect": [], "owned_by": []}, "mentions_same_attribute_class": {"country": [], "architect": [], "owned_by": []}}