{"id": "Q17055899", "text": "Signature Tower Jakarta is a projected skyscraper in Jakarta, Indonesia. With a height of 638 m (2,093 ft) upon completion, it would become the sixth tallest skyscraper in the world. It was originally proposed in 2010 and was slated to begin construction in 2015. Planning permission for the tower was granted in late 2015, but as of January 2016 no construction has yet taken place.[citation needed]", "mentions": {"country": [{"start_char": 62, "end_char": 71, "uri": "http://www.wikidata.org/entity/Q252"}], "architect": [], "owned_by": []}, "mentions_same_attribute_class": {"country": [], "architect": [], "owned_by": []}}