{"id": "Q17026106", "text": "Tom Condos is a skyscraper under construction in Montreal, Quebec, Canada. The tower will be located on Union Street between Ren\u00e9-L\u00e9vesque Boulevard and Cathcart Street, near the Altitude Montreal tower and the Place Ville Marie. The tower will be 40 floors and 122 metres (400 ft) tall, and consist of 327 condos. The architect is Karl Fischer. The project's promoters are Electra Real Estate Ltd and Daniel Revah. Construction started in June 2014, with a completion date sometime in 2017.", "mentions": {"country": [], "architect": [], "owned_by": []}, "mentions_same_attribute_class": {"country": [], "architect": [], "owned_by": []}}