{"id": "Q17051376", "text": "IB Tower (officially referred to as Ilham Baru Tower) is a skyscraper under construction at Jalan Binjai near the famous Jalan Ampang in Kuala Lumpur, Malaysia. The Tower is expected to have 58 floors and be 275 m tall. The anticipated completion date is 2015. Upon its completion, the tower will be the fifth tallest infrastructure in Malaysia.", "mentions": {"country": [{"start_char": 137, "end_char": 149, "uri": "http://www.wikidata.org/entity/Q1865"}, {"start_char": 151, "end_char": 159, "uri": "http://www.wikidata.org/entity/Q833"}, {"start_char": 336, "end_char": 344, "uri": "http://www.wikidata.org/entity/Q833"}], "architect": [], "owned_by": []}, "mentions_same_attribute_class": {"country": [], "architect": [], "owned_by": []}}