{"id": "Q170441", "text": "111 Huntington Avenue is a Boston skyscraper. Located on Huntington Avenue, it is part of the Prudential Center complex that also houses the Prudential Tower. Completed in 2002, the tower is 554 feet (169 meters) tall and houses 36 floors. The building is the tallest skyscraper built in Boston since 1987 and is Boston's ninth-tallest building. It won the 2002 bronze Emporis Skyscraper Award. It is sometimes given the unofficial nickname The R2-D2 Building after the Star Wars droid's top.", "mentions": {"country": [], "architect": [], "owned_by": []}, "mentions_same_attribute_class": {"country": [], "architect": [], "owned_by": []}}