{"id": "Q17062993", "text": "Makati Tower (formerly named Alphaland Makati Tower) is a commercial skyscraper in Makati, Metro Manila, Philippines. With a height of 180 meters (590.551 feet) and 35 floors, Alphaland Tower is also the 11th tallest building in the country's financial district, closely following RCBC Plaza Yuchengco Tower. It has a gross floor area of 48,000 square meters with a floor template between 1,100 and 1600 sqms. The tower was owned by local developer Alphaland, a joint venture between London-based private equity fund Ashmore Group and RVO Capital Ventures of former Trade Minister Roberto V. Ongpin, but was already transferred to give Ashmore 100 percent ownership. Designed by Wong & Ouyang, the tower employs the glass design concept, featuring a lobby that's entirely clad in glass to admit natural light. It also includes features for improved energy performance, indoor air quality, and efficiency in water consumption. Alphaland Tower currently holds a LEED pre-certified Gold rating for Core and Shell construction based on its structure, building envelope, and HVAC system. The project was inaugurated in June 2013.", "mentions": {"country": [{"start_char": 0, "end_char": 6, "uri": "http://www.wikidata.org/entity/Q1508"}, {"start_char": 39, "end_char": 45, "uri": "http://www.wikidata.org/entity/Q1508"}, {"start_char": 83, "end_char": 89, "uri": "http://www.wikidata.org/entity/Q1508"}, {"start_char": 105, "end_char": 116, "uri": "http://www.wikidata.org/entity/Q928"}], "architect": [], "owned_by": []}, "mentions_same_attribute_class": {"country": [], "architect": [], "owned_by": []}}