{"id": "Q17039466", "text": "Wolf Point South Tower is the tallest of three planned buildings to be developed in the Near North Side community area on the Wolf Point property at a fork in the Chicago River in downtown Chicago. The building is planned to be 950 feet (289.56 m) tall.", "mentions": {"country": [{"start_char": 189, "end_char": 196, "uri": "http://www.wikidata.org/entity/Q1297"}], "architect": [], "owned_by": []}, "mentions_same_attribute_class": {"country": [], "architect": [], "owned_by": []}}