{"id": "Q1708994", "text": "TransCanada Tower is an office tower located in Calgary, Alberta. Located at 450 1st Street SW, it stands at 177 meters (581 ft) or 38 storeys tall and was completed in 2001. It was designed by the architectural firm, Cohos Evamy. The tower overlooks James Short Park. The TransCanada Tower houses the head offices of TransCanada Corporation.", "mentions": {"country": [], "architect": [], "owned_by": []}, "mentions_same_attribute_class": {"country": [], "architect": [], "owned_by": []}}