{"id": "Q170610", "text": "Edif\u00edcio It\u00e1lia (Portuguese for \"Italy Building\") is a 165 m (541 ft) tall 46-story skyscraper located in the Rep\u00fablica district, Central Zone of S\u00e3o Paulo, Brazil. Built from 1956 to 1965, it has a rooftop observation deck, open for tourists. Edif\u00edcio It\u00e1lia was designed by Brazilian architect Franz Heep. It is the 3rd tallest building in Brazil (and the 2nd in S\u00e3o Paulo) after Millennium Palace and Mirante do Vale.", "mentions": {"country": [{"start_char": 157, "end_char": 163, "uri": "http://www.wikidata.org/entity/Q155"}, {"start_char": 342, "end_char": 348, "uri": "http://www.wikidata.org/entity/Q155"}, {"start_char": 342, "end_char": 348, "uri": "http://www.wikidata.org/entity/Q155"}], "architect": [], "owned_by": []}, "mentions_same_attribute_class": {"country": [], "architect": [], "owned_by": []}}