{"id": "Q17061913", "text": "The Palace is a residential high-rise building located in the Brickell neighborhood of Miami, Florida, United States. Standing at 400 feet (122 meters), the building is currently the 42nd-tallest building in the city. The building's address is 1541 Brickell Avenue. The Palace houses 42 floors, and was completed in 1981. The building was designed by the renowned Arquitectonica architectural firm, and MEP engineering services were provided by Franyie Engineers, Inc. (franyie.com).", "mentions": {"country": [], "architect": [{"start_char": 364, "end_char": 378, "uri": "http://www.wikidata.org/entity/Q2863562"}], "owned_by": []}, "mentions_same_attribute_class": {"country": [], "architect": [], "owned_by": []}}