{"id": "Q1702873", "text": "La Tour de la Bourse (English: Stock Exchange Tower) is a 48-storey skyscraper in Montreal, Quebec, Canada. It is located at the intersection of Victoria Square and Saint Jacques Street in the International Quarter. It is connected by the underground city to the Square-Victoria-OACI Metro Station. When completed in 1964, the tower was the tallest building in Canada, a title it held until surpassed by the Toronto-Dominion Centre in 1967. It is currently the third tallest in Montreal and the twenty-fifth tallest building in the country. The Tour de la Bourse was designed by Luigi Moretti and Pier Luigi Nervi and is considered to be of the International Style.", "mentions": {"country": [{"start_char": 82, "end_char": 98, "uri": "http://www.wikidata.org/entity/Q340"}, {"start_char": 100, "end_char": 106, "uri": "http://www.wikidata.org/entity/Q16"}, {"start_char": 361, "end_char": 367, "uri": "http://www.wikidata.org/entity/Q16"}, {"start_char": 478, "end_char": 486, "uri": "http://www.wikidata.org/entity/Q340"}, {"start_char": 82, "end_char": 98, "uri": "http://www.wikidata.org/entity/Q340"}, {"start_char": 100, "end_char": 106, "uri": "http://www.wikidata.org/entity/Q16"}, {"start_char": 478, "end_char": 486, "uri": "http://www.wikidata.org/entity/Q340"}], "architect": [{"start_char": 579, "end_char": 592, "uri": "http://www.wikidata.org/entity/Q1876230"}, {"start_char": 579, "end_char": 592, "uri": "http://www.wikidata.org/entity/Q1876230"}], "owned_by": []}, "mentions_same_attribute_class": {"country": [], "architect": [], "owned_by": []}}