{"id": "Q17093744", "text": "Torre N\u00fa\u00f1ez y Navarro (also Repsol building) is a skyscraper in Barcelona, Catalonia, Spain. Completed in 1993, has 20 floors and rises 77 meters. Lies on Carrer de Tarragona street 141, near Pla\u00e7a d'Espanya and three other skyscrapers: Edificio Allianz, Hotel Torre Catalunya, Edificio Tarragona.", "mentions": {"country": [{"start_char": 86, "end_char": 91, "uri": "http://www.wikidata.org/entity/Q29"}], "architect": [], "owned_by": []}, "mentions_same_attribute_class": {"country": [], "architect": [], "owned_by": []}}