{"id": "Q17153073", "text": "The Capital is a 19-story building situated in Bandra Kurla Complex, Mumbai. The Capital was constructed by Wadhwa Developers. It's a commercial building with a mixture of offices, retail and hospitality spaces. It features the world\u2019s largest automated car parking system, and is a green building, with Gold LEED certification.", "mentions": {"country": [], "architect": [], "owned_by": []}, "mentions_same_attribute_class": {"country": [], "architect": [], "owned_by": []}}