{"id": "Q172402", "text": "120 Collins Street is a 265-metre (869 ft) skyscraper in Melbourne, Victoria, Australia. It was built from 1989 to 1991 and it comprises 50 levels of office accommodation and 4 levels of plant. The building was designed by architectural firm Hassell, in association with Daryl Jackson. Structural engineers were Connell Wagner, and mechanical, electrical and fire services engineers were Lincolne Scott. 120 Collins Street is a postmodern style building, paying homage to New York City's grand Art Deco buildings, such as the Empire State Building and the Chrysler Building. This influence can be seen in the building's granite fa\u00e7ade, its setbacks and its central mast. The building is home to a number of high-profile tenants including Bank of America Merrill Lynch, BlackRock, Rothschild, Standard & Poor's, Bluescope Steel, Mitsubishi, Rio Tinto Group, Ord Minnet, System Partners, and Citigroup's Melbourne office. When completed, the building had a roof height of 220 metres with a 45-metre spire on top, bringing the total height to 265 metres. It surpassed the Rialto Towers as Australia's tallest building (Although the Rialto was still taller by roof). It was the tallest for fourteen years until it was surpassed by the Q1 in 2005. It remained the tallest building in Melbourne until being surpassed by the Eureka Tower in 2006. It is currently the third tallest building in Australia.", "mentions": {"country": [{"start_char": 78, "end_char": 87, "uri": "http://www.wikidata.org/entity/Q408"}, {"start_char": 1086, "end_char": 1095, "uri": "http://www.wikidata.org/entity/Q408"}, {"start_char": 1386, "end_char": 1395, "uri": "http://www.wikidata.org/entity/Q408"}, {"start_char": 78, "end_char": 87, "uri": "http://www.wikidata.org/entity/Q408"}, {"start_char": 1086, "end_char": 1095, "uri": "http://www.wikidata.org/entity/Q408"}, {"start_char": 1386, "end_char": 1395, "uri": "http://www.wikidata.org/entity/Q408"}], "architect": [], "owned_by": []}, "mentions_same_attribute_class": {"country": [], "architect": [], "owned_by": []}}