{"id": "Q172811", "text": "1221 Avenue of the Americas, also known as the McGraw-Hill Building, is a skyscraper built in 1969, located at 1221 Sixth Avenue, in Manhattan, New York City. It is the third building in Manhattan to have the McGraw-Hill name, and is one of several buildings that were part of the Rockefeller Center complex expansion in the 1960s. It is 674 feet (205 m) high and 51 stories. The building is the former headquarters of McGraw-Hill Financial, from which it derived its name. Other tenants include Sirius XM Radio, whose headquarters and broadcast facility are in the building. The expansion consisted of the three buildings collectively known as the \"XYZ Buildings,\" each with similar slab-like massing, of different heights and designed by Wallace Harrison's firm. The sunken courtyard of this building contains a large metal triangle designed by Athelstan Spilhaus and fabricated by Tyler Elevator Products, arranged so the Sun aligns with its sides at solstices and equinoxes. When built, the south-western corner held a display of scale models of planets in the Solar System. A mosaic map of the Earth survives in the north-western corner.", "mentions": {"country": [{"start_char": 133, "end_char": 152, "uri": "http://www.wikidata.org/entity/Q11299"}, {"start_char": 187, "end_char": 196, "uri": "http://www.wikidata.org/entity/Q11299"}, {"start_char": 133, "end_char": 152, "uri": "http://www.wikidata.org/entity/Q11299"}, {"start_char": 187, "end_char": 196, "uri": "http://www.wikidata.org/entity/Q11299"}], "architect": [{"start_char": 740, "end_char": 756, "uri": "http://www.wikidata.org/entity/Q3565469"}], "owned_by": []}, "mentions_same_attribute_class": {"country": [], "architect": [], "owned_by": []}}