{"id": "Q1735111", "text": "The Landmark is a postmodern supertall skyscraper in Abu Dhabi, United Arab Emirates. The mixed-use project stands 324 metres (1,063 ft) tall with 72 floors above ground and five basement levels. Construction on the skyscraper started in late 2006 and the building was completed in 2012. It is the second tallest building in Abu Dhabi behind the Burj Mohammed bin Rashid in the Central Market Project World Trade Center complex.", "mentions": {"country": [{"start_char": 53, "end_char": 84, "uri": "http://www.wikidata.org/entity/Q1519"}, {"start_char": 325, "end_char": 334, "uri": "http://www.wikidata.org/entity/Q1519"}, {"start_char": 325, "end_char": 334, "uri": "http://www.wikidata.org/entity/Q1519"}], "architect": [], "owned_by": []}, "mentions_same_attribute_class": {"country": [], "architect": [], "owned_by": []}}