{"id": "Q17332292", "text": "Baoneng Shenyang Global Financial Center (Chinese\uff1a\u6c88\u9633\u5b9d\u80fd\u73af\u7403\u91d1\u878d\u4e2d\u5fc3) is a supertall skyscraper under construction in Shenyang, Liaoning, China. It is planned to be 565 metres (1,854 ft) tall. Construction started in 2014 and is expected to be completed in 2018.", "mentions": {"country": [{"start_char": 110, "end_char": 118, "uri": "http://www.wikidata.org/entity/Q11720"}, {"start_char": 130, "end_char": 135, "uri": "http://www.wikidata.org/entity/Q148"}, {"start_char": 110, "end_char": 118, "uri": "http://www.wikidata.org/entity/Q11720"}, {"start_char": 130, "end_char": 135, "uri": "http://www.wikidata.org/entity/Q148"}], "architect": [], "owned_by": []}, "mentions_same_attribute_class": {"country": [], "architect": [], "owned_by": []}}