{"id": "Q17332590", "text": "The Stonehenge is a residential apartment building on Boulevard East in the Woodcliff section of North Bergen, New Jersey in the United States. Situated adjacent to North Hudson Park, the building was constructed in 1967 during a high-rise building spree and at 369 feet (112 m) is among the tallest buildings in the area. The 34-story building has 356 apartments and 5 levels of indoor parking.", "mentions": {"country": [{"start_char": 129, "end_char": 142, "uri": "http://www.wikidata.org/entity/Q30"}], "architect": [], "owned_by": []}, "mentions_same_attribute_class": {"country": [], "architect": [], "owned_by": []}}