{"id": "Q173454", "text": "1250 Ren\u00e9-L\u00e9vesque, also known as the IBM-Marathon Tower, is a 226 m (741 ft), 47-story skyscraper in Montreal, Quebec, Canada. The building was designed by Kohn Pedersen Fox Associates for IBM Canada and Marathon Realty, hence the former name \"IBM-Marathon\". It is now named for its address at 1250 Ren\u00e9 L\u00e9vesque Boulevard West, in the Ville-Marie borough of Downtown Montreal. It is adjacent to the Bell Centre and Windsor Station to the south, and stands on the site of the former American Presbyterian Church. It is connected to the Bonaventure metro station and the underground city network. 1250 is currently owned and managed by global real estate investor, developer and owner Oxford Properties and is still partially occupied by IBM.", "mentions": {"country": [{"start_char": 120, "end_char": 126, "uri": "http://www.wikidata.org/entity/Q16"}, {"start_char": 194, "end_char": 200, "uri": "http://www.wikidata.org/entity/Q16"}], "architect": [{"start_char": 157, "end_char": 185, "uri": "http://www.wikidata.org/entity/Q212487"}], "owned_by": [{"start_char": 685, "end_char": 702, "uri": "http://www.wikidata.org/entity/Q2042805"}]}, "mentions_same_attribute_class": {"country": [], "architect": [], "owned_by": []}}