{"id": "Q1740348", "text": "The Keystone Building is a high-rise building located in downtown Boston, Massachusetts. The building stands at 400 feet (122 m) with 32 floors, and was completed in 1971. In height, it is tied with Harbor Towers I as the 27th-tallest building in Boston. The architectural firm who designed the building was Emery Roth & Sons. The Keystone Building is notable for its distinctive rounded corners and grooved fa\u00e7ade.", "mentions": {"country": [{"start_char": 66, "end_char": 87, "uri": "http://www.wikidata.org/entity/Q100"}], "architect": [{"start_char": 308, "end_char": 325, "uri": "http://www.wikidata.org/entity/Q371506"}], "owned_by": []}, "mentions_same_attribute_class": {"country": [], "architect": [], "owned_by": []}}