{"id": "Q1749785", "text": "Southeast Financial Center is a two-acre development in Miami, Florida, United States. It consists of a 765 feet (233 m) tall office skyscraper and its 15-story parking garage. It was previously known as the Southeast Financial Center (1984\u20131992), the First Union Financial Center (1992\u20132003), and the Wachovia Financial Center (2003-2011). In 2011, it retook its old name of Southeast Financial Center as Wachovia became Wells Fargo and moved into its new headquarters, the nearby Wells Fargo Center building. When topped-off in August 1983, it was the tallest building south of New York City and east of the Mississippi River, taking away the same title from the Westin Peachtree Plaza Hotel, in Atlanta, Georgia. It remained the tallest building in the southeastern U.S. until 1987, when it was surpassed by One Atlantic Center in Atlanta and the tallest in Florida until October 1, 2003, when it was surpassed by the Four Seasons Hotel and Tower, also in Miami. It remains the tallest office tower in Florida and the second tallest building in Miami.", "mentions": {"country": [{"start_char": 56, "end_char": 70, "uri": "http://www.wikidata.org/entity/Q8652"}, {"start_char": 72, "end_char": 85, "uri": "http://www.wikidata.org/entity/Q30"}, {"start_char": 769, "end_char": 773, "uri": "http://www.wikidata.org/entity/Q30"}, {"start_char": 959, "end_char": 964, "uri": "http://www.wikidata.org/entity/Q8652"}, {"start_char": 1048, "end_char": 1053, "uri": "http://www.wikidata.org/entity/Q8652"}, {"start_char": 56, "end_char": 70, "uri": "http://www.wikidata.org/entity/Q8652"}, {"start_char": 72, "end_char": 85, "uri": "http://www.wikidata.org/entity/Q30"}, {"start_char": 769, "end_char": 773, "uri": "http://www.wikidata.org/entity/Q30"}, {"start_char": 1048, "end_char": 1053, "uri": "http://www.wikidata.org/entity/Q8652"}], "architect": [], "owned_by": []}, "mentions_same_attribute_class": {"country": [], "architect": [], "owned_by": []}}