{"id": "AAB-04-02", "text": "On August 10, 2001, about 1428 mountain standard time, a Eurocopter AS350-B2 helicopter, N169PA, operating as Papillon 34, collided with terrain during an uncontrolled descent about 4 miles east of Meadview, Arizona. The helicopter was operated by Papillon Airways, Inc., as an air tour flight under Code of Federal Regulations 14 (CFR) Part 135. The helicopter was destroyed by impact forces and a postcrash fire. The pilot and five passengers were killed, and the remaining passenger sustained serious injuries. The flight originated from the company terminal at the McCarran International Airport (LAS), Las Vegas, Nevada, about 1245 as a tour of the west Grand Canyon area with a planned stop at a landing site in Quartermaster Canyon. The helicopter departed the landing site about 1400 and stopped at a company fueling facility at the Grand Canyon West Airport (GCW). The helicopter departed the fueling facility at 1420 and was en route to LAS when the accident occurred. Visual meteorological conditions prevailed, and a visual flight rules flight plan was filed.", "mentions": {"event_date": [{"start_char": 3, "end_char": 18}], "location_city": [{"start_char": 198, "end_char": 206}], "location_state": [{"start_char": 208, "end_char": 215}], "airport_code": [{"start_char": 601, "end_char": 604}, {"start_char": 947, "end_char": 950}], "airport_name": [{"start_char": 569, "end_char": 599}], "aircraft_damage": [{"start_char": 366, "end_char": 375}], "aircraft_registration_number": [{"start_char": 89, "end_char": 95}], "aircraft_make": [{"start_char": 57, "end_char": 67}], "aircraft_model": [{"start_char": 68, "end_char": 76}], "far_description": [{"start_char": 300, "end_char": 345}, {"start_char": 337, "end_char": 345}, {"start_char": 342, "end_char": 345}], "air_carrier": [{"start_char": 110, "end_char": 118}, {"start_char": 248, "end_char": 270}], "weather_condition": [{"start_char": 979, "end_char": 1011}]}, "mentions_same_attribute_class": {"event_date": [], "location_city": [{"start_char": 607, "end_char": 616}], "location_state": [{"start_char": 618, "end_char": 624}], "airport_code": [{"start_char": 868, "end_char": 871}], "airport_name": [{"start_char": 841, "end_char": 866}], "aircraft_damage": [], "aircraft_registration_number": [], "aircraft_make": [], "aircraft_model": [], "far_description": [], "air_carrier": [], "weather_condition": []}}