{"id": "AAB-02-01", "text": "On October 31, 1999, about 0152 eastern standard time (EST), EgyptAir flight 990, a Boeing 767-366ER (767), SU-GAP, crashed into the Atlantic Ocean about 60 miles south of Nantucket, Massachusetts. EgyptAir flight 990 was being operated under the provisions of Egyptian Civil Aviation Regulations (ECAR) Part 121 and U.S. 14 Code of Federal Regulations Part 129 as a scheduled, international flight from John F. Kennedy International Airport (JFK), New York, New York, to Cairo International Airport, Cairo, Egypt. The flight departed JFK about 0120, with 4 flight crewmembers, 10 flight attendants, and 203 passengers on board. All 217 people on board were killed, and the airplane was destroyed. Visual meteorological conditions prevailed for the flight, which operated on an instrument flight rules (IFR) flight plan.", "mentions": {"event_date": [{"start_char": 3, "end_char": 19}], "location_city": [{"start_char": 172, "end_char": 181}], "location_state": [{"start_char": 183, "end_char": 196}], "airport_code": [{"start_char": 443, "end_char": 446}, {"start_char": 535, "end_char": 538}], "airport_name": [{"start_char": 404, "end_char": 441}], "aircraft_damage": [{"start_char": 687, "end_char": 696}], "aircraft_registration_number": [{"start_char": 108, "end_char": 114}], "aircraft_make": [{"start_char": 84, "end_char": 90}], "aircraft_model": [{"start_char": 91, "end_char": 106}, {"start_char": 91, "end_char": 100}, {"start_char": 102, "end_char": 105}], "far_description": [{"start_char": 261, "end_char": 312}, {"start_char": 304, "end_char": 312}, {"start_char": 309, "end_char": 312}, {"start_char": 322, "end_char": 361}, {"start_char": 317, "end_char": 361}, {"start_char": 353, "end_char": 361}, {"start_char": 358, "end_char": 361}], "air_carrier": [{"start_char": 61, "end_char": 69}, {"start_char": 198, "end_char": 206}], "weather_condition": [{"start_char": 698, "end_char": 730}]}, "mentions_same_attribute_class": {"event_date": [], "location_city": [{"start_char": 449, "end_char": 457}, {"start_char": 501, "end_char": 506}], "location_state": [{"start_char": 459, "end_char": 467}, {"start_char": 508, "end_char": 513}], "airport_code": [], "airport_name": [{"start_char": 472, "end_char": 499}], "aircraft_damage": [], "aircraft_registration_number": [], "aircraft_make": [], "aircraft_model": [], "far_description": [], "air_carrier": [], "weather_condition": []}}