{"id": "AAB-06-06", "text": "\u200bOn November 22, 2004, about 0615 central standard time, a Gulfstream G\u20111159A (G-III), N85VT, operated by Business Jet Services Ltd., struck a light pole and crashed about 3 miles southwest of William P. Hobby Airport (HOU), Houston, Texas, while on an instrument landing system (ILS) approach to runway 4. The two pilots and the flight attendant were killed, an individual in a vehicle near the airport received minor injuries, and the airplane was destroyed by impact forces. The airplane was being operated under the provisions of 14 Code of Federal Regulations (CFR) Part 91 on an instrument flight rules flight plan. Instrument meteorological conditions (IMC) prevailed at the time of the accident.", "mentions": {"event_date": [{"start_char": 4, "end_char": 21}], "location_city": [{"start_char": 225, "end_char": 232}], "location_state": [{"start_char": 234, "end_char": 239}], "airport_code": [{"start_char": 219, "end_char": 222}], "airport_name": [{"start_char": 193, "end_char": 217}], "aircraft_damage": [{"start_char": 450, "end_char": 459}], "aircraft_registration_number": [{"start_char": 87, "end_char": 92}], "aircraft_make": [{"start_char": 59, "end_char": 69}], "aircraft_model": [{"start_char": 70, "end_char": 85}, {"start_char": 70, "end_char": 77}, {"start_char": 79, "end_char": 84}], "far_description": [{"start_char": 534, "end_char": 578}, {"start_char": 571, "end_char": 578}, {"start_char": 576, "end_char": 578}], "air_carrier": [{"start_char": 106, "end_char": 132}], "weather_condition": [{"start_char": 622, "end_char": 664}, {"start_char": 660, "end_char": 663}, {"start_char": 622, "end_char": 658}]}, "mentions_same_attribute_class": {"event_date": [], "location_city": [], "location_state": [], "airport_code": [], "airport_name": [], "aircraft_damage": [], "aircraft_registration_number": [], "aircraft_make": [], "aircraft_model": [], "far_description": [], "air_carrier": [], "weather_condition": []}}