{"id": "AAB-06-05", "text": "On October 24, 2004, about 0025 Pacific daylight time, a Learjet 35A, N30DK, registered to and operated by Med Flight Air Ambulance, Inc. (MFAA), crashed into mountainous terrain shortly after takeoff from Brown Field Municipal Airport (SDM), near San Diego, California. The captain, the copilot, and the three medical crewmembers were killed, and the airplane was destroyed. The repositioning flight was operated under the provisions of 14 Code of Federal Regulations (CFR) Part 91 with an instrument flight rules (IFR) flight plan filed. Night visual meteorological conditions prevailed.", "mentions": {"event_date": [{"start_char": 3, "end_char": 19}], "location_city": [{"start_char": 248, "end_char": 257}], "location_state": [{"start_char": 259, "end_char": 269}], "airport_code": [{"start_char": 237, "end_char": 240}], "airport_name": [{"start_char": 206, "end_char": 235}], "aircraft_damage": [{"start_char": 365, "end_char": 374}], "aircraft_registration_number": [{"start_char": 70, "end_char": 75}], "aircraft_make": [{"start_char": 57, "end_char": 64}], "aircraft_model": [{"start_char": 65, "end_char": 68}], "far_description": [{"start_char": 438, "end_char": 482}, {"start_char": 475, "end_char": 482}, {"start_char": 480, "end_char": 482}], "air_carrier": [{"start_char": 107, "end_char": 137}], "weather_condition": [{"start_char": 540, "end_char": 578}]}, "mentions_same_attribute_class": {"event_date": [], "location_city": [], "location_state": [], "airport_code": [], "airport_name": [], "aircraft_damage": [], "aircraft_registration_number": [], "aircraft_make": [], "aircraft_model": [], "far_description": [], "air_carrier": [], "weather_condition": []}}