{"id": "AAB-04-01", "text": "On October 10, 2000, at 1452 central daylight time, a Canadair Challenger CL-600-2B16 (CL-604) (Canadian registration C-FTBZ and operated by Bombardier Incorporated) was destroyed on impact with terrain and postimpact fire during initial climb from runway 19R at Wichita Mid-Continent Airport (ICT) , Wichita, Kansas. The flight was operating under the provisions of 14 Code of Federal Regulations (CFR) Part 91 as an experimental test flight. The pilot and flight test engineer were killed. The copilot was seriously injured and died 36 days later.", "mentions": {"event_date": [{"start_char": 3, "end_char": 19}], "location_city": [{"start_char": 301, "end_char": 308}], "location_state": [{"start_char": 310, "end_char": 316}], "airport_code": [{"start_char": 294, "end_char": 297}], "airport_name": [{"start_char": 263, "end_char": 292}], "aircraft_damage": [{"start_char": 170, "end_char": 179}], "aircraft_registration_number": [{"start_char": 118, "end_char": 124}], "aircraft_make": [{"start_char": 54, "end_char": 62}], "aircraft_model": [{"start_char": 63, "end_char": 94}, {"start_char": 63, "end_char": 85}, {"start_char": 74, "end_char": 85}, {"start_char": 87, "end_char": 93}], "far_description": [{"start_char": 367, "end_char": 411}, {"start_char": 404, "end_char": 411}, {"start_char": 409, "end_char": 411}], "air_carrier": [{"start_char": 141, "end_char": 164}], "weather_condition": []}, "mentions_same_attribute_class": {"event_date": [], "location_city": [], "location_state": [], "airport_code": [], "airport_name": [], "aircraft_damage": [], "aircraft_registration_number": [], "aircraft_make": [], "aircraft_model": [], "far_description": [], "air_carrier": [], "weather_condition": []}}