{
  "id": "AAB-00-01",
  "text": "On October 25, 1999, about 1213 central daylight time (CDT), a Learjet Model 35, N47BA, operated by Sunjet Aviation, Inc., of Sanford, Florida, crashed near Aberdeen, South Dakota. The airplane departed Orlando, Florida, for Dallas, Texas, about 0920 eastern daylight time (EDT). Radio contact with the flight was lost north of Gainesville, Florida, after air traffic control (ATC) cleared the airplane to flight level (FL) 390. The airplane was intercepted by several U.S. Air Force (USAF) and Air National Guard (ANG) aircraft as it proceeded northwestbound. The military pilots in a position to observe the accident airplane at close range stated (in interviews or via radio transmissions) that the forward windshields of the Learjet seemed to be frosted or covered with condensation. The military pilots could not see into the cabin. They did not observe any structural anomaly or other unusual condition. The military pilots observed the airplane depart controlled flight and spiral to the ground, impacting an open field. All occupants on board the airplane (the captain, first officer, and four passengers) were killed, and the airplane was destroyed.",
  "mentions": {
    "event_date": [
      {
        "start_char": 3,
        "end_char": 19
      }
    ],
    "location_city": [
      {
        "start_char": 157,
        "end_char": 165
      }
    ],
    "location_state": [
      {
        "start_char": 167,
        "end_char": 179
      }
    ],
    "airport_code": [],
    "airport_name": [],
    "aircraft_damage": [
      {
        "start_char": 1148,
        "end_char": 1157
      }
    ],
    "aircraft_registration_number": [
      {
        "start_char": 81,
        "end_char": 86
      }
    ],
    "aircraft_make": [
      {
        "start_char": 63,
        "end_char": 70
      },
      {
        "start_char": 729,
        "end_char": 736
      }
    ],
    "aircraft_model": [
      {
        "start_char": 71,
        "end_char": 79
      }
    ],
    "far_description": [],
    "air_carrier": [
      {
        "start_char": 100,
        "end_char": 115
      }
    ],
    "weather_condition": []
  },
  "mentions_same_attribute_class": {
    "event_date": [],
    "location_city": [
      {
        "start_char": 126,
        "end_char": 133
      },
      {
        "start_char": 203,
        "end_char": 210
      },
      {
        "start_char": 225,
        "end_char": 231
      },
      {
        "start_char": 328,
        "end_char": 339
      }
    ],
    "location_state": [
      {
        "start_char": 135,
        "end_char": 142
      },
      {
        "start_char": 212,
        "end_char": 219
      },
      {
        "start_char": 233,
        "end_char": 238
      },
      {
        "start_char": 341,
        "end_char": 348
      }
    ],
    "airport_code": [],
    "airport_name": [],
    "aircraft_damage": [],
    "aircraft_registration_number": [],
    "aircraft_make": [],
    "aircraft_model": [],
    "far_description": [],
    "air_carrier": [],
    "weather_condition": []
  }
}