{"id": "AAB-07-04", "text": "On January 10, 2005, about 2311 eastern standard time,1 a Eurocopter Deutschland GmbH EC-135 P2 helicopter, N136LN, operated by LifeNet, Inc., as Life Evac 2, crashed into the Potomac River during low-altitude cruise flight near Oxon Hill, Maryland. The certificated commercial pilot and the flight paramedic were killed, and the flight nurse received serious injuries. The helicopter was destroyed. The positioning flight was conducted under the provisions of 14 Code of Federal Regulations (CFR) Part 91 and visual flight rules (VFR) with a company flight plan filed. Night visual meteorological conditions prevailed at the time of the accident.", "mentions": {"event_date": [{"start_char": 3, "end_char": 19}], "location_city": [{"start_char": 229, "end_char": 238}], "location_state": [{"start_char": 240, "end_char": 248}], "airport_code": [], "airport_name": [], "aircraft_damage": [{"start_char": 389, "end_char": 398}], "aircraft_registration_number": [{"start_char": 108, "end_char": 114}], "aircraft_make": [{"start_char": 58, "end_char": 85}], "aircraft_model": [{"start_char": 86, "end_char": 95}, {"start_char": 86, "end_char": 92}], "far_description": [{"start_char": 461, "end_char": 505}, {"start_char": 498, "end_char": 505}, {"start_char": 503, "end_char": 505}], "air_carrier": [{"start_char": 128, "end_char": 141}], "weather_condition": [{"start_char": 570, "end_char": 608}]}, "mentions_same_attribute_class": {"event_date": [], "location_city": [], "location_state": [], "airport_code": [], "airport_name": [], "aircraft_damage": [], "aircraft_registration_number": [], "aircraft_make": [], "aircraft_model": [], "far_description": [], "air_carrier": [], "weather_condition": []}}