{"id": "AAB-07-03", "text": "\u200bOn September 20, 2003, about 1238 mountain standard time, an Aerospatiale AS350BA helicopter, N270SH, operated by Sundance Helicopters, Inc., crashed into a canyon wall while maneuvering through Descent Canyon, about 1.5 nautical miles (nm) east of Grand Canyon West Airport (1G4) in Arizona. The pilot and all six passengers on board were killed, and the helicopter was destroyed by impact forces and postcrash fire. The air tour sightseeing flight was operated under the provisions of 14 Code of Federal Regulations (CFR) Part 135. Visual meteorological conditions (VMC) prevailed for the flight, which was operated under visual flight rules on a company flight plan. The helicopter was transporting passengers from a helipad at 1G4 (helipad elevation 4,775 feet mean sea level [msl]) near the upper rim of the Grand Canyon to a helipad designated \"the Beach\" (elevation 1,300 msl) located next to the Colorado River at the floor of the Grand Canyon.", "mentions": {"event_date": [{"start_char": 4, "end_char": 22}], "location_city": [], "location_state": [{"start_char": 285, "end_char": 292}], "airport_code": [{"start_char": 277, "end_char": 280}, {"start_char": 732, "end_char": 735}], "airport_name": [{"start_char": 250, "end_char": 275}], "aircraft_damage": [{"start_char": 372, "end_char": 381}], "aircraft_registration_number": [{"start_char": 95, "end_char": 101}], "aircraft_make": [{"start_char": 62, "end_char": 74}], "aircraft_model": [{"start_char": 75, "end_char": 82}], "far_description": [{"start_char": 488, "end_char": 533}, {"start_char": 525, "end_char": 533}, {"start_char": 530, "end_char": 533}], "air_carrier": [{"start_char": 115, "end_char": 141}], "weather_condition": [{"start_char": 535, "end_char": 573}, {"start_char": 569, "end_char": 572}, {"start_char": 535, "end_char": 567}]}, "mentions_same_attribute_class": {"event_date": [], "location_city": [], "location_state": [], "airport_code": [], "airport_name": [], "aircraft_damage": [], "aircraft_registration_number": [], "aircraft_make": [], "aircraft_model": [], "far_description": [], "air_carrier": [], "weather_condition": []}}