{"id": "AAB-07-01", "text": "On September 23, 2005, about 1415 Hawaiian standard time, an Aerospatiale AS350BA helicopter, N355NT, registered to Jan Leasing, LLC, and operated by Heli- USA Airways, Inc., of Las Vegas, Nevada, encountered adverse weather and crashed into the Pacific Ocean several hundred feet off the coast of Kailiu Point, near Haena, Hawaii, on the island of Kauai. The sightseeing air tour flight was operated under the provisions of 14 Code of Federal Regulations (CFR) Part 135 and visual flight rules (VFR) with a company flight plan in effect. Localized instrument meteorological conditions (IMC) prevailed in the vicinity of the accident site. Three passengers were killed, and the commercial pilot and two other passengers received minor injuries. The flight departed from Lihue Airport (LIH), Lihue, Hawaii, on the island of Kauai, at 1354 for the intended 45-minute tour.", "mentions": {"event_date": [{"start_char": 3, "end_char": 21}], "location_city": [{"start_char": 317, "end_char": 322}], "location_state": [{"start_char": 324, "end_char": 330}, {"start_char": 798, "end_char": 804}], "airport_code": [{"start_char": 785, "end_char": 788}], "airport_name": [{"start_char": 770, "end_char": 783}], "aircraft_damage": [], "aircraft_registration_number": [{"start_char": 94, "end_char": 100}], "aircraft_make": [{"start_char": 61, "end_char": 73}], "aircraft_model": [{"start_char": 74, "end_char": 81}], "far_description": [{"start_char": 425, "end_char": 470}, {"start_char": 462, "end_char": 470}, {"start_char": 467, "end_char": 470}], "air_carrier": [{"start_char": 150, "end_char": 173}], "weather_condition": [{"start_char": 549, "end_char": 591}, {"start_char": 587, "end_char": 590}, {"start_char": 549, "end_char": 585}]}, "mentions_same_attribute_class": {"event_date": [], "location_city": [{"start_char": 178, "end_char": 187}, {"start_char": 298, "end_char": 310}, {"start_char": 349, "end_char": 354}, {"start_char": 791, "end_char": 796}, {"start_char": 823, "end_char": 828}], "location_state": [{"start_char": 189, "end_char": 195}], "airport_code": [], "airport_name": [], "aircraft_damage": [], "aircraft_registration_number": [], "aircraft_make": [], "aircraft_model": [], "far_description": [], "air_carrier": [{"start_char": 116, "end_char": 132}], "weather_condition": []}}