{"id": "AAB-12-01", "text": "\u200bOn September 16, 2011, about 1625 Pacific daylight time, an experimental, single-seat North American P-51D, N79111, collided with the airport ramp in the spectator box seating area following a loss of control during the National Championship Air Races unlimited class gold race at the Reno/Stead Airport (RST), Reno, Nevada. The airplane was registered to Aero-Trans Corp (dba Leeward Aeronautical Sales), Ocala, Florida, and operated by the commercial pilot as Race 177, The Galloping Ghost, under the provisions of 14 Code of Federal Regulations Part 91. The pilot and 10 people on the ground sustained fatal injuries, and at least 64 people on the ground were injured (at least 16 of whom were reported to have sustained serious injuries). The airplane sustained substantial damage, fragmenting upon collision with the ramp. Visual meteorological conditions prevailed, and no flight plan had been filed for the local air race flight, which departed RTS about 10 minutes before the accident.\n\nThe accident airplane was in third place during the third lap of the six-lap race and was traveling about 445 knots when it experienced a left roll upset and high-G pitch up. Subsequently, the airplane entered a right-rolling climb maneuver. During these events, the vertical acceleration peaked at 17.3 G, and, a few seconds later, a section of the left elevator trim tab separated in flight. The characteristics of the airplane's pitch changes during the upset were such that the pilot's time of useful consciousness was likely less than 1 second. As a result, the pilot soon became completely incapacitated, and the airplane's continued climb and helical decent occurred without his control.\n\nThe accident airplane had undergone many structural and flight control modifications that were undocumented and for which no flight testing or analysis had been performed to assess their effects on the airplane's structural strength, performance, or flight characteristics. The investigation determined that some of these modifications had undesirable effects. For example, the use of a single, controllable elevator trim tab (installed on the left elevator) increased the aerodynamic load on the left trim tab (compared to a stock airplane, which has a controllable tab on each elevator). Also, filler material on the elevator trim tabs (both the controllable left tab and the fixed right tab) increased the potential for flutter because in increased the weight of the tabs and moved their center of gravity aft, and modifications to the elevator counterweights and inertia weight made the airplane more sensitive in pitch control. It is likely that, had engineering evaluations and diligent flight testing for the modifications been performed, many of the airplane's undesirable structural and control characteristics could have been identified and corrected.\n\nThe investigation determined that the looseness of the elevator trim tab attachment screws (for both the controllable left  tab and the fixed right tab) and a fatigue crack in one of the screws caused a decrease in the structural stiffness of the elevator trim system. At racing speeds, the decreased stiffness was sufficient to allow aerodynamic flutter of the elevator trim tabs. Excitation of the flutter resulted in dynamic compressive loads in the left elevator trim tab's link assembly that increased beyond its buckling strength, causing a bending fracture. The flutter and the failure of the left elevator trim tab's link assembly excited the flutter of the right elevator trim tab, increasing the dynamic compressive loads in the right elevator trim tab's fixed link assembly beyond its buckling strength, causing a bending fracture. The investigation found that the condition of the trim tab attachment screws' locknut inserts, which showed evidence of age and reuse, rendered them ineffective at providing sufficient clamping pressure on the trim tab attachment screws to keep the hinge surfaces tight.", "mentions": {"event_date": [{"start_char": 4, "end_char": 22}], "location_city": [{"start_char": 312, "end_char": 316}], "location_state": [{"start_char": 318, "end_char": 324}], "airport_code": [{"start_char": 306, "end_char": 309}, {"start_char": 953, "end_char": 956}], "airport_name": [{"start_char": 286, "end_char": 304}], "aircraft_damage": [{"start_char": 767, "end_char": 785}], "aircraft_registration_number": [{"start_char": 109, "end_char": 115}], "aircraft_make": [{"start_char": 87, "end_char": 101}], "aircraft_model": [{"start_char": 102, "end_char": 107}], "far_description": [{"start_char": 518, "end_char": 556}, {"start_char": 549, "end_char": 556}, {"start_char": 554, "end_char": 556}], "air_carrier": [{"start_char": 357, "end_char": 372}, {"start_char": 378, "end_char": 404}], "weather_condition": [{"start_char": 829, "end_char": 861}]}, "mentions_same_attribute_class": {"event_date": [], "location_city": [{"start_char": 407, "end_char": 412}], "location_state": [{"start_char": 414, "end_char": 421}], "airport_code": [], "airport_name": [], "aircraft_damage": [], "aircraft_registration_number": [], "aircraft_make": [], "aircraft_model": [], "far_description": [], "air_carrier": [], "weather_condition": []}}