{"id": "AAB-06-04", "text": "On December 23, 2003, about 0913 Pacific standard time, a Learjet 24B, N600XJ, registered to and operated by Pavair, Inc., of Santa Monica, California, departed controlled flight and crashed near Helendale, California. The captain and the first officer were killed, and the airplane was destroyed. The flight was operating under the provisions of 14 Code of Federal Regulations (CFR) Part 91 from San Bernardino County Airport (CNO), Chino, California, to Friedman Memorial Airport, Hailey, Idaho. Visual meteorological conditions prevailed for the flight, which operated on an instrument flight rules flight plan.", "mentions": {"event_date": [{"start_char": 3, "end_char": 20}], "location_city": [{"start_char": 196, "end_char": 205}], "location_state": [{"start_char": 140, "end_char": 150}, {"start_char": 207, "end_char": 217}, {"start_char": 441, "end_char": 451}], "airport_code": [{"start_char": 428, "end_char": 431}], "airport_name": [{"start_char": 397, "end_char": 426}], "aircraft_damage": [{"start_char": 287, "end_char": 296}], "aircraft_registration_number": [{"start_char": 71, "end_char": 77}], "aircraft_make": [{"start_char": 58, "end_char": 65}], "aircraft_model": [{"start_char": 66, "end_char": 69}], "far_description": [{"start_char": 347, "end_char": 391}, {"start_char": 384, "end_char": 391}, {"start_char": 389, "end_char": 391}], "air_carrier": [{"start_char": 109, "end_char": 121}], "weather_condition": [{"start_char": 498, "end_char": 530}]}, "mentions_same_attribute_class": {"event_date": [], "location_city": [{"start_char": 126, "end_char": 138}, {"start_char": 434, "end_char": 439}, {"start_char": 483, "end_char": 489}], "location_state": [{"start_char": 491, "end_char": 496}], "airport_code": [], "airport_name": [{"start_char": 456, "end_char": 481}], "aircraft_damage": [], "aircraft_registration_number": [], "aircraft_make": [], "aircraft_model": [], "far_description": [], "air_carrier": [], "weather_condition": []}}