{"id": "AAB-02-03", "text": "On March 29, 2001, about 1901:57 mountain standard time, a Gulfstream III, N303GA, owned by Airbourne Charter, Inc., and operated by Avjet Corporation of Burbank, California, crashed while on final approach to runway 15 at Aspen-Pitkin County Airport (ASE), Aspen, Colorado. The charter flight had departed Los Angeles International Airport (LAX) about 1711 with 2 pilots, 1 flight attendant, and 15 passengers. The airplane crashed into sloping terrain about 2,400 feet short of the runway threshold. All of the passengers and crewmembers were killed, and the airplane was destroyed. The flight was being operated on an instrument flight rules (IFR) flight plan under 14 Code of Federal Regulations (CFR) Part 135.", "mentions": {"event_date": [{"start_char": 3, "end_char": 17}], "location_city": [{"start_char": 258, "end_char": 263}], "location_state": [{"start_char": 265, "end_char": 273}], "airport_code": [{"start_char": 252, "end_char": 255}], "airport_name": [{"start_char": 223, "end_char": 250}], "aircraft_damage": [{"start_char": 574, "end_char": 583}], "aircraft_registration_number": [{"start_char": 75, "end_char": 81}], "aircraft_make": [{"start_char": 59, "end_char": 69}], "aircraft_model": [{"start_char": 70, "end_char": 73}], "far_description": [{"start_char": 669, "end_char": 714}, {"start_char": 706, "end_char": 714}, {"start_char": 711, "end_char": 714}], "air_carrier": [{"start_char": 133, "end_char": 150}], "weather_condition": []}, "mentions_same_attribute_class": {"event_date": [], "location_city": [{"start_char": 154, "end_char": 161}], "location_state": [{"start_char": 163, "end_char": 173}], "airport_code": [{"start_char": 342, "end_char": 345}], "airport_name": [{"start_char": 307, "end_char": 340}], "aircraft_damage": [], "aircraft_registration_number": [], "aircraft_make": [], "aircraft_model": [], "far_description": [], "air_carrier": [{"start_char": 92, "end_char": 115}], "weather_condition": []}}