{"id": "AAB-01-02", "text": "On September 25, 1999, about 1726 Hawaiian standard time, Big Island Air flight 58, a Piper PA-31-350 (Chieftain), N411WL, crashed on the northeast slope of the Mauna Loa volcano near Volcano, Hawaii. The pilot and all nine passengers on board were killed, and the airplane was destroyed by impact forces and a postimpact fire. The sightseeing tour flight was operating under 14 Code of Federal Regulations (CFR) Part 135 as an on-demand air taxi operation. A visual flight rules (VFR) flight plan was filed, and visual meteorological conditions (VMC) existed at the Keahole-Kona International Airport (KOA), Kona, Hawaii, from which the airplane departed about 1622. The investigation determined that instrument meteorological conditions (IMC) prevailed in the vicinity of the accident site.", "mentions": {"event_date": [{"start_char": 3, "end_char": 21}], "location_city": [{"start_char": 184, "end_char": 191}], "location_state": [{"start_char": 193, "end_char": 199}, {"start_char": 615, "end_char": 621}], "airport_code": [{"start_char": 603, "end_char": 606}], "airport_name": [{"start_char": 567, "end_char": 601}], "aircraft_damage": [{"start_char": 278, "end_char": 287}], "aircraft_registration_number": [{"start_char": 115, "end_char": 121}], "aircraft_make": [{"start_char": 86, "end_char": 91}], "aircraft_model": [{"start_char": 92, "end_char": 101}], "far_description": [{"start_char": 376, "end_char": 421}, {"start_char": 413, "end_char": 421}, {"start_char": 418, "end_char": 421}], "air_carrier": [{"start_char": 58, "end_char": 72}], "weather_condition": [{"start_char": 702, "end_char": 744}, {"start_char": 702, "end_char": 738}, {"start_char": 740, "end_char": 743}]}, "mentions_same_attribute_class": {"event_date": [], "location_city": [{"start_char": 609, "end_char": 613}], "location_state": [], "airport_code": [], "airport_name": [], "aircraft_damage": [], "aircraft_registration_number": [], "aircraft_make": [], "aircraft_model": [], "far_description": [], "air_carrier": [], "weather_condition": [{"start_char": 513, "end_char": 551}, {"start_char": 513, "end_char": 545}, {"start_char": 547, "end_char": 550}]}}