{"id": "AAB-01-01", "text": "On February 9, 1998, about 0954 central standard time (CST), a Boeing 727-223 (727), N845AA, operated by American Airlines as flight 1340, impacted the ground short of the runway 14R threshold at Chicago O'Hare International Airport (ORD) while conducting a Category II (CAT II) instrument landing system (ILS) coupled approach. Twenty-two passengers and one flight attendant received minor injuries, and the airplane was substantially damaged. The airplane, being operated by American Airlines as a scheduled domestic passenger flight under the provisions of 14 Code of Federal Regulations (CFR) Part 121, with 116 passengers, 3 flight crewmembers, and 3 flight attendants on board, was destined for Chicago, Illinois, from Kansas City International Airport (MCI), Kansas City, Missouri. Daylight instrument meteorological conditions prevailed at the time of the accident.", "mentions": {"event_date": [{"start_char": 3, "end_char": 19}], "location_city": [{"start_char": 701, "end_char": 708}], "location_state": [{"start_char": 710, "end_char": 718}], "airport_code": [{"start_char": 234, "end_char": 237}], "airport_name": [{"start_char": 196, "end_char": 232}], "aircraft_damage": [{"start_char": 422, "end_char": 443}], "aircraft_registration_number": [{"start_char": 85, "end_char": 91}], "aircraft_make": [{"start_char": 63, "end_char": 69}], "aircraft_model": [{"start_char": 70, "end_char": 77}, {"start_char": 70, "end_char": 83}, {"start_char": 79, "end_char": 82}], "far_description": [{"start_char": 560, "end_char": 605}, {"start_char": 597, "end_char": 605}, {"start_char": 602, "end_char": 605}], "air_carrier": [{"start_char": 105, "end_char": 122}, {"start_char": 477, "end_char": 494}], "weather_condition": [{"start_char": 789, "end_char": 834}]}, "mentions_same_attribute_class": {"event_date": [], "location_city": [{"start_char": 766, "end_char": 777}], "location_state": [{"start_char": 779, "end_char": 787}], "airport_code": [{"start_char": 760, "end_char": 763}], "airport_name": [{"start_char": 725, "end_char": 758}], "aircraft_damage": [], "aircraft_registration_number": [], "aircraft_make": [], "aircraft_model": [], "far_description": [], "air_carrier": [], "weather_condition": []}}