{"id": "AAB-07-02", "text": "On October 11, 2006, about 1442 eastern daylight time, a Cirrus Design SR20, N929CD, operated as a personal flight, crashed into an apartment building in Manhattan, New York City, while attempting to maneuver above the East River. The two pilots on board the airplane, a certificated private pilot who was the owner of the airplane and a passenger who was a certificated commercial pilot with a flight instructor certificate, were killed. One person on the ground sustained serious injuries, two people on the ground sustained minor injuries, and the airplane was destroyed by impact forces and postcrash fire. The flight was operating under the provisions of 14 Code of Federal Regulations (CFR) Part 91, and no flight plan was filed. Marginal visual flight rules (MVFR) conditions prevailed at the time of the accident.", "mentions": {"event_date": [{"start_char": 3, "end_char": 19}], "location_city": [{"start_char": 154, "end_char": 163}], "location_state": [{"start_char": 165, "end_char": 178}], "airport_code": [], "airport_name": [], "aircraft_damage": [{"start_char": 564, "end_char": 573}], "aircraft_registration_number": [{"start_char": 77, "end_char": 83}], "aircraft_make": [{"start_char": 57, "end_char": 70}], "aircraft_model": [{"start_char": 71, "end_char": 75}], "far_description": [{"start_char": 660, "end_char": 704}, {"start_char": 697, "end_char": 704}, {"start_char": 702, "end_char": 704}], "air_carrier": [], "weather_condition": [{"start_char": 736, "end_char": 782}, {"start_char": 766, "end_char": 770}]}, "mentions_same_attribute_class": {"event_date": [], "location_city": [], "location_state": [], "airport_code": [], "airport_name": [], "aircraft_damage": [], "aircraft_registration_number": [], "aircraft_make": [], "aircraft_model": [], "far_description": [], "air_carrier": [], "weather_condition": []}}