{"id": "AAB-13-02", "text": "On April 1, 2011, about 1558 mountain standard time (MST),1 a Boeing 737-3H4, N632SW, operating as Southwest Airlines flight 812 experienced a rapid decompression while climbing through flight level 340. The flight crew conducted an emergency descent and diverted to Yuma International Airport (NYL), Yuma, Arizona. Of the 5 crewmembers and 117 passengers on board, one crewmember and one nonrevenue off-duty airline employee passenger sustained minor injuries. The airplane sustained substantial damage; postaccident inspection revealed that a section of fuselage skin about 60 inches long by 8 inches wide had fractured and flapped open on the upper left side above the wing. The flight was conducted under the provisions of 14 Code of Federal Regulations (CFR) Part 121 as a regularly scheduled domestic passenger flight from Phoenix Sky Harbor International Airport, Phoenix, Arizona, to Sacramento International Airport, Sacramento, California.\n \nAccording to the flight crew and recorded data, the takeoff and initial climb were normal. At 1558:05, an unidentified sound was recorded on the cockpit area microphone. About 2 seconds later, the captain announced that the airplane had lost cabin pressurization and called for oxygen masks on; sounds consistent with increased wind noise were heard on the cockpit voice recording. The captain declared an emergency with air traffic control and requested a lower altitude. The air traffic controller provided lower altitude clearances, and the flight crew descended the airplane to 11,000 feet within 5 minutes. Cabin oxygen masks deployed, and about 1605, the cabin crew began relaying condition reports to the flight crew describing a 2-foot hole in the fuselage and one broken-nose injury of a cabin crewmember. The airplane was cleared for further descent to 9,000 feet, and the captain requested radar vectors to the nearest suitable airport (NYL). The airplane landed about 1629 on runway 21R at NYL without further incident. The passengers deplaned via airstairs.", "mentions": {"event_date": [{"start_char": 3, "end_char": 16}], "location_city": [{"start_char": 301, "end_char": 305}], "location_state": [{"start_char": 307, "end_char": 314}, {"start_char": 880, "end_char": 887}], "airport_code": [{"start_char": 295, "end_char": 298}, {"start_char": 1900, "end_char": 1903}, {"start_char": 1954, "end_char": 1957}], "airport_name": [{"start_char": 267, "end_char": 293}], "aircraft_damage": [{"start_char": 485, "end_char": 503}], "aircraft_registration_number": [{"start_char": 78, "end_char": 84}], "aircraft_make": [{"start_char": 62, "end_char": 68}], "aircraft_model": [{"start_char": 69, "end_char": 76}], "far_description": [{"start_char": 727, "end_char": 772}, {"start_char": 764, "end_char": 772}, {"start_char": 769, "end_char": 772}], "air_carrier": [{"start_char": 99, "end_char": 117}], "weather_condition": []}, "mentions_same_attribute_class": {"event_date": [], "location_city": [{"start_char": 871, "end_char": 878}, {"start_char": 926, "end_char": 936}], "location_state": [{"start_char": 938, "end_char": 948}], "airport_code": [], "airport_name": [{"start_char": 829, "end_char": 869}, {"start_char": 892, "end_char": 924}], "aircraft_damage": [], "aircraft_registration_number": [], "aircraft_make": [], "aircraft_model": [], "far_description": [], "air_carrier": [], "weather_condition": []}}