{"id": "AAB-06-01", "text": "On October 24, 2004, about 1235 eastern daylight time, a Beech King Air 200, N501RH, operated by Hendrick Motorsports, Inc., crashed into mountainous terrain in Stuart, Virginia, during a missed approach to Martinsville/Blue Ridge Airport (MTV), Martinsville, Virginia. The flight was transporting Hendrick Motorsports employees and others to an automobile race in Martinsville, Virginia. The two flight crewmembers and eight passengers were killed, and the airplane was destroyed by impact forces and postcrash fire. The flight was operating under the provisions of 14 Code of Federal Regulations (CFR) Part 91 on an instrument flight rules (IFR) flight plan. Instrument meteorological conditions (IMC) prevailed at the time of the accident.", "mentions": {"event_date": [{"start_char": 3, "end_char": 19}], "location_city": [{"start_char": 161, "end_char": 167}], "location_state": [{"start_char": 169, "end_char": 177}, {"start_char": 260, "end_char": 268}, {"start_char": 379, "end_char": 387}], "airport_code": [{"start_char": 240, "end_char": 243}], "airport_name": [{"start_char": 207, "end_char": 238}], "aircraft_damage": [{"start_char": 471, "end_char": 480}], "aircraft_registration_number": [{"start_char": 77, "end_char": 83}], "aircraft_make": [{"start_char": 57, "end_char": 62}], "aircraft_model": [{"start_char": 63, "end_char": 75}], "far_description": [{"start_char": 567, "end_char": 611}, {"start_char": 604, "end_char": 611}, {"start_char": 609, "end_char": 611}], "air_carrier": [{"start_char": 97, "end_char": 123}], "weather_condition": [{"start_char": 661, "end_char": 703}, {"start_char": 661, "end_char": 697}, {"start_char": 699, "end_char": 702}]}, "mentions_same_attribute_class": {"event_date": [], "location_city": [{"start_char": 246, "end_char": 258}, {"start_char": 365, "end_char": 377}], "location_state": [], "airport_code": [], "airport_name": [], "aircraft_damage": [], "aircraft_registration_number": [], "aircraft_make": [], "aircraft_model": [], "far_description": [], "air_carrier": [], "weather_condition": []}}