{"id": "AAB-06-07", "text": "On November 27, 2004, about 0820 Afghanistan time, a Construcciones Aeronauticas Sociedad Anonima C-212-CC (CASA 212) twin-engine, turboprop airplane, N960BW, registered to Aviation Worldwide Services, LLC, and operated by Presidential Airways, Inc., of Melbourne, Florida, collided with mountainous terrain in the vicinity of the Bamiyan Valley, near Bamiyan, Afghanistan. The Department of Defense (DoD) contract flight was operated under the provisions of 14 Code of Federal Regulations (CFR) Part 135, with a company flight plan filed. Daylight visual meteorological conditions (VMC) prevailed. The captain, the first officer, and the mechanic-certificated passenger, who were U.S. civilians employed by the operator, and the three military passengers, who were active-duty U.S. Army soldiers, received fatal injuries. The airplane was destroyed. The flight departed Bagram Air Base (OAIX), Bagram, Afghanistan, about 0738.", "mentions": {"event_date": [{"start_char": 3, "end_char": 20}], "location_city": [{"start_char": 352, "end_char": 359}], "location_state": [{"start_char": 361, "end_char": 372}, {"start_char": 903, "end_char": 914}], "airport_code": [{"start_char": 888, "end_char": 892}], "airport_name": [{"start_char": 871, "end_char": 886}], "aircraft_damage": [{"start_char": 840, "end_char": 849}], "aircraft_registration_number": [{"start_char": 151, "end_char": 157}], "aircraft_make": [{"start_char": 53, "end_char": 97}], "aircraft_model": [{"start_char": 98, "end_char": 117}, {"start_char": 98, "end_char": 106}, {"start_char": 108, "end_char": 116}], "far_description": [{"start_char": 459, "end_char": 504}, {"start_char": 496, "end_char": 504}, {"start_char": 501, "end_char": 504}], "air_carrier": [{"start_char": 223, "end_char": 249}], "weather_condition": [{"start_char": 540, "end_char": 587}, {"start_char": 540, "end_char": 581}, {"start_char": 549, "end_char": 581}, {"start_char": 583, "end_char": 586}, {"start_char": 549, "end_char": 587}]}, "mentions_same_attribute_class": {"event_date": [], "location_city": [{"start_char": 254, "end_char": 263}, {"start_char": 895, "end_char": 901}], "location_state": [{"start_char": 265, "end_char": 272}], "airport_code": [], "airport_name": [], "aircraft_damage": [], "aircraft_registration_number": [], "aircraft_make": [], "aircraft_model": [], "far_description": [], "air_carrier": [{"start_char": 173, "end_char": 205}], "weather_condition": []}}