{"id": "AAB-02-04", "text": "On March 5, 2000, about 1811 Pacific standard time (PST), Southwest Airlines, Inc., flight 1455, a Boeing 737-300 (737), N668SW, overran the departure end of runway 8 after landing at Burbank-Glendale-Pasadena Airport (BUR), Burbank, California. The airplane touched down at approximately 182 knots, and about 20 seconds later, at approximately 32 knots, collided with a metal blast fence and an airport perimeter wall. The airplane came to rest on a city street near a gas station off of the airport property. Of the 142 persons on board, 2 passengers sustained serious injuries; 41 passengers and the captain sustained minor injuries; and 94 passengers, 3 flight attendants, and the first officer sustained no injuries. The airplane sustained extensive exterior damage and some internal damage to the passenger cabin. During the accident sequence, the forward service door (1R) escape slide inflated inside the airplane; the nose gear collapsed; and the forward dual flight attendant jumpseat, which was occupied by two flight attendants, partially collapsed. The flight, which was operating on an instrument flight rules flight plan, was conducted under 14 Code of Federal Regulations (CFR) Part 121. Visual meteorological conditions (VMC) prevailed at the time of the accident, which occurred in twilight lighting conditions.", "mentions": {"event_date": [{"start_char": 3, "end_char": 16}], "location_city": [{"start_char": 225, "end_char": 232}], "location_state": [{"start_char": 234, "end_char": 244}], "airport_code": [{"start_char": 219, "end_char": 222}], "airport_name": [{"start_char": 184, "end_char": 217}], "aircraft_damage": [{"start_char": 745, "end_char": 795}], "aircraft_registration_number": [{"start_char": 121, "end_char": 127}], "aircraft_make": [{"start_char": 99, "end_char": 105}], "aircraft_model": [{"start_char": 106, "end_char": 119}, {"start_char": 106, "end_char": 113}, {"start_char": 115, "end_char": 118}], "far_description": [{"start_char": 1157, "end_char": 1202}, {"start_char": 1194, "end_char": 1202}, {"start_char": 1199, "end_char": 1202}], "air_carrier": [{"start_char": 58, "end_char": 82}], "weather_condition": [{"start_char": 1204, "end_char": 1236}, {"start_char": 1204, "end_char": 1242}, {"start_char": 1238, "end_char": 1241}]}, "mentions_same_attribute_class": {"event_date": [], "location_city": [], "location_state": [], "airport_code": [], "airport_name": [], "aircraft_damage": [], "aircraft_registration_number": [], "aircraft_make": [], "aircraft_model": [], "far_description": [], "air_carrier": [], "weather_condition": []}}