{"id": "AAB-06-03", "text": "On November 28, 2004, about 0958 mountain standard time, a Canadair, Ltd., CL-600-2A12, N873G, registered to Hop-a-Jet, Inc., and operated by Air Castle Corporation doing business as Global Aviation Glo-Air flight 73, collided with the ground during takeoff at Montrose Regional Airport (MTJ), Montrose, Colorado. The on-demand charter flight was operated under the provisions of 14 Code of Federal Regulations (CFR) Part 135 on an instrument flight rules (IFR) flight plan. Instrument meteorological conditions prevailed, and snow was falling. Of the six occupants on board, the captain, the flight attendant, and one passenger were killed, and the first officer and two passengers were seriously injured. The airplane was destroyed by impact forces and postcrash fire. The flight was en route to South Bend Regional Airport (SBN), South Bend, Indiana.", "mentions": {"event_date": [{"start_char": 3, "end_char": 20}], "location_city": [{"start_char": 294, "end_char": 302}], "location_state": [{"start_char": 304, "end_char": 312}], "airport_code": [{"start_char": 288, "end_char": 291}], "airport_name": [{"start_char": 261, "end_char": 286}], "aircraft_damage": [{"start_char": 724, "end_char": 733}], "aircraft_registration_number": [{"start_char": 88, "end_char": 93}], "aircraft_make": [{"start_char": 59, "end_char": 73}], "aircraft_model": [{"start_char": 75, "end_char": 86}], "far_description": [{"start_char": 380, "end_char": 425}, {"start_char": 417, "end_char": 425}, {"start_char": 422, "end_char": 425}], "air_carrier": [{"start_char": 142, "end_char": 164}, {"start_char": 183, "end_char": 198}, {"start_char": 199, "end_char": 206}], "weather_condition": [{"start_char": 475, "end_char": 511}]}, "mentions_same_attribute_class": {"event_date": [], "location_city": [{"start_char": 833, "end_char": 843}], "location_state": [{"start_char": 845, "end_char": 852}], "airport_code": [{"start_char": 827, "end_char": 830}], "airport_name": [{"start_char": 798, "end_char": 825}], "aircraft_damage": [], "aircraft_registration_number": [], "aircraft_make": [], "aircraft_model": [], "far_description": [], "air_carrier": [{"start_char": 109, "end_char": 124}], "weather_condition": []}}