{"id": "AAB-02-05", "text": "On May 21, 2000, about 1128 eastern daylight time (EDT), a British Aerospace Jetstream 3101, N16EJ, operated by East Coast Aviation Services (doing business as Executive Airlines) crashed about 11 miles south of Wilkes-Barre/Scranton International Airport (AVP), Wilkes-Barre, Pennsylvania. The airplane was destroyed by impact and a postcrash fire, and 17 passengers and two flight crewmembers were killed. The flight was being conducted under 14 Code of Federal Regulations (CFR) Part 135 as an on-demand charter flight for Caesar's Palace Casino in Atlantic City, New Jersey. An instrument flight rules (IFR) flight plan had been filed for the flight from Atlantic City International Airport (ACY) to AVP.", "mentions": {"event_date": [{"start_char": 3, "end_char": 15}], "location_city": [{"start_char": 263, "end_char": 275}], "location_state": [{"start_char": 277, "end_char": 289}], "airport_code": [{"start_char": 257, "end_char": 260}, {"start_char": 704, "end_char": 707}], "airport_name": [{"start_char": 212, "end_char": 255}], "aircraft_damage": [{"start_char": 308, "end_char": 317}], "aircraft_registration_number": [{"start_char": 93, "end_char": 98}], "aircraft_make": [{"start_char": 59, "end_char": 76}], "aircraft_model": [{"start_char": 77, "end_char": 91}], "far_description": [{"start_char": 445, "end_char": 490}, {"start_char": 482, "end_char": 490}, {"start_char": 487, "end_char": 490}], "air_carrier": [{"start_char": 112, "end_char": 140}, {"start_char": 160, "end_char": 178}], "weather_condition": []}, "mentions_same_attribute_class": {"event_date": [], "location_city": [{"start_char": 552, "end_char": 565}], "location_state": [{"start_char": 567, "end_char": 577}], "airport_code": [{"start_char": 696, "end_char": 699}], "airport_name": [{"start_char": 659, "end_char": 694}], "aircraft_damage": [], "aircraft_registration_number": [], "aircraft_make": [], "aircraft_model": [], "far_description": [], "air_carrier": [], "weather_condition": []}}