{"id": "AAB-02-02", "text": "On October 16, 2000, about 1933 central daylight time (CDT), a Cessna 335, N8354N, crashed near Hillsboro, Missouri. The pilot and two passengers were killed, and the airplane was destroyed. The airplane was being operated under the provisions of 14 Code of Federal Regulations (CFR) Part 91 from the St. Louis Downtown Airport (CPS), Cahokia, Illinois, to County Memorial Airport (EIW), New Madrid, Missouri. Instrument meteorological conditions (IMC) prevailed for the flight, which departed CPS about 1915 on an instrument flight rules (IFR) flight plan.", "mentions": {"event_date": [{"start_char": 3, "end_char": 19}], "location_city": [{"start_char": 96, "end_char": 105}], "location_state": [{"start_char": 107, "end_char": 115}, {"start_char": 400, "end_char": 408}], "airport_code": [{"start_char": 329, "end_char": 332}, {"start_char": 494, "end_char": 497}], "airport_name": [{"start_char": 301, "end_char": 327}], "aircraft_damage": [{"start_char": 180, "end_char": 189}], "aircraft_registration_number": [{"start_char": 75, "end_char": 81}], "aircraft_make": [{"start_char": 63, "end_char": 69}], "aircraft_model": [{"start_char": 70, "end_char": 73}], "far_description": [{"start_char": 247, "end_char": 291}, {"start_char": 284, "end_char": 291}, {"start_char": 289, "end_char": 291}], "air_carrier": [], "weather_condition": [{"start_char": 410, "end_char": 452}, {"start_char": 448, "end_char": 451}, {"start_char": 410, "end_char": 446}]}, "mentions_same_attribute_class": {"event_date": [], "location_city": [{"start_char": 335, "end_char": 342}, {"start_char": 388, "end_char": 398}], "location_state": [{"start_char": 344, "end_char": 352}], "airport_code": [{"start_char": 382, "end_char": 385}], "airport_name": [{"start_char": 357, "end_char": 380}], "aircraft_damage": [], "aircraft_registration_number": [], "aircraft_make": [], "aircraft_model": [], "far_description": [], "air_carrier": [], "weather_condition": []}}