{"id": "AAB-02-06", "text": "On July 13, 1999, at 1310 Pacific daylight time, a Schempp-Hirth Nimbus-4DM motorized glider, N807BB, experienced an in-flight breakup while maneuvering near Minden, Nevada. The commercial glider pilot and a passenger were fatally injured, and the glider was destroyed. The glider had departed from Minden-Tahoe airport at 1240 and was operated by the owner/pilot under the provisions of 14 Code of Federal Regulations (CFR) Part 91. No flight plan was filed for the local area soaring flight. The glider was certificated in the United States in the experimental category for exhibition and racing, and it was also certificated in Germany in the standard class, utility category.", "mentions": {"event_date": [{"start_char": 3, "end_char": 16}], "location_city": [{"start_char": 158, "end_char": 164}], "location_state": [{"start_char": 166, "end_char": 172}], "airport_code": [], "airport_name": [{"start_char": 299, "end_char": 319}], "aircraft_damage": [{"start_char": 259, "end_char": 268}], "aircraft_registration_number": [{"start_char": 94, "end_char": 100}], "aircraft_make": [{"start_char": 51, "end_char": 64}], "aircraft_model": [{"start_char": 65, "end_char": 75}], "far_description": [{"start_char": 388, "end_char": 432}, {"start_char": 425, "end_char": 432}, {"start_char": 430, "end_char": 432}], "air_carrier": [], "weather_condition": []}, "mentions_same_attribute_class": {"event_date": [], "location_city": [], "location_state": [{"start_char": 529, "end_char": 542}, {"start_char": 631, "end_char": 638}], "airport_code": [], "airport_name": [], "aircraft_damage": [], "aircraft_registration_number": [], "aircraft_make": [], "aircraft_model": [], "far_description": [], "air_carrier": [], "weather_condition": []}}