{"id": "AAR-00-02", "text": "On July 31, 1997, about 0132 eastern daylight time, a McDonnell Douglas MD-11, N611FE, operated by Federal Express, Inc., (FedEx) as flight 14, crashed while landing on runway 22R at Newark International Airport, Newark, New Jersey (EWR). The regularly scheduled cargo flight originated in Singapore on July 30 with intermediate stops in Penang, Malaysia; Taipei, Taiwan; and Anchorage, Alaska. The flight from Anchorage International Airport to EWR was conducted on an instrument flight rules flight plan and operated under the provisions of 14 Code of Federal Regulations Part 121. On board were the captain and first officer, who had taken over the flight in Anchorage for the final leg to EWR, one jumpseat passenger, and two cabin passengers. All five occupants received minor injuries in the crash and during subsequent egress through a cockpit window. The airplane was destroyed by impact and a postcrash fire.\n\nSafety issues discussed in this report focus on landing techniques, bounced landing recovery, and training tools and policies that promote proactive decision-making to go around if an approach is unstabilized. Safety issues also include the use of on board computers to determine the required runway length for landing, MD-11 handling characteristics and structural integrity requirements, and hard landing inspection requirements. Tracking hazardous materials continues to be a safety issue and is also discussed in the report.", "mentions": {"event_date": [{"start_char": 3, "end_char": 16}], "location_city": [{"start_char": 213, "end_char": 219}], "location_state": [{"start_char": 221, "end_char": 231}], "airport_code": [{"start_char": 233, "end_char": 236}, {"start_char": 446, "end_char": 449}, {"start_char": 693, "end_char": 696}], "airport_name": [{"start_char": 183, "end_char": 211}], "aircraft_damage": [{"start_char": 876, "end_char": 885}], "aircraft_registration_number": [{"start_char": 79, "end_char": 85}], "aircraft_make": [{"start_char": 54, "end_char": 71}], "aircraft_model": [{"start_char": 72, "end_char": 77}, {"start_char": 1239, "end_char": 1244}], "far_description": [{"start_char": 543, "end_char": 582}, {"start_char": 574, "end_char": 582}, {"start_char": 579, "end_char": 582}], "air_carrier": [{"start_char": 99, "end_char": 120}, {"start_char": 123, "end_char": 128}], "weather_condition": []}, "mentions_same_attribute_class": {"event_date": [], "location_city": [{"start_char": 290, "end_char": 299}, {"start_char": 338, "end_char": 344}, {"start_char": 356, "end_char": 362}, {"start_char": 376, "end_char": 385}, {"start_char": 662, "end_char": 671}], "location_state": [{"start_char": 290, "end_char": 299}, {"start_char": 346, "end_char": 354}, {"start_char": 364, "end_char": 370}, {"start_char": 387, "end_char": 393}], "airport_code": [], "airport_name": [], "aircraft_damage": [], "aircraft_registration_number": [], "aircraft_make": [], "aircraft_model": [], "far_description": [], "air_carrier": [], "weather_condition": []}}