{"id": "AAR-06-01", "text": "On October 19, 2004, about 1937 central daylight time, Corporate Airlines (doing business as American Connection) flight 5966, a BAE Systems BAE-J3201, N875JX, struck trees on final approach and crashed short of runway 36 at the Kirksville Regional Airport (IRK), Kirksville, Missouri. The flight was operating under the provisions of 14 Code of Federal Regulations Part 121 as a scheduled passenger flight from Lambert-St. Louis International Airport, in St. Louis, Missouri, to IRK. The captain, first officer, and 11 of the 13 passengers were fatally injured, and 2 passengers received serious injuries. The airplane was destroyed by impact and a postimpact fire. Night instrument meteorological conditions (IMC) prevailed at the time of the accident, and the flight operated on an instrument flight rules flight plan.\n\nThe safety issues in this report focus on operational and human factors issues, including the pilots' professionalism and sterile cockpit procedures, nonprecision instrument approach procedures, flight and duty time regulations, fatigue, and flight data/image recorder requirements.", "mentions": {"event_date": [{"start_char": 3, "end_char": 19}], "location_city": [{"start_char": 264, "end_char": 274}], "location_state": [{"start_char": 276, "end_char": 284}, {"start_char": 467, "end_char": 475}], "airport_code": [{"start_char": 258, "end_char": 261}, {"start_char": 480, "end_char": 483}], "airport_name": [{"start_char": 229, "end_char": 256}], "aircraft_damage": [{"start_char": 624, "end_char": 633}], "aircraft_registration_number": [{"start_char": 152, "end_char": 158}], "aircraft_make": [{"start_char": 129, "end_char": 140}], "aircraft_model": [{"start_char": 141, "end_char": 150}], "far_description": [{"start_char": 335, "end_char": 374}, {"start_char": 366, "end_char": 374}, {"start_char": 371, "end_char": 374}], "air_carrier": [{"start_char": 55, "end_char": 73}, {"start_char": 93, "end_char": 112}], "weather_condition": [{"start_char": 667, "end_char": 715}, {"start_char": 673, "end_char": 715}, {"start_char": 673, "end_char": 709}, {"start_char": 667, "end_char": 709}, {"start_char": 711, "end_char": 714}]}, "mentions_same_attribute_class": {"event_date": [], "location_city": [{"start_char": 456, "end_char": 465}], "location_state": [], "airport_code": [], "airport_name": [{"start_char": 412, "end_char": 451}], "aircraft_damage": [], "aircraft_registration_number": [], "aircraft_make": [], "aircraft_model": [], "far_description": [], "air_carrier": [], "weather_condition": []}}