{"id": "AAR-09-05", "text": "On March 4, 2008, about 1515 central standard time, a Cessna 500, N113SH, registered to Southwest Orthopedic & Sports Medicine Clinic PC of Oklahoma City, Oklahoma, entered a steep descent and crashed about 2 minutes after takeoff from Wiley Post Airport (PWA) in Oklahoma City. None of the entities associated with the flight claimed to be its operator. The pilot, the second pilot, and the three passengers were killed, and the airplane was destroyed by impact forces and postcrash fire. The flight was operated under 14 Code of Federal Regulations (CFR) Part 91 with an instrument flight rules flight plan filed. Visual meteorological conditions prevailed. The flight originated from the ramp of Interstate Helicopters (a 14 CFR Part 135 on-demand helicopter operator at PWA) and was en route to Mankato Regional Airport, Mankato, Minnesota, carrying company executives who worked for United Engines and United Holdings, LLC.\n\nThe safety issues discussed in this report focus on airframe certification standards for bird strikes, inadequate Federal Aviation Administration (FAA) enforcement of wildlife hazard assessment requirements for airports located near wildlife attractants, the lack of published information regarding aircraft operational strategies for pilots to minimize bird-strike damage to aircraft, and inadequate FAA detection of and intervention in improper charter operations. Safety recommendations concerning these issues are addressed to the FAA.", "mentions": {"event_date": [{"start_char": 3, "end_char": 16}], "location_city": [{"start_char": 140, "end_char": 153}, {"start_char": 264, "end_char": 277}], "location_state": [{"start_char": 155, "end_char": 163}], "airport_code": [{"start_char": 256, "end_char": 259}, {"start_char": 774, "end_char": 777}], "airport_name": [{"start_char": 236, "end_char": 254}], "aircraft_damage": [{"start_char": 443, "end_char": 452}], "aircraft_registration_number": [{"start_char": 66, "end_char": 72}], "aircraft_make": [{"start_char": 54, "end_char": 60}], "aircraft_model": [{"start_char": 61, "end_char": 64}], "far_description": [{"start_char": 520, "end_char": 564}, {"start_char": 557, "end_char": 564}, {"start_char": 562, "end_char": 564}], "air_carrier": [{"start_char": 88, "end_char": 136}], "weather_condition": [{"start_char": 616, "end_char": 648}]}, "mentions_same_attribute_class": {"event_date": [], "location_city": [{"start_char": 825, "end_char": 832}], "location_state": [{"start_char": 834, "end_char": 843}], "airport_code": [], "airport_name": [{"start_char": 799, "end_char": 823}], "aircraft_damage": [], "aircraft_registration_number": [], "aircraft_make": [], "aircraft_model": [], "far_description": [], "air_carrier": [{"start_char": 888, "end_char": 927}], "weather_condition": []}}