{"id": "AAR-10-06", "text": "On August 5, 2008, about 1941 Pacific daylight time, a Sikorsky S-61N helicopter, N612AZ, impacted trees and terrain during the initial climb after takeoff from Helispot 44 (H-44), located at an elevation of about 6,000 feet in mountainous terrain near Weaverville, California. The pilot-in-command, the safety crewmember, and seven firefighters were fatally injured; the copilot and three firefighters were seriously injured. Impact forces and a postcrash fire destroyed the helicopter, which was being operated by the U.S. Forest Service (USFS) as a public flight to transport firefighters from H-44 to another helispot. The USFS had contracted with Carson Helicopters, Inc. (CHI) of Grants Pass, Oregon, for the services of the helicopter, which was registered to CHI and leased to Carson Helicopter Services, Inc. of Grants Pass. Visual meteorological conditions prevailed at the time of the accident, and a company visual flight rules flight plan had been filed.\n\nContributing to the accident was the failure of the flight crewmembers to address the fact that the helicopter had approached its maximum performance capability on their two prior departures from the accident site because they were accustomed to operating at the limit of the helicopter's performance.\n\nContributing to the fatalities were the immediate, intense fire that resulted from the spillage of fuel upon impact from the fuel tanks that were not crash resistant, the separation from the floor of the cabin seats that were not crash resistant, and the use of an inappropriate release mechanism on the cabin seat restraints.\n\nThe safety issues discussed in this report involve the accuracy of hover performance charts, USFS and FAA oversight, flight crew performance, accident survivability, weather observations at helispots, fuel contamination, flight recorder requirements, and certification of seat supplemental type certificates. Safety recommendations concerning these issues are addressed to the FAA and the USFS.", "mentions": {"event_date": [{"start_char": 3, "end_char": 17}], "location_city": [{"start_char": 253, "end_char": 264}], "location_state": [{"start_char": 266, "end_char": 276}], "airport_code": [{"start_char": 174, "end_char": 178}, {"start_char": 597, "end_char": 601}], "airport_name": [{"start_char": 161, "end_char": 172}], "aircraft_damage": [{"start_char": 462, "end_char": 471}], "aircraft_registration_number": [{"start_char": 82, "end_char": 88}], "aircraft_make": [{"start_char": 55, "end_char": 63}], "aircraft_model": [{"start_char": 64, "end_char": 69}], "far_description": [], "air_carrier": [{"start_char": 520, "end_char": 546}, {"start_char": 520, "end_char": 539}, {"start_char": 652, "end_char": 682}, {"start_char": 652, "end_char": 676}, {"start_char": 785, "end_char": 817}], "weather_condition": [{"start_char": 834, "end_char": 866}]}, "mentions_same_attribute_class": {"event_date": [], "location_city": [{"start_char": 686, "end_char": 697}, {"start_char": 821, "end_char": 832}], "location_state": [{"start_char": 699, "end_char": 705}], "airport_code": [], "airport_name": [], "aircraft_damage": [], "aircraft_registration_number": [], "aircraft_make": [], "aircraft_model": [], "far_description": [], "air_carrier": [], "weather_condition": []}}