{"id": "AAR-08-01", "text": "On February 18, 2007, about 1506 eastern standard time, Delta Connection flight 6448, an Embraer ERJ-170, N862RW, operated by Shuttle America, Inc., was landing on runway 28 at Cleveland-Hopkins International Airport, Cleveland, Ohio, during snow conditions when it overran the end of the runway, contacted an instrument landing system (ILS) antenna, and struck an airport perimeter fence. The airplane's nose gear collapsed during the overrun. Of the 2 flight crewmembers, 2 flight attendants, and 71 passengers on board, 3 passengers received minor injuries. The airplane received substantial damage from the impact forces. The flight was operating under the provisions of 14 Code of Federal Regulations Part 121 from Hartsfield-Jackson Atlanta International Airport, Atlanta, Georgia. Instrument meteorological conditions prevailed at the time of the accident.\n\nThe safety issues discussed in this report focus on (1) flight training for rejected landings in deteriorating weather conditions and maximum performance landings on contaminated runways, (2) standard operating procedures for the go-around callout, and (3) pilot fatigue policies. Safety recommendations concerning these issues are addressed to the Federal Aviation Administration.", "mentions": {"event_date": [{"start_char": 3, "end_char": 20}], "location_city": [{"start_char": 218, "end_char": 227}], "location_state": [{"start_char": 229, "end_char": 233}], "airport_code": [], "airport_name": [{"start_char": 177, "end_char": 216}], "aircraft_damage": [{"start_char": 583, "end_char": 601}], "aircraft_registration_number": [{"start_char": 106, "end_char": 112}], "aircraft_make": [{"start_char": 89, "end_char": 96}], "aircraft_model": [{"start_char": 97, "end_char": 104}], "far_description": [{"start_char": 675, "end_char": 714}, {"start_char": 706, "end_char": 714}, {"start_char": 711, "end_char": 714}], "air_carrier": [{"start_char": 56, "end_char": 72}, {"start_char": 126, "end_char": 147}], "weather_condition": [{"start_char": 788, "end_char": 824}]}, "mentions_same_attribute_class": {"event_date": [], "location_city": [{"start_char": 770, "end_char": 777}], "location_state": [{"start_char": 779, "end_char": 786}], "airport_code": [], "airport_name": [{"start_char": 720, "end_char": 768}], "aircraft_damage": [], "aircraft_registration_number": [], "aircraft_make": [], "aircraft_model": [], "far_description": [], "air_carrier": [], "weather_condition": []}}