{"id": "AAR-10-03", "text": "On January 15, 2009, about 1527 eastern standard time, US Airways flight 1549, an Airbus Industrie A320-214, N106US, experienced an almost complete loss of thrust in both engines after encountering a flock of birds and was subsequently ditched on the Hudson River about 8.5 miles from LaGuardia Airport (LGA), New York City, New York. The flight was en route to Charlotte Douglas International Airport, Charlotte, North Carolina, and had departed LGA about 2 minutes before the in-flight event occurred. The 150 passengers, including a lap-held child, and 5 crewmembers evacuated the airplane via the forward and overwing exits. One flight attendant and four passengers were seriously injured, and the airplane was substantially damaged. The scheduled, domestic passenger flight was operating under the provisions of 14 Code of Federal Regulations Part 121 on an instrument flight rules flight plan. Visual meteorological conditions prevailed at the time of the accident.\n\nContributing to the survivability of the accident was (1) the decision-making of the flight crewmembers and their crew resource management during the accident sequence; (2) the fortuitous use of an airplane that was equipped for an extended overwater flight, including the availability of the forward slide/rafts, even though it was not required to be so equipped; (3) the performance of the cabin crewmembers while expediting the evacuation of the airplane; and (4) the proximity of the emergency responders to the accident site and their immediate and appropriate response to the accident.\n\nThe safety issues discussed in this report relate to the following: in-flight engine diagnostics, engine bird-ingestion certification testing, emergency and abnormal checklist design, dual-engine failure and ditching training, training on the effects of flight envelope limitations on airplane response to pilot inputs, validation of operational procedures and requirements for airplane ditching certification, and wildlife hazard mitigation. The report also discusses survival-related issues, including passenger brace positions; slide/raft stowage; passenger immersion protection; life line usage; life vest stowage, retrieval, and donning; preflight safety briefings; and passenger education. Safety recommendations concerning these issues are addressed to the FAA, the U.S. Department of Agriculture, and the European Aviation Safety Agency.", "mentions": {"event_date": [{"start_char": 3, "end_char": 19}], "location_city": [{"start_char": 310, "end_char": 323}], "location_state": [{"start_char": 325, "end_char": 333}, {"start_char": 414, "end_char": 428}], "airport_code": [{"start_char": 304, "end_char": 307}, {"start_char": 447, "end_char": 450}], "airport_name": [{"start_char": 285, "end_char": 302}], "aircraft_damage": [{"start_char": 715, "end_char": 736}], "aircraft_registration_number": [{"start_char": 109, "end_char": 115}], "aircraft_make": [{"start_char": 82, "end_char": 98}, {"start_char": 82, "end_char": 88}], "aircraft_model": [{"start_char": 99, "end_char": 107}], "far_description": [{"start_char": 817, "end_char": 856}, {"start_char": 848, "end_char": 856}, {"start_char": 853, "end_char": 856}], "air_carrier": [{"start_char": 55, "end_char": 65}], "weather_condition": [{"start_char": 900, "end_char": 932}]}, "mentions_same_attribute_class": {"event_date": [], "location_city": [{"start_char": 403, "end_char": 412}], "location_state": [], "airport_code": [], "airport_name": [{"start_char": 362, "end_char": 401}], "aircraft_damage": [], "aircraft_registration_number": [], "aircraft_make": [], "aircraft_model": [], "far_description": [], "air_carrier": [], "weather_condition": []}}