{"id": "AAR-09-01", "text": "On July 10, 2007, about 0835 eastern daylight time, a Cessna Aircraft Company 310R, N501N, part of the fleet operated by the National Association for Stock Car Auto Racing (NASCAR) corporate aviation division, crashed while performing an emergency diversion to Orlando Sanford International Airport, Orlando, Florida. The two pilots on board the airplane (a commercial pilot and an airline transport pilot) and three people on the ground were killed. Four people on the ground received serious injuries. The airplane and two homes were destroyed by impact forces and a postcrash fire. The personal flight was operating under the provisions of 14 Code of Federal Regulations Part 91 on an instrument flight rules flight plan. Visual meteorological conditions prevailed at the time of the accident.\n\n", "mentions": {"event_date": [{"start_char": 3, "end_char": 16}], "location_city": [{"start_char": 300, "end_char": 307}], "location_state": [{"start_char": 309, "end_char": 316}], "airport_code": [], "airport_name": [{"start_char": 261, "end_char": 298}], "aircraft_damage": [{"start_char": 536, "end_char": 545}], "aircraft_registration_number": [{"start_char": 84, "end_char": 89}], "aircraft_make": [{"start_char": 54, "end_char": 77}, {"start_char": 54, "end_char": 60}], "aircraft_model": [{"start_char": 78, "end_char": 82}], "far_description": [{"start_char": 643, "end_char": 681}, {"start_char": 674, "end_char": 681}, {"start_char": 679, "end_char": 681}], "air_carrier": [{"start_char": 125, "end_char": 171}, {"start_char": 125, "end_char": 180}, {"start_char": 173, "end_char": 179}], "weather_condition": [{"start_char": 725, "end_char": 757}]}, "mentions_same_attribute_class": {"event_date": [], "location_city": [], "location_state": [], "airport_code": [], "airport_name": [], "aircraft_damage": [], "aircraft_registration_number": [], "aircraft_make": [], "aircraft_model": [], "far_description": [], "air_carrier": [], "weather_condition": []}}