{"id": "AAR-07-02", "text": "On February 16, 2005, about 0913 mountain standard time, a Cessna Citation 560, N500AT, operated by Martinair, Inc., for Circuit City Stores, Inc., crashed about 4 nautical miles east of Pueblo Memorial Airport, Pueblo, Colorado, while on an instrument landing system approach to runway 26R. The two pilots and six passengers on board were killed, and the airplane was destroyed by impact forces and postcrash fire. The flight was operating under the provisions of 14 Code of Federal Regulations Part 91 on an instrument flight rules flight plan. Instrument meteorological conditions prevailed at the time of the accident.\n\nThe safety issues discussed in this report include inadequate training on operations in icing conditions, inadequate deice boot system operational guidance, the need for automatic deice boot systems, inadequate certification requirements for flight into icing conditions, and inadequate stall warning margins in icing conditions. Safety recommendations concerning these issues are addressed to the Federal Aviation Administration.", "mentions": {"event_date": [{"start_char": 3, "end_char": 20}], "location_city": [{"start_char": 212, "end_char": 218}], "location_state": [{"start_char": 220, "end_char": 228}], "airport_code": [], "airport_name": [{"start_char": 187, "end_char": 210}], "aircraft_damage": [{"start_char": 369, "end_char": 378}], "aircraft_registration_number": [{"start_char": 80, "end_char": 86}], "aircraft_make": [{"start_char": 59, "end_char": 65}], "aircraft_model": [{"start_char": 66, "end_char": 78}], "far_description": [{"start_char": 465, "end_char": 503}, {"start_char": 496, "end_char": 503}, {"start_char": 501, "end_char": 503}], "air_carrier": [{"start_char": 100, "end_char": 115}], "weather_condition": [{"start_char": 547, "end_char": 583}]}, "mentions_same_attribute_class": {"event_date": [], "location_city": [], "location_state": [], "airport_code": [], "airport_name": [], "aircraft_damage": [], "aircraft_registration_number": [], "aircraft_make": [], "aircraft_model": [], "far_description": [], "air_carrier": [{"start_char": 121, "end_char": 146}], "weather_condition": []}}