{"id": "AAR-01-01", "text": "On March 3, 1991, a United Airlines Boeing 737, registration number N999UA, operating as flight 585, was on a scheduled passenger flight from Denver, Colorado, to Colorado Springs, Colorado. Visual meteorological conditions prevailed at the time, and the flight was on an instrument flight rules flight plan. Numerous witnesses reported that shortly after completing its turn onto the final approach course to runway 35 at Colorado Springs Municipal Airport, about 0944 mountain standard time, the airplane rolled steadily to the right and pitched nose down until it reached a nearly vertical attitude before hitting the ground in an area known as Widefield Park. The airplane was destroyed, and the 2 flight crewmembers, 3 flight attendants, and 20 passengers aboard were fatally injured.", "mentions": {"event_date": [{"start_char": 3, "end_char": 16}], "location_city": [{"start_char": 163, "end_char": 179}, {"start_char": 648, "end_char": 662}], "location_state": [{"start_char": 150, "end_char": 158}, {"start_char": 181, "end_char": 189}], "airport_code": [], "airport_name": [{"start_char": 423, "end_char": 457}], "aircraft_damage": [{"start_char": 681, "end_char": 690}], "aircraft_registration_number": [{"start_char": 68, "end_char": 74}], "aircraft_make": [{"start_char": 36, "end_char": 42}], "aircraft_model": [{"start_char": 43, "end_char": 46}], "far_description": [], "air_carrier": [{"start_char": 20, "end_char": 35}], "weather_condition": [{"start_char": 191, "end_char": 223}]}, "mentions_same_attribute_class": {"event_date": [], "location_city": [{"start_char": 142, "end_char": 148}], "location_state": [], "airport_code": [], "airport_name": [], "aircraft_damage": [], "aircraft_registration_number": [], "aircraft_make": [], "aircraft_model": [], "far_description": [], "air_carrier": [], "weather_condition": []}}