{"id": "AAR-98-04", "text": "About 1554 eastern standard time, on January 9, 1997, an Empresa Brasileira de Aeronautica, S/A EMB-120RT, N265CA, operated by COMAIR Airlines, Inc., as flight 3272, crashed during a rapid descent after an uncommanded roll excursion near Monroe, Michigan. Flight 3272 was being operated under the provisions of Title 14 Code of Federal Regulations Part 135 as a scheduled, domestic passenger flight from the Cincinnati/Northern Kentucky International Airport, Covington, Kentucky, to the Detroit Metropolitan/Wayne County Airport, Detroit, Michigan. The flight departed Covington, Kentucky, about 1508, with 2 flightcrew members, 1 flight attendant, and 26 passengers on board. There were no survivors. The airplane was destroyed by ground impact forces and a postaccident fire. Instrument meteorological conditions prevailed at the time of the accident, and flight 3272 was operating on an instrument flight rules flight plan.\n\nThe safety issues in this report focused on procedures for the use of ice protection systems, airspeed and flap configuration information, stall warning/protection system capabilities, operation of the autopilot in icing conditions, aircraft icing certification requirements, and icing-related research.", "mentions": {"event_date": [{"start_char": 37, "end_char": 52}], "location_city": [{"start_char": 238, "end_char": 244}], "location_state": [{"start_char": 540, "end_char": 548}, {"start_char": 246, "end_char": 254}], "airport_code": [], "airport_name": [{"start_char": 408, "end_char": 458}], "aircraft_damage": [{"start_char": 720, "end_char": 729}], "aircraft_registration_number": [{"start_char": 107, "end_char": 113}], "aircraft_make": [{"start_char": 57, "end_char": 90}], "aircraft_model": [{"start_char": 92, "end_char": 105}], "far_description": [{"start_char": 317, "end_char": 356}, {"start_char": 348, "end_char": 356}, {"start_char": 353, "end_char": 356}], "air_carrier": [{"start_char": 127, "end_char": 148}], "weather_condition": [{"start_char": 779, "end_char": 815}]}, "mentions_same_attribute_class": {"event_date": [], "location_city": [{"start_char": 460, "end_char": 469}, {"start_char": 531, "end_char": 538}, {"start_char": 570, "end_char": 579}], "location_state": [{"start_char": 581, "end_char": 589}, {"start_char": 471, "end_char": 479}], "airport_code": [], "airport_name": [{"start_char": 488, "end_char": 529}], "aircraft_damage": [], "aircraft_registration_number": [], "aircraft_make": [], "aircraft_model": [], "far_description": [], "air_carrier": [], "weather_condition": []}}