{"id": "AAR-97-03", "text": "About 1638 eastern daylight time, on October 19, 1996, a McDonnell Douglas MD-88, N914DL, operated by Delta Air Lines, Inc., as flight 554, struck the approach light structure and the end of the runway deck during the approach to land on runway 13 at the LaGuardia Airport, in Flushing, New York. Flight 554 was being operated under the provisions of 14 Code of Federal Regulations Part 121, as a scheduled, domestic passenger flight from Atlanta, Georgia, to Flushing. The flight departed the William B. Hartsfield International Airport at Atlanta, Georgia, about 1441, with two flightcrew members, three flight attendants, and 58 passengers on board. Three passengers reported minor injuries; no injuries were reported by the remaining 60 occupants. The airplane sustained substantial damage to the lower fuselage, wings (including slats and flaps), main landing gear, and both engines. Instrument meteorological conditions prevailed for the approach to runway 13; flight 554 was operating on an instrument flight rules flight plan.\n\nThe safety issues in this report focused on the possible hazards of monovision contact lenses, visual illusions encountered during the approach, non-instantaneous vertical speed information, the weather conditions encountered during the approach, the guidance in air carrier\u2019s manuals regarding flightcrew member duties, the stabilized approach criteria in air carrier\u2019s manuals, emergency evacuation procedures, special airport criteria and designation, and LaGuardia Airport issues/runway light spacing.", "mentions": {"event_date": [{"start_char": 37, "end_char": 53}], "location_city": [{"start_char": 277, "end_char": 285}, {"start_char": 460, "end_char": 468}], "location_state": [{"start_char": 287, "end_char": 295}], "airport_code": [], "airport_name": [{"start_char": 255, "end_char": 272}, {"start_char": 1495, "end_char": 1512}], "aircraft_damage": [{"start_char": 775, "end_char": 793}], "aircraft_registration_number": [{"start_char": 82, "end_char": 88}], "aircraft_make": [{"start_char": 57, "end_char": 74}], "aircraft_model": [{"start_char": 75, "end_char": 80}], "far_description": [{"start_char": 351, "end_char": 390}, {"start_char": 382, "end_char": 390}, {"start_char": 387, "end_char": 390}], "air_carrier": [{"start_char": 102, "end_char": 123}], "weather_condition": [{"start_char": 889, "end_char": 925}]}, "mentions_same_attribute_class": {"event_date": [], "location_city": [{"start_char": 439, "end_char": 446}, {"start_char": 541, "end_char": 548}], "location_state": [{"start_char": 448, "end_char": 455}, {"start_char": 550, "end_char": 557}], "airport_code": [], "airport_name": [{"start_char": 494, "end_char": 537}], "aircraft_damage": [], "aircraft_registration_number": [], "aircraft_make": [], "aircraft_model": [], "far_description": [], "air_carrier": [], "weather_condition": []}}