{"id": "AAR-15-01", "text": "On April 29, 2013, about 1527 local time, a Boeing 747-400 BCF, N949CA, operated by National Air Cargo, Inc., dba National Airlines, crashed shortly after takeoff from Bagram Air Base, Bagram, Afghanistan. All seven crewmembers\u2014the captain, first officer, loadmaster, augmented captain and first officer, and two mechanics\u2014died, and the airplane was destroyed from impact forces and postcrash fire. The 14 Code of Federal Regulations Part 121 supplemental cargo flight, which was operated under a multimodal contract with the US Transportation Command, was destined for Dubai World Central - Al Maktoum International Airport, Dubai, United Arab Emirates.\n\nThe airplane\u2019s cargo included five mine-resistant ambush-protected (MRAP) vehicles secured onto pallets and shoring. Two vehicles were 12-ton MRAP all-terrain vehicles (M-ATVs) and three were 18-ton Cougars. The cargo represented the first time that National Airlines had attempted to transport five MRAP vehicles. These vehicles were considered a special cargo load because they could not be placed in unit load devices (ULDs) and restrained in the airplane using the locking capabilities of the airplane\u2019s main deck cargo handling system. Instead, the vehicles were secured to centerline-loaded floating pallets and restrained to the airplane\u2019s main deck using tie-down straps. During takeoff, the airplane immediately climbed steeply then descended in a manner consistent with an aerodynamic stall. The National Transportation Safety Board\u2019s (NTSB) investigation found strong evidence that at least one of the MRAP vehicles (the rear M-ATV) moved aft into the tail section of the airplane, damaging hydraulic systems and horizontal stabilizer components such that it was impossible for the flight crew to regain pitch control of the airplane.\n \n \nThe likely reason for the aft movement of the cargo was that it was not properly restrained. National Airlines\u2019 procedures in its cargo operations manual not only omitted required, safety-critical restraint information from the airplane manufacturer (Boeing) and the manufacturer of the main deck cargo handling system (Telair, which held a supplemental type certificate [STC] for the system) but also contained incorrect and unsafe methods for restraining cargo that cannot be contained in ULDs. The procedures did not correctly specify which components in the cargo system (such as available seat tracks) were available for use as tie-down attach points, did not define individual tie-down allowable loads, and did not describe the effect of measured strap angle on the capability of the attach fittings.", "mentions": {"event_date": [{"start_char": 3, "end_char": 17}], "location_city": [{"start_char": 185, "end_char": 191}], "location_state": [{"start_char": 193, "end_char": 204}], "airport_code": [], "airport_name": [{"start_char": 168, "end_char": 183}], "aircraft_damage": [{"start_char": 350, "end_char": 359}], "aircraft_registration_number": [{"start_char": 64, "end_char": 70}], "aircraft_make": [{"start_char": 44, "end_char": 50}], "aircraft_model": [{"start_char": 51, "end_char": 62}, {"start_char": 51, "end_char": 58}], "far_description": [{"start_char": 403, "end_char": 442}, {"start_char": 434, "end_char": 442}, {"start_char": 439, "end_char": 442}], "air_carrier": [{"start_char": 84, "end_char": 108}, {"start_char": 114, "end_char": 131}], "weather_condition": []}, "mentions_same_attribute_class": {"event_date": [], "location_city": [{"start_char": 626, "end_char": 631}], "location_state": [{"start_char": 633, "end_char": 653}], "airport_code": [], "airport_name": [{"start_char": 570, "end_char": 624}], "aircraft_damage": [], "aircraft_registration_number": [], "aircraft_make": [], "aircraft_model": [], "far_description": [], "air_carrier": [], "weather_condition": []}}