{"id": "AAR-10-01", "text": "On February 12, 2009, about 2217 eastern standard time, a Colgan Air, Inc., Bombardier DHC-8-400, N200WQ, operating as Continental Connection flight 3407, was on an instrument approach to Buffalo-Niagara International Airport, Buffalo, New York, when it crashed into a residence in Clarence Center, New York, about 5 nautical miles northeast of the airport. The 2 pilots, 2 flight attendants, and 45 passengers aboard the airplane were killed, one person on the ground was killed, and the airplane was destroyed by impact forces and a postcrash fire. The flight was operating under the provisions of 14 Code of Federal Regulations Part 121. Night visual meteorological conditions prevailed at the time of the accident.\n\nThe safety issues discussed in this report focus on strategies to prevent flight crew monitoring failures, pilot professionalism, fatigue, remedial training, pilot training records, airspeed selection procedures, stall training, Federal Aviation Administration (FAA) oversight, flight operational quality assurance programs, use of personal portable electronic devices on the flight deck, the FAA's use of safety alerts for operators to transmit safety-critical information, and weather information provided to pilots. Safety recommendations concerning these issues are addressed to the FAA.\n\n", "mentions": {"event_date": [{"start_char": 3, "end_char": 20}], "location_city": [{"start_char": 282, "end_char": 297}], "location_state": [{"start_char": 236, "end_char": 244}, {"start_char": 299, "end_char": 307}], "airport_code": [], "airport_name": [{"start_char": 188, "end_char": 225}], "aircraft_damage": [{"start_char": 502, "end_char": 511}], "aircraft_registration_number": [{"start_char": 98, "end_char": 104}], "aircraft_make": [{"start_char": 76, "end_char": 86}], "aircraft_model": [{"start_char": 87, "end_char": 96}], "far_description": [{"start_char": 600, "end_char": 639}, {"start_char": 631, "end_char": 639}, {"start_char": 636, "end_char": 639}], "air_carrier": [{"start_char": 58, "end_char": 74}, {"start_char": 119, "end_char": 141}], "weather_condition": [{"start_char": 641, "end_char": 679}]}, "mentions_same_attribute_class": {"event_date": [], "location_city": [{"start_char": 227, "end_char": 234}], "location_state": [], "airport_code": [], "airport_name": [], "aircraft_damage": [], "aircraft_registration_number": [], "aircraft_make": [], "aircraft_model": [], "far_description": [], "air_carrier": [], "weather_condition": []}}