{"id": "AAR-10-04", "text": "On December 20, 2008, about 1818 mountain standard time, Continental Airlines flight 1404, a Boeing 737-500, N18611, departed the left side of runway 34R during takeoff from Denver International Airport (DEN), Denver, Colorado. A postcrash fire ensued. The captain and 5 of the 110 passengers were seriously injured; the first officer, 2 cabin crewmembers, and 38 passengers received minor injuries; and 1 cabin crewmember and 67 passengers (3 of whom were lap-held children) were uninjured. The airplane was substantially damaged. The scheduled, domestic passenger flight, operated under the provisions of 14 Code of Federal Regulations Part 121, was departing DEN and was destined for George Bush Intercontinental Airport, Houston, Texas. At the time of the accident, visual meteorological conditions prevailed, with strong and gusty winds out of the west. The flight operated on an instrument flight rules flight plan.\n\nContributing to the accident were the following factors: 1) an air traffic control system that did not require or facilitate the dissemination of key, available wind information to the air traffic controllers and pilots; and 2) inadequate crosswind training in the airline industry due to deficient simulator wind gust modeling.\n\nThe safety issues discussed in this report include the pilots' actions, training, and experience; air traffic controllers' obtaining and disseminating wind information; runway selection and use; crosswind training; simulator modeling; crosswind guidelines and limitations; certification and inspection of crew seats; and galley latches.", "mentions": {"event_date": [{"start_char": 3, "end_char": 20}], "location_city": [{"start_char": 210, "end_char": 216}], "location_state": [{"start_char": 218, "end_char": 226}], "airport_code": [{"start_char": 204, "end_char": 207}, {"start_char": 662, "end_char": 665}], "airport_name": [{"start_char": 174, "end_char": 202}], "aircraft_damage": [{"start_char": 509, "end_char": 530}], "aircraft_registration_number": [{"start_char": 109, "end_char": 115}], "aircraft_make": [{"start_char": 93, "end_char": 99}], "aircraft_model": [{"start_char": 100, "end_char": 107}], "far_description": [{"start_char": 607, "end_char": 646}, {"start_char": 638, "end_char": 646}, {"start_char": 643, "end_char": 646}], "air_carrier": [{"start_char": 57, "end_char": 77}], "weather_condition": [{"start_char": 770, "end_char": 802}]}, "mentions_same_attribute_class": {"event_date": [], "location_city": [{"start_char": 725, "end_char": 732}], "location_state": [{"start_char": 734, "end_char": 739}], "airport_code": [], "airport_name": [{"start_char": 687, "end_char": 723}], "aircraft_damage": [], "aircraft_registration_number": [], "aircraft_make": [], "aircraft_model": [], "far_description": [], "air_carrier": [], "weather_condition": []}}