{"id": "AAR-08-02", "text": "On April 12, 2007, about 0043 eastern daylight time, a Bombardier/Canadair Regional Jet (CRJ) CL600-2B19, N8905F, operated as Pinnacle Airlines flight 4712, ran off the departure end of runway 28 after landing at Cherry Capital Airport (TVC), Traverse City, Michigan. There were no injuries among the 49 passengers (including 3 lap-held infants) and 3 crewmembers, and the aircraft was substantially damaged. Weather was reported as snowing. The airplane was being operated under the provisions of 14 Code of Federal Regulations Part 121 and had departed from Minneapolis-St. Paul International (Wold-Chamberlain) Airport, Minneapolis, Minnesota, about 2153 central daylight time. Instrument meteorological conditions prevailed at the time of the accident flight, which operated on an instrument flight rules flight plan.\n\nThe safety issues discussed in this report include the pilots' actions and decision-making during the approach, landing, and landing roll; pilot fatigue and line check airman duty time regulations; weather and field condition information and ground operations personnel communications; and criteria for runway closures in snow and ice conditions.\n\n", "mentions": {"event_date": [{"start_char": 3, "end_char": 17}], "location_city": [{"start_char": 243, "end_char": 256}], "location_state": [{"start_char": 258, "end_char": 266}], "airport_code": [{"start_char": 237, "end_char": 240}], "airport_name": [{"start_char": 213, "end_char": 235}], "aircraft_damage": [{"start_char": 386, "end_char": 407}], "aircraft_registration_number": [{"start_char": 106, "end_char": 112}], "aircraft_make": [{"start_char": 55, "end_char": 93}, {"start_char": 55, "end_char": 65}, {"start_char": 66, "end_char": 93}, {"start_char": 66, "end_char": 87}], "aircraft_model": [{"start_char": 94, "end_char": 104}], "far_description": [{"start_char": 498, "end_char": 537}, {"start_char": 529, "end_char": 537}, {"start_char": 534, "end_char": 537}], "air_carrier": [{"start_char": 126, "end_char": 143}], "weather_condition": [{"start_char": 681, "end_char": 717}]}, "mentions_same_attribute_class": {"event_date": [], "location_city": [{"start_char": 623, "end_char": 634}], "location_state": [{"start_char": 636, "end_char": 645}], "airport_code": [], "airport_name": [{"start_char": 560, "end_char": 621}], "aircraft_damage": [], "aircraft_registration_number": [], "aircraft_make": [], "aircraft_model": [], "far_description": [], "air_carrier": [], "weather_condition": []}}