{"id": "AAR-04-03", "text": "On July 13, 2003, about 1530 eastern daylight time, Air Sunshine, Inc. (doing business as Tropical Aviation Services, Inc.), flight 527, a Cessna 402C, N314AB, was ditched in the Atlantic Ocean about 7.35 nautical miles west-northwest of Treasure Cay Airport (MYAT), Treasure Cay, Great Abaco Island, Bahamas, following the in-flight failure of the right engine. Four of the nine passengers sustained no injuries, three passengers and the pilot sustained minor injuries, and one adult and one child passenger died after they evacuated the airplane. The airplane sustained substantial damage. The airplane was being operated under the provisions of 14 Code of Federal Regulations Part 135 as a scheduled international passenger commuter flight from Fort Lauderdale/Hollywood International Airport, Fort Lauderdale, Florida, to MYAT. Visual meteorological conditions prevailed for the flight, which operated on a visual flight rules flight plan.\n\nThe safety issues discussed in this report include maintenance record-keeping and practices, pilot proficiency, Federal Aviation Administration (FAA) oversight, and emergency briefings. A safety recommendation concerning emergency briefings is addressed to the FAA.", "mentions": {"event_date": [{"start_char": 3, "end_char": 16}], "location_city": [{"start_char": 267, "end_char": 279}, {"start_char": 281, "end_char": 299}], "location_state": [{"start_char": 301, "end_char": 308}], "airport_code": [{"start_char": 260, "end_char": 264}, {"start_char": 826, "end_char": 830}], "airport_name": [{"start_char": 238, "end_char": 258}], "aircraft_damage": [{"start_char": 572, "end_char": 590}], "aircraft_registration_number": [{"start_char": 152, "end_char": 158}], "aircraft_make": [{"start_char": 139, "end_char": 145}], "aircraft_model": [{"start_char": 146, "end_char": 150}], "far_description": [{"start_char": 648, "end_char": 687}, {"start_char": 679, "end_char": 687}, {"start_char": 684, "end_char": 687}], "air_carrier": [{"start_char": 52, "end_char": 70}, {"start_char": 90, "end_char": 122}], "weather_condition": [{"start_char": 832, "end_char": 864}]}, "mentions_same_attribute_class": {"event_date": [], "location_city": [{"start_char": 797, "end_char": 812}], "location_state": [{"start_char": 814, "end_char": 821}], "airport_code": [], "airport_name": [{"start_char": 748, "end_char": 795}], "aircraft_damage": [], "aircraft_registration_number": [], "aircraft_make": [], "aircraft_model": [], "far_description": [], "air_carrier": [], "weather_condition": []}}