{"id": "AAR-06-04", "text": "\u200bOn February 2, 2005, about 0718 eastern standard time, a Bombardier Challenger CL-600-1A11, N370V, ran off the departure end of runway 6 at Teterboro Airport (TEB), Teterboro, New Jersey, at a ground speed of about 110 knots; through an airport perimeter fence; across a six-lane highway (where it struck a vehicle); and into a parking lot before impacting a building. The two pilots were seriously injured, as were two occupants in the vehicle. The cabin aide, eight passengers, and one person in the building received minor injuries. The airplane was destroyed by impact forces and postimpact fire. The accident flight was an on-demand passenger charter flight from TEB to Chicago Midway Airport, Chicago, Illinois. The flight was subject to the provisions of 14 Code of Federal Regulations (CFR) Part 135 and operated by Platinum Jet Management, LLC (PJM), Fort Lauderdale, Florida, under the auspices of a charter management agreement with Darby Aviation (Darby), Muscle Shoals, Alabama. Visual meteorological conditions prevailed for the flight, which operated on an instrument flight rules flight plan.\n\nThe safety issues addressed in this report include weight and balance procedures; flight crew actions, training, and procedures; company oversight and operational control; FAA responsibility and oversight; cabin aide actions, training, and procedures; and runway safety areas.", "mentions": {"event_date": [{"start_char": 4, "end_char": 20}], "location_city": [{"start_char": 166, "end_char": 175}], "location_state": [{"start_char": 177, "end_char": 187}], "airport_code": [{"start_char": 160, "end_char": 163}, {"start_char": 669, "end_char": 672}], "airport_name": [{"start_char": 141, "end_char": 158}], "aircraft_damage": [{"start_char": 554, "end_char": 563}], "aircraft_registration_number": [{"start_char": 93, "end_char": 98}], "aircraft_make": [{"start_char": 58, "end_char": 68}], "aircraft_model": [{"start_char": 69, "end_char": 91}, {"start_char": 80, "end_char": 91}], "far_description": [{"start_char": 763, "end_char": 808}, {"start_char": 800, "end_char": 808}, {"start_char": 805, "end_char": 808}], "air_carrier": [{"start_char": 825, "end_char": 853}], "weather_condition": [{"start_char": 993, "end_char": 1025}]}, "mentions_same_attribute_class": {"event_date": [], "location_city": [{"start_char": 700, "end_char": 707}, {"start_char": 861, "end_char": 876}, {"start_char": 969, "end_char": 982}], "location_state": [{"start_char": 709, "end_char": 717}, {"start_char": 878, "end_char": 885}, {"start_char": 984, "end_char": 991}], "airport_code": [], "airport_name": [{"start_char": 676, "end_char": 698}], "aircraft_damage": [], "aircraft_registration_number": [], "aircraft_make": [], "aircraft_model": [], "far_description": [], "air_carrier": [{"start_char": 945, "end_char": 959}], "weather_condition": []}}