{"id": "AAR-15-03", "text": "On May 31, 2014, about 2140 eastern daylight time, a Gulfstream Aerospace Corporation G-IV, N121JM, registered to SK Travel, LLC, and operated by Arizin Ventures, LLC, crashed after it overran the end of runway 11 during a rejected takeoff at Laurence G. Hanscom Field (BED), Bedford, Massachusetts. The airplane rolled through the paved overrun area and across a grassy area, collided with approach lights and a localizer antenna, passed through the airport\u2019s perimeter fence, and came to a stop in a ravine. The two pilots, a flight attendant, and four passengers died. The airplane was destroyed by impact forces and a postcrash fire. The corporate flight, which was destined for Atlantic City International Airport, Atlantic City, New Jersey, was conducted under the provisions of 14 Code of Federal Regulations (CFR) Part 91. An instrument flight rules flight plan was filed. Night visual meteorological conditions prevailed at the time of the accident.\n\nDuring the engine start process, the flight crew neglected to disengage the airplane\u2019s gust lock system, which locks the elevator, ailerons, and rudder while the airplane is parked to protect them against wind gust loads. Further, before initiating takeoff, the pilots neglected to perform a flight control check that would have alerted them of the locked flight controls. A review of data from the airplane\u2019s quick access recorder revealed that the pilots had neglected to perform complete flight control checks before 98% of their previous 175 takeoffs in the airplane, indicating that this oversight was habitual and not an anomaly.\n\nA mechanical interlock between the gust lock handle and the throttle levers restricts the movement of the throttle levers when the gust lock handle is in the ON position. According to Gulfstream, the interlock mechanism was intended to limit throttle lever movement to a throttle lever angle (TLA) of no greater than 6\u00b0 during operation with the gust lock on. However, postaccident testing on nine in-service G-IV airplanes found that, with the gust lock handle in the ON position, the forward throttle lever movement that could be achieved on the G-IV was 3 to 4 times greater than the intended TLA of 6\u00b0.\n\nDuring takeoff, the pilot-in-command (PIC) manually advanced the throttle levers, but the engine pressure ratio (EPR) did not reach the expected level due to the throttles contacting the gust lock/throttle lever interlock. The PIC did not immediately reject the takeoff; instead, he engaged the autothrottle, and the throttle levers moved slightly forward, which allowed the engines to attain an EPR value that approached (but never reached) the target setting.\n\nAs the takeoff roll continued, the second-in-command made the standard takeoff speed callouts as the airplane successively reached 80 knots, the takeoff safety speed, and the rotation speed. When the PIC attempted to rotate the airplane, he discovered that he could not move the control yoke and began calling out \u201c(steer) lock is on.\u201d At this point, the PIC clearly understood that the controls were locked but still did not immediately initiate a rejected takeoff. If the flight crew had initiated a rejected takeoff at the time of the PIC\u2019s first \u201clock is on\u201d comment or at any time up until about 11 seconds after this comment, the airplane could have been stopped on the paved surface. However, the flight crew delayed applying brakes for about 10 seconds and further delayed reducing power by 4 seconds; therefore, the rejected takeoff was not initiated until the accident was unavoidable.", "mentions": {"event_date": [{"start_char": 3, "end_char": 15}], "location_city": [{"start_char": 276, "end_char": 283}], "location_state": [{"start_char": 285, "end_char": 298}], "airport_code": [{"start_char": 270, "end_char": 273}], "airport_name": [{"start_char": 243, "end_char": 268}], "aircraft_damage": [{"start_char": 589, "end_char": 598}], "aircraft_registration_number": [{"start_char": 92, "end_char": 98}], "aircraft_make": [{"start_char": 53, "end_char": 85}], "aircraft_model": [{"start_char": 86, "end_char": 90}], "far_description": [{"start_char": 785, "end_char": 829}, {"start_char": 822, "end_char": 829}, {"start_char": 827, "end_char": 829}], "air_carrier": [{"start_char": 146, "end_char": 166}], "weather_condition": [{"start_char": 881, "end_char": 919}]}, "mentions_same_attribute_class": {"event_date": [], "location_city": [{"start_char": 720, "end_char": 733}], "location_state": [{"start_char": 735, "end_char": 745}], "airport_code": [], "airport_name": [{"start_char": 683, "end_char": 718}], "aircraft_damage": [], "aircraft_registration_number": [], "aircraft_make": [], "aircraft_model": [], "far_description": [], "air_carrier": [{"start_char": 114, "end_char": 128}], "weather_condition": []}}