{"id": "AAR-98-01", "text": "On July 6, 1996, at 1424 central daylight time, a McDonnell Douglas MD-88, N927DA, operated by Delta Air Lines Inc., as flight 1288, experienced an engine failure during the initial part of its takeoff roll on runway 17 at Pensacola Regional Airport in Pensacola, Florida. Uncontained engine debris from the front compressor front hub (fan hub) of the No. 1 (left) engine penetrated the left aft fuselage. Two passengers were killed and two others were seriously injured. The takeoff was rejected, and the airplane was stopped on the runway. The airplane, which was being operated by Delta as a scheduled domestic passenger flight under the provisions of Title 14 Code of Federal Regulations Part 121, with 137 passengers and 5 crew on board, was destined for Hartsfield Atlanta International Airport in Atlanta, Georgia.\n\nSafety issues discussed in this report include the limitations of the blue etch anodize process, manufacturing defects, standards for the fluorescent penetrant inspection process, the performance of nondestructive testing, the use of alarm systems for emergency situations, and instructions regarding emergency exits. Recommendations concerning these issues were made to the Federal Aviation Administration.", "mentions": {"event_date": [{"start_char": 3, "end_char": 15}], "location_city": [{"start_char": 253, "end_char": 262}], "location_state": [{"start_char": 264, "end_char": 271}], "airport_code": [], "airport_name": [{"start_char": 223, "end_char": 249}], "aircraft_damage": [], "aircraft_registration_number": [{"start_char": 75, "end_char": 81}], "aircraft_make": [{"start_char": 50, "end_char": 67}], "aircraft_model": [{"start_char": 68, "end_char": 73}], "far_description": [{"start_char": 661, "end_char": 700}, {"start_char": 692, "end_char": 700}, {"start_char": 697, "end_char": 700}], "air_carrier": [{"start_char": 95, "end_char": 115}], "weather_condition": []}, "mentions_same_attribute_class": {"event_date": [], "location_city": [{"start_char": 804, "end_char": 811}], "location_state": [{"start_char": 813, "end_char": 820}], "airport_code": [], "airport_name": [{"start_char": 760, "end_char": 800}], "aircraft_damage": [], "aircraft_registration_number": [], "aircraft_make": [], "aircraft_model": [], "far_description": [], "air_carrier": [], "weather_condition": []}}