{"id": "AAR-07-04", "text": "On December 19, 2005, about 1439 eastern standard time, a Grumman Turbo Mallard (G-73T) amphibious airplane, N2969, operated by Flying Boat, Inc., doing business as Chalk\u2019s Ocean Airways flight 101, crashed into a shipping channel adjacent to the Port of Miami, Florida, shortly after takeoff from the Miami Seaplane Base. Flight 101 was a regularly scheduled passenger flight to Bimini, Bahamas, with 2 flight crewmembers and 18 passengers on board. The airplane\u2019s right wing separated during flight. All 20 people aboard the airplane were killed, and the airplane was destroyed by impact forces. Flight 101 was operating under the provisions of 14 Code of Federal Regulations Part 121 on a visual flight rules flight plan. Visual meteorological conditions prevailed at the time of the accident.\n\nThe safety issues discussed in this report focus on air carrier maintenance programs and practices and FAA oversight procedures for air carrier maintenance programs. Safety recommendations concerning these issues are addressed to the FAA.", "mentions": {"event_date": [{"start_char": 3, "end_char": 20}], "location_city": [{"start_char": 247, "end_char": 260}], "location_state": [{"start_char": 262, "end_char": 269}], "airport_code": [], "airport_name": [{"start_char": 302, "end_char": 321}], "aircraft_damage": [{"start_char": 570, "end_char": 579}], "aircraft_registration_number": [{"start_char": 109, "end_char": 114}], "aircraft_make": [{"start_char": 58, "end_char": 65}], "aircraft_model": [{"start_char": 66, "end_char": 87}, {"start_char": 81, "end_char": 86}, {"start_char": 66, "end_char": 79}], "far_description": [{"start_char": 647, "end_char": 686}, {"start_char": 678, "end_char": 686}, {"start_char": 683, "end_char": 686}], "air_carrier": [{"start_char": 129, "end_char": 145}, {"start_char": 165, "end_char": 186}], "weather_condition": [{"start_char": 725, "end_char": 757}]}, "mentions_same_attribute_class": {"event_date": [], "location_city": [{"start_char": 380, "end_char": 386}], "location_state": [{"start_char": 388, "end_char": 395}], "airport_code": [], "airport_name": [], "aircraft_damage": [], "aircraft_registration_number": [], "aircraft_make": [], "aircraft_model": [], "far_description": [], "air_carrier": [], "weather_condition": []}}