{"id": "AAR-09-03", "text": "On September 28, 2007, about 1313 central daylight time, American Airlines flight 1400, a McDonnell Douglas DC-9-82, N454AA, experienced an in-flight engine fire during departure climb from Lambert-St. Louis International Airport (STL), St. Louis, Missouri. During the return to STL, the nose landing gear failed to extend, and the flight crew executed a go-around, during which the crew extended the nose gear using the emergency procedure. The flight crew conducted an emergency landing, and the 2 flight crewmembers, 3 flight attendants, and 138 passengers deplaned on the runway. No occupant injuries were reported, but the airplane sustained substantial damage from the fire. The scheduled passenger flight was operating under the provisions of 14 Code of Federal Regulations Part 121 on an instrument flight rules flight plan. Visual meteorological conditions prevailed at the time of the accident.", "mentions": {"event_date": [{"start_char": 3, "end_char": 21}], "location_city": [{"start_char": 237, "end_char": 246}], "location_state": [{"start_char": 248, "end_char": 256}], "airport_code": [{"start_char": 231, "end_char": 234}, {"start_char": 279, "end_char": 282}], "airport_name": [{"start_char": 190, "end_char": 229}], "aircraft_damage": [{"start_char": 647, "end_char": 665}], "aircraft_registration_number": [{"start_char": 117, "end_char": 123}], "aircraft_make": [{"start_char": 90, "end_char": 107}], "aircraft_model": [{"start_char": 108, "end_char": 115}], "far_description": [{"start_char": 750, "end_char": 789}, {"start_char": 781, "end_char": 789}, {"start_char": 786, "end_char": 789}], "air_carrier": [{"start_char": 57, "end_char": 74}], "weather_condition": [{"start_char": 833, "end_char": 865}]}, "mentions_same_attribute_class": {"event_date": [], "location_city": [], "location_state": [], "airport_code": [], "airport_name": [], "aircraft_damage": [], "aircraft_registration_number": [], "aircraft_make": [], "aircraft_model": [], "far_description": [], "air_carrier": [], "weather_condition": []}}