{"id": "AAR-11-03", "text": "On August 9, 2010, about 1442 Alaska daylight time, a single-engine, turbine-powered, amphibious float-equipped de Havilland DHC-3T airplane, N455A, impacted mountainous, tree-covered terrain about 10 nautical miles (nm) northeast of Aleknagik, Alaska. The airline transport pilot and four passengers received fatal injuries, and four passengers received serious injuries. The airplane sustained substantial damage, including deformation and breaching of the fuselage. The flight was operated by GCI Communication Corp. (GCI), of Anchorage, Alaska, under the provisions of 14 Code of Federal Regulations Part 91. About the time of the accident, meteorological conditions that met the criteria for marginal visual flight rules were reported at Dillingham Airport, Dillingham, Alaska, about 18 nm south of the accident site. No flight plan was filed. The flight departed about 1427 from a GCI-owned private lodge on the shore of Lake Nerka and was en route to a remote sport fishing camp about 52 nm southeast on the Nushagak River.", "mentions": {"event_date": [{"start_char": 3, "end_char": 17}], "location_city": [{"start_char": 234, "end_char": 243}], "location_state": [{"start_char": 245, "end_char": 251}, {"start_char": 541, "end_char": 547}, {"start_char": 775, "end_char": 781}], "airport_code": [], "airport_name": [{"start_char": 743, "end_char": 761}], "aircraft_damage": [{"start_char": 396, "end_char": 414}], "aircraft_registration_number": [{"start_char": 142, "end_char": 147}], "aircraft_make": [{"start_char": 112, "end_char": 124}], "aircraft_model": [{"start_char": 125, "end_char": 131}], "far_description": [{"start_char": 573, "end_char": 611}, {"start_char": 604, "end_char": 611}, {"start_char": 609, "end_char": 611}], "air_carrier": [{"start_char": 496, "end_char": 525}, {"start_char": 496, "end_char": 519}], "weather_condition": []}, "mentions_same_attribute_class": {"event_date": [], "location_city": [{"start_char": 530, "end_char": 539}, {"start_char": 763, "end_char": 773}], "location_state": [], "airport_code": [], "airport_name": [], "aircraft_damage": [], "aircraft_registration_number": [], "aircraft_make": [], "aircraft_model": [], "far_description": [], "air_carrier": [], "weather_condition": []}}