{"id": "AAR-09-07", "text": "On September 27, 2008, about 2358 eastern daylight time, an Aerospatiale (Eurocopter) SA365N1, N92MD, call sign Trooper 2, registered to and operated by the Maryland State Police (MSP) as a public medical evacuation flight, impacted terrain about 3.2 miles north of the runway 19R threshold at Andrews Air Force Base (ADW), Camp Springs, Maryland, during an instrument landing system approach. The commercial pilot, one flight paramedic, one field provider, and one of two automobile accident patients being transported were killed. The other patient being transported survived with serious injuries from the helicopter accident and was taken to a local hospital. The helicopter was substantially damaged when it collided with trees and terrain in Walker Mill Regional Park, District Heights, Maryland. The flight originated from a landing zone at Wade Elementary School, Waldorf, Maryland, about 2337, destined for Prince George's Hospital Center, Cheverly, Maryland. Night visual meteorological conditions prevailed for the departure; however, Trooper 2 encountered instrument meteorological conditions en route to the hospital and diverted to ADW. No flight plan was filed with the Federal Aviation Administration (FAA), and none was required. The MSP System Communications Center (SYSCOM) was tracking the flight using global positioning system data transmitted with an experimental automatic dependent surveillance-broadcast communications link.", "mentions": {"event_date": [{"start_char": 3, "end_char": 21}], "location_city": [{"start_char": 775, "end_char": 791}], "location_state": [{"start_char": 338, "end_char": 346}, {"start_char": 793, "end_char": 801}, {"start_char": 881, "end_char": 889}, {"start_char": 959, "end_char": 967}], "airport_code": [{"start_char": 318, "end_char": 321}, {"start_char": 1146, "end_char": 1149}], "airport_name": [{"start_char": 294, "end_char": 316}], "aircraft_damage": [{"start_char": 683, "end_char": 704}], "aircraft_registration_number": [{"start_char": 95, "end_char": 100}], "aircraft_make": [{"start_char": 60, "end_char": 85}, {"start_char": 60, "end_char": 72}, {"start_char": 74, "end_char": 84}], "aircraft_model": [{"start_char": 86, "end_char": 93}], "far_description": [], "air_carrier": [{"start_char": 157, "end_char": 184}, {"start_char": 157, "end_char": 178}], "weather_condition": [{"start_char": 969, "end_char": 1007}, {"start_char": 1068, "end_char": 1104}]}, "mentions_same_attribute_class": {"event_date": [], "location_city": [{"start_char": 324, "end_char": 336}, {"start_char": 872, "end_char": 879}, {"start_char": 949, "end_char": 957}], "location_state": [], "airport_code": [], "airport_name": [], "aircraft_damage": [], "aircraft_registration_number": [], "aircraft_make": [], "aircraft_model": [], "far_description": [], "air_carrier": [], "weather_condition": []}}