{"id": "AAR-08-03", "text": "On July 29, 2006, about 1345 central daylight time, a de Havilland DHC-6-100, N203E, registered to Adventure Aviation, LLC, and operated by Skydive Quantum Leap as a local parachute operation flight, crashed into trees and terrain after takeoff from Sullivan Regional Airport, near Sullivan, Missouri. The pilot and five parachutists were killed, and two parachutists were seriously injured. The flight was operated under 14 Code of Federal Regulations Part 91 with no flight plan filed. Visual meteorological conditions prevailed. Witnesses at the airport reported (and photographic evidence showed) that, shortly after the airplane lifted off from the runway, flames emitted from the airplane's right engine. Witnesses reported that the airplane continued to fly low above the treetops before turning right and diving nose first into the ground\n\nThe safety issues discussed in this report relate to the inadequate protection provided by single-point restraints for parachutists. Two safety recommendations to the Federal Aviation Administration and two to the United States Parachute Association are included.\n\n", "mentions": {"event_date": [{"start_char": 3, "end_char": 16}], "location_city": [{"start_char": 282, "end_char": 290}], "location_state": [{"start_char": 292, "end_char": 300}], "airport_code": [], "airport_name": [{"start_char": 250, "end_char": 275}], "aircraft_damage": [], "aircraft_registration_number": [{"start_char": 78, "end_char": 83}], "aircraft_make": [{"start_char": 54, "end_char": 66}, {"start_char": 57, "end_char": 66}], "aircraft_model": [{"start_char": 67, "end_char": 76}], "far_description": [{"start_char": 422, "end_char": 460}, {"start_char": 453, "end_char": 460}, {"start_char": 458, "end_char": 460}], "air_carrier": [{"start_char": 140, "end_char": 160}], "weather_condition": [{"start_char": 488, "end_char": 520}]}, "mentions_same_attribute_class": {"event_date": [], "location_city": [], "location_state": [], "airport_code": [], "airport_name": [], "aircraft_damage": [], "aircraft_registration_number": [], "aircraft_make": [], "aircraft_model": [], "far_description": [], "air_carrier": [{"start_char": 99, "end_char": 122}], "weather_condition": []}}