{"id": "AAR-04-01", "text": "On January 8, 2003, about 0847:28 eastern standard time, Air Midwest (doing business as US Airways Express) flight 5481, a Raytheon (Beechcraft) 1900D, N233YV, crashed shortly after takeoff from runway 18R at Charlotte-Douglas International Airport, Charlotte, North Carolina. The 2 flight crewmembers and 19 passengers aboard the airplane were killed, 1 person on the ground received minor injuries, and the airplane was destroyed by impact forces and a postcrash fire. Flight 5481 was a regularly scheduled passenger flight to Greenville-Spartanburg International Airport, Greer, South Carolina, and was operating under the provisions of 14 Code of Federal Regulations Part 121 on an instrument flight rules flight plan. Visual meteorological conditions prevailed at the time of the accident.\n\nThe safety issues in this report focus on maintenance work practices, oversight, and quality assurance; aircraft weight and balance programs; maintenance training; FAA oversight; and Beech 1900 cockpit voice recorder problems. Safety recommendations concerning these issues are addressed to the FAA.", "mentions": {"event_date": [{"start_char": 3, "end_char": 18}], "location_city": [{"start_char": 250, "end_char": 259}], "location_state": [{"start_char": 261, "end_char": 275}], "airport_code": [], "airport_name": [{"start_char": 209, "end_char": 248}], "aircraft_damage": [{"start_char": 422, "end_char": 431}], "aircraft_registration_number": [{"start_char": 152, "end_char": 158}], "aircraft_make": [{"start_char": 123, "end_char": 144}, {"start_char": 133, "end_char": 143}, {"start_char": 123, "end_char": 131}], "aircraft_model": [{"start_char": 145, "end_char": 150}], "far_description": [{"start_char": 640, "end_char": 679}, {"start_char": 671, "end_char": 679}, {"start_char": 676, "end_char": 679}], "air_carrier": [{"start_char": 57, "end_char": 68}, {"start_char": 88, "end_char": 106}], "weather_condition": [{"start_char": 723, "end_char": 755}]}, "mentions_same_attribute_class": {"event_date": [], "location_city": [{"start_char": 575, "end_char": 580}], "location_state": [{"start_char": 582, "end_char": 596}], "airport_code": [], "airport_name": [{"start_char": 529, "end_char": 573}], "aircraft_damage": [], "aircraft_registration_number": [], "aircraft_make": [], "aircraft_model": [], "far_description": [], "air_carrier": [], "weather_condition": []}}