{"id": "AAR-09-02", "text": "On July 27, 2007, about 1246 mountain standard time, two electronic news gathering (ENG) helicopters, N613TV and N215TV, collided in midair while maneuvering in Phoenix, Arizona. The Eurocopter AS350B2 helicopters, from local channels 3 and 15, had been covering a police pursuit. N613TV, the channel 3 helicopter, was operated by KTVK-TV, and N215TV, the channel 15 helicopter, was operated by U.S. Helicopters, Inc., under contract to KNXV-TV. Each helicopter had a pilot-reporter and a photographer on board. The occupants on board both helicopters were killed, and the helicopters were destroyed by impact forces and postcrash fire. The helicopters were operating under the provisions of 14 Code of Federal Regulations Part 91. No flight plans had been filed. Visual meteorological conditions prevailed at the time of the accident.\n\nThe safety issues discussed in this report focus on the limitations associated with the primary method of separation used during ENG operations; methods for improving an ENG pilot's awareness of other helicopters operating in the same area; and the need for (1) meetings of Federal Aviation Administration (FAA) and ENG personnel to discuss operational procedures and manage risk, (2) ENG best practices guidelines, and (3) flight recorder systems for smaller aircraft. Safety recommendations concerning these issues are addressed to the FAA.", "mentions": {"event_date": [{"start_char": 3, "end_char": 16}], "location_city": [{"start_char": 161, "end_char": 168}], "location_state": [{"start_char": 170, "end_char": 177}], "airport_code": [], "airport_name": [], "aircraft_damage": [{"start_char": 590, "end_char": 599}], "aircraft_registration_number": [{"start_char": 102, "end_char": 108}, {"start_char": 113, "end_char": 119}, {"start_char": 281, "end_char": 287}, {"start_char": 344, "end_char": 350}], "aircraft_make": [{"start_char": 183, "end_char": 193}], "aircraft_model": [{"start_char": 194, "end_char": 201}], "far_description": [{"start_char": 692, "end_char": 730}, {"start_char": 723, "end_char": 730}, {"start_char": 728, "end_char": 730}], "air_carrier": [{"start_char": 331, "end_char": 338}, {"start_char": 395, "end_char": 417}, {"start_char": 437, "end_char": 444}], "weather_condition": [{"start_char": 764, "end_char": 796}]}, "mentions_same_attribute_class": {"event_date": [], "location_city": [], "location_state": [], "airport_code": [], "airport_name": [], "aircraft_damage": [], "aircraft_registration_number": [], "aircraft_make": [], "aircraft_model": [], "far_description": [], "air_carrier": [], "weather_condition": []}}