{"id": "AAR-03-03", "text": "On October 25, 2002, about 1022 central daylight time, a Raytheon (Beechcraft) King Air A100, N41BE, operated by Aviation Charter, Inc., crashed while the flight crew was attempting to execute the VOR approach to runway 27 at Eveleth-Virginia Municipal Airport, Eveleth, Minnesota. The crash site was located about 1.8 nautical miles southeast of the approach end of runway 27. The two pilots and six passengers were killed, and the airplane was destroyed by impact forces and a postcrash fire. The airplane was being operated under the provisions of 14 Code of Federal Regulations Part 135 as an on-demand passenger charter flight. Instrument meteorological conditions prevailed for the flight, which operated on an instrument flight rules flight plan.\n\nThe safety issues discussed in this report include flight crew proficiency, Aviation Charter operational and training issues, inadequate crew resource management (CRM) training, Federal Aviation Administration (FAA) surveillance, and the need for improved low-airspeed awareness. Safety recommendations concerning CRM training, FAA surveillance, and low-airspeed alert systems are addressed to the FAA.", "mentions": {"event_date": [{"start_char": 3, "end_char": 19}], "location_city": [{"start_char": 262, "end_char": 269}], "location_state": [{"start_char": 271, "end_char": 280}], "airport_code": [], "airport_name": [{"start_char": 226, "end_char": 260}], "aircraft_damage": [{"start_char": 446, "end_char": 455}], "aircraft_registration_number": [{"start_char": 94, "end_char": 99}], "aircraft_make": [{"start_char": 57, "end_char": 78}, {"start_char": 57, "end_char": 65}, {"start_char": 67, "end_char": 77}], "aircraft_model": [{"start_char": 79, "end_char": 92}], "far_description": [{"start_char": 551, "end_char": 590}, {"start_char": 582, "end_char": 590}, {"start_char": 587, "end_char": 590}], "air_carrier": [{"start_char": 113, "end_char": 135}], "weather_condition": [{"start_char": 633, "end_char": 669}]}, "mentions_same_attribute_class": {"event_date": [], "location_city": [], "location_state": [], "airport_code": [], "airport_name": [], "aircraft_damage": [], "aircraft_registration_number": [], "aircraft_make": [], "aircraft_model": [], "far_description": [], "air_carrier": [], "weather_condition": []}}