{"id": "AAR-12-01", "text": "This report discusses the December 29, 2010, incident involving American Airlines flight 2253, a Boeing 757-200, N668AA, which ran off the departure end of runway 19 and came to a stop in deep snow after landing at Jackson Hole Airport (JAC), Jackson Hole, Wyoming. The occupants were not injured, and the airplane sustained minor damage.", "mentions": {"event_date": [{"start_char": 26, "end_char": 43}], "location_city": [{"start_char": 243, "end_char": 255}], "location_state": [{"start_char": 257, "end_char": 264}], "airport_code": [{"start_char": 237, "end_char": 240}], "airport_name": [{"start_char": 215, "end_char": 235}], "aircraft_damage": [{"start_char": 325, "end_char": 337}], "aircraft_registration_number": [{"start_char": 113, "end_char": 119}], "aircraft_make": [{"start_char": 97, "end_char": 103}], "aircraft_model": [{"start_char": 104, "end_char": 111}], "far_description": [], "air_carrier": [{"start_char": 64, "end_char": 81}], "weather_condition": []}, "mentions_same_attribute_class": {"event_date": [], "location_city": [], "location_state": [], "airport_code": [], "airport_name": [], "aircraft_damage": [], "aircraft_registration_number": [], "aircraft_make": [], "aircraft_model": [], "far_description": [], "air_carrier": [], "weather_condition": []}}