{"id": "AAR-05-02", "text": "On May 9, 2004, about 1450 Atlantic standard time, Executive Airlines (doing business as American Eagle) flight 5401, an Avions de Transport Regional 72-212, N438AT, skipped once, bounced hard twice, and then crashed at Luis Mu\u00f1oz Marin International Airport, San Juan, Puerto Rico. The airplane came to a complete stop on a grassy area about 217 feet left of the runway 8 centerline and about 4,317 feet beyond the runway threshold. The captain was seriously injured; the first officer, 2 flight attendants, and 16 of the 22 passengers received minor injuries; and the remaining 6 passengers received no injuries. The airplane was substantially damaged. The airplane was operating under the provisions of 14 Code of Federal Regulations Part 121 as a scheduled passenger flight. Visual meteorological conditions prevailed for the flight, which operated on an instrument flight rules flight plan.\n\nThe safety issues in this report include flight crew performance, the lack of company bounced landing recovery guidance and training, and malfunctioning flight data recorder potentiometer sensors. Safety recommendations concerning bounced landing recovery guidance and training and flight control surface position sensors are addressed to the Federal Aviation Administration.", "mentions": {"event_date": [{"start_char": 3, "end_char": 14}], "location_city": [{"start_char": 260, "end_char": 268}], "location_state": [{"start_char": 270, "end_char": 281}], "airport_code": [], "airport_name": [{"start_char": 220, "end_char": 258}], "aircraft_damage": [{"start_char": 632, "end_char": 653}], "aircraft_registration_number": [{"start_char": 158, "end_char": 164}], "aircraft_make": [{"start_char": 121, "end_char": 149}], "aircraft_model": [{"start_char": 150, "end_char": 156}], "far_description": [{"start_char": 706, "end_char": 745}, {"start_char": 737, "end_char": 745}, {"start_char": 742, "end_char": 745}], "air_carrier": [{"start_char": 51, "end_char": 69}, {"start_char": 89, "end_char": 103}], "weather_condition": [{"start_char": 779, "end_char": 811}]}, "mentions_same_attribute_class": {"event_date": [], "location_city": [], "location_state": [], "airport_code": [], "airport_name": [], "aircraft_damage": [], "aircraft_registration_number": [], "aircraft_make": [], "aircraft_model": [], "far_description": [], "air_carrier": [], "weather_condition": []}}