{"id": "AAR-02-01", "text": "On January 31, 2000, about 1621 Pacific standard time, Alaska Airlines, Inc., flight 261, a McDonnell Douglas MD-83, N963AS, crashed into the Pacific Ocean about 2.7 miles north of Anacapa Island, California. The 2 pilots, 3 cabin crewmembers, and 83 passengers on board were killed, and the airplane was destroyed by impact forces. Flight 261 was operating as a scheduled international passenger flight under the provisions of 14 Code of Federal Regulations Part 121 from Lic Gustavo Diaz Ordaz International Airport, Puerto Vallarta, Mexico, to Seattle-Tacoma International Airport, Seattle, Washington, with an intermediate stop planned at San Francisco International Airport, San Francisco, California. Visual meteorological conditions prevailed for the flight, which operated on an instrument flight rules flight plan.", "mentions": {"event_date": [{"start_char": 3, "end_char": 19}], "location_city": [{"start_char": 181, "end_char": 195}], "location_state": [{"start_char": 197, "end_char": 207}, {"start_char": 695, "end_char": 705}], "airport_code": [], "airport_name": [{"start_char": 473, "end_char": 517}], "aircraft_damage": [{"start_char": 305, "end_char": 314}], "aircraft_registration_number": [{"start_char": 117, "end_char": 123}], "aircraft_make": [{"start_char": 92, "end_char": 109}], "aircraft_model": [{"start_char": 110, "end_char": 115}], "far_description": [{"start_char": 428, "end_char": 467}, {"start_char": 459, "end_char": 467}, {"start_char": 464, "end_char": 467}], "air_carrier": [{"start_char": 55, "end_char": 76}], "weather_condition": [{"start_char": 707, "end_char": 739}]}, "mentions_same_attribute_class": {"event_date": [], "location_city": [{"start_char": 519, "end_char": 534}, {"start_char": 585, "end_char": 592}, {"start_char": 680, "end_char": 693}], "location_state": [{"start_char": 536, "end_char": 542}, {"start_char": 594, "end_char": 604}], "airport_code": [], "airport_name": [{"start_char": 547, "end_char": 583}, {"start_char": 643, "end_char": 678}], "aircraft_damage": [], "aircraft_registration_number": [], "aircraft_make": [], "aircraft_model": [], "far_description": [], "air_carrier": [], "weather_condition": []}}