{"id": "AAR-07-01", "text": "On October 14, 2004, about 2215:06 central daylight time, Pinnacle Airlines flight 3701 (doing business as Northwest Airlink), a Bombardier CL-600-2B19, N8396A, crashed into a residential area about 2.5 miles south of Jefferson City Memorial Airport, Jefferson City, Missouri. The airplane was on a repositioning flight from Little Rock National Airport, Little Rock, Arkansas, to Minneapolis-St. Paul International Airport, Minneapolis, Minnesota. During the flight, both engines flamed out after a pilot-induced aerodynamic stall and were unable to be restarted. The captain and the first officer were killed, and the airplane was destroyed. No one on the ground was injured. The flight was operating under the provisions of 14 Code of Federal Regulations Part 91 on an instrument flight rules flight plan. Visual meteorological conditions prevailed at the time of the accident.\n\nThe safety issues discussed in this report focus on flight crew training in the areas of high altitude climbs, stall recognition and recovery, and double engine failures; flight crew professionalism; and the quality of some parameters recorded by flight data recorders on regional jet airplanes. Safety recommendations concerning these issues are addressed to the Federal Aviation Administration.", "mentions": {"event_date": [{"start_char": 3, "end_char": 19}], "location_city": [{"start_char": 251, "end_char": 265}], "location_state": [{"start_char": 267, "end_char": 275}], "airport_code": [], "airport_name": [{"start_char": 218, "end_char": 249}], "aircraft_damage": [{"start_char": 633, "end_char": 642}], "aircraft_registration_number": [{"start_char": 153, "end_char": 159}], "aircraft_make": [{"start_char": 129, "end_char": 139}], "aircraft_model": [{"start_char": 140, "end_char": 151}], "far_description": [{"start_char": 727, "end_char": 765}, {"start_char": 758, "end_char": 765}, {"start_char": 763, "end_char": 765}], "air_carrier": [{"start_char": 58, "end_char": 75}, {"start_char": 107, "end_char": 124}], "weather_condition": [{"start_char": 809, "end_char": 841}]}, "mentions_same_attribute_class": {"event_date": [], "location_city": [{"start_char": 355, "end_char": 366}, {"start_char": 425, "end_char": 436}], "location_state": [{"start_char": 368, "end_char": 376}, {"start_char": 438, "end_char": 447}], "airport_code": [], "airport_name": [{"start_char": 325, "end_char": 353}, {"start_char": 381, "end_char": 423}], "aircraft_damage": [], "aircraft_registration_number": [], "aircraft_make": [], "aircraft_model": [], "far_description": [], "air_carrier": [], "weather_condition": []}}