{"id": "AAR-11-05", "text": "On March 22, 2009, about 1432 mountain daylight time, a Pilatus PC-12/45, N128CM, was diverting to Bert Mooney Airport (BTM), Butte, Montana, when it crashed about 2,100 feet west of runway 33 at BTM. The pilot and the 13 airplane passengers were fatally injured, and the airplane was substantially damaged by impact forces and a postcrash fire. The airplane was owned by Eagle Cap Leasing of Enterprise, Oregon, and was operating as a personal flight under the provisions of 14 Code of Federal Regulations Part 91. The flight departed Oroville Municipal Airport, Oroville, California, on an instrument flight rules flight plan with a destination of Gallatin Field, Bozeman, Montana. Visual meteorological conditions prevailed at the time of the accident.", "mentions": {"event_date": [{"start_char": 3, "end_char": 17}], "location_city": [{"start_char": 126, "end_char": 131}], "location_state": [{"start_char": 133, "end_char": 140}, {"start_char": 675, "end_char": 682}], "airport_code": [{"start_char": 120, "end_char": 123}, {"start_char": 196, "end_char": 199}], "airport_name": [{"start_char": 99, "end_char": 118}], "aircraft_damage": [{"start_char": 285, "end_char": 306}], "aircraft_registration_number": [{"start_char": 74, "end_char": 80}], "aircraft_make": [{"start_char": 56, "end_char": 63}], "aircraft_model": [{"start_char": 64, "end_char": 72}], "far_description": [{"start_char": 476, "end_char": 514}, {"start_char": 507, "end_char": 514}, {"start_char": 512, "end_char": 514}], "air_carrier": [{"start_char": 372, "end_char": 389}], "weather_condition": [{"start_char": 684, "end_char": 716}]}, "mentions_same_attribute_class": {"event_date": [], "location_city": [{"start_char": 393, "end_char": 403}, {"start_char": 564, "end_char": 572}, {"start_char": 666, "end_char": 673}], "location_state": [{"start_char": 405, "end_char": 411}, {"start_char": 574, "end_char": 584}], "airport_code": [], "airport_name": [], "aircraft_damage": [], "aircraft_registration_number": [], "aircraft_make": [], "aircraft_model": [], "far_description": [], "air_carrier": [], "weather_condition": []}}