{"id": "AAR-10-02", "text": "\u200bOn September 19, 2008, about 2353 eastern daylight time, a Bombardier Learjet Model 60, N999LJ, owned by Inter Travel and Services, Inc., and operated by Global Exec Aviation, overran runway 11 during a rejected takeoff at Columbia Metropolitan Airport, Columbia, South Carolina. The captain, the first officer, and two passengers were killed; two other passengers were seriously injured. The nonscheduled domestic passenger flight to Van Nuys, California, was operated under 14 Code of Federal Regulations Part 135. Visual meteorological conditions prevailed, and an instrument flight rules flight plan was filed.\n\nContributing to the accident were (1) deficiencies in Learjet's design of and the Federal Aviation Administration's (FAA) certification of the Learjet Model 60's thrust reverser system, which permitted the failure of critical systems in the wheel well area to result in uncommanded forward thrust that increased the severity of the accident; (2) the inadequacy of Learjet's safety analysis and the FAA's review of it, which failed to detect and correct the thrust reverser and wheel well design deficiencies after a 2001 uncommanded forward thrust accident; (3) inadequate industry training standards for flight crews in tire failure scenarios; and (4) the flight crew's poor crew resource management (CRM).\n\nThe safety issues discussed in this report focus on criticality of proper aircraft tire inflation; maintenance requirements and manual revisions for tire pressure check intervals; tire pressure monitoring systems; airplane thrust reverser system design deficiencies; inadequate system safety analyses by the FAA and Learjet; inadequate level of safety in the certification of changed aeronautical products; flight crew training for tire failure events; flight crew performance, including the captain's action to initiate an RTO after V1, the captain's experience, and CRM; and considerations for tire certification criteria. Safety recommendations concerning these issues are addressed to the FAA.", "mentions": {"event_date": [{"start_char": 4, "end_char": 22}], "location_city": [{"start_char": 255, "end_char": 263}], "location_state": [{"start_char": 265, "end_char": 279}], "airport_code": [], "airport_name": [{"start_char": 224, "end_char": 253}], "aircraft_damage": [], "aircraft_registration_number": [{"start_char": 89, "end_char": 95}], "aircraft_make": [{"start_char": 60, "end_char": 78}, {"start_char": 60, "end_char": 70}, {"start_char": 71, "end_char": 78}, {"start_char": 671, "end_char": 678}, {"start_char": 760, "end_char": 767}, {"start_char": 981, "end_char": 988}], "aircraft_model": [{"start_char": 71, "end_char": 87}, {"start_char": 79, "end_char": 87}, {"start_char": 760, "end_char": 776}, {"start_char": 768, "end_char": 776}], "far_description": [{"start_char": 477, "end_char": 516}, {"start_char": 508, "end_char": 516}, {"start_char": 513, "end_char": 516}], "air_carrier": [{"start_char": 155, "end_char": 175}], "weather_condition": [{"start_char": 518, "end_char": 550}]}, "mentions_same_attribute_class": {"event_date": [], "location_city": [{"start_char": 436, "end_char": 444}], "location_state": [{"start_char": 446, "end_char": 456}], "airport_code": [], "airport_name": [], "aircraft_damage": [], "aircraft_registration_number": [], "aircraft_make": [], "aircraft_model": [], "far_description": [], "air_carrier": [{"start_char": 106, "end_char": 137}], "weather_condition": []}}