{"id": "AAR-10-05", "text": "On August 8, 2009, at 1153:14 eastern daylight time, a Piper PA-32R-300 airplane, N71MC, and a Eurocopter AS350BA helicopter, N401LH, operated by Liberty Helicopters, collided over the Hudson River near Hoboken, New Jersey. The pilot and two passengers aboard the airplane and the pilot and five passengers aboard the helicopter were killed, and both aircraft received substantial damage from the impact. The airplane flight was operating under the provisions of 14 Code of Federal Regulations (CFR) Part 91, and the helicopter flight was operating under the provisions of 14 CFR Parts 135 and 136. No flight plans were filed or were required for either flight, and visual meteorological conditions prevailed at the time of the accident.\n\nPrevious safety recommendations issued to the FAA addressed standard operating procedures for the Hudson River Class B exclusion area, ATC performance deficiencies, the designation of a special flight rules area (SFRA) for the Hudson River Class B exclusion area and surrounding areas, and standard operating procedures within and training for SFRAs. The safety issues discussed in this report address changes within the recently designated SFRA surrounding the Hudson River corridor, vertical separation among aircraft operating in the Hudson River SFRA, the see-and-avoid concept, and helicopter electronic traffic advisory systems. Five new safety recommendations to the FAA are included in the report.", "mentions": {"event_date": [{"start_char": 3, "end_char": 17}], "location_city": [{"start_char": 203, "end_char": 210}], "location_state": [{"start_char": 212, "end_char": 222}], "airport_code": [], "airport_name": [], "aircraft_damage": [{"start_char": 369, "end_char": 387}], "aircraft_registration_number": [{"start_char": 82, "end_char": 87}, {"start_char": 126, "end_char": 132}], "aircraft_make": [{"start_char": 55, "end_char": 60}, {"start_char": 95, "end_char": 105}], "aircraft_model": [{"start_char": 61, "end_char": 71}, {"start_char": 106, "end_char": 113}], "far_description": [{"start_char": 463, "end_char": 507}, {"start_char": 500, "end_char": 507}, {"start_char": 505, "end_char": 507}, {"start_char": 573, "end_char": 597}, {"start_char": 580, "end_char": 597}, {"start_char": 586, "end_char": 589}, {"start_char": 594, "end_char": 597}], "air_carrier": [{"start_char": 146, "end_char": 165}], "weather_condition": [{"start_char": 666, "end_char": 698}]}, "mentions_same_attribute_class": {"event_date": [], "location_city": [], "location_state": [], "airport_code": [], "airport_name": [], "aircraft_damage": [], "aircraft_registration_number": [], "aircraft_make": [], "aircraft_model": [], "far_description": [], "air_carrier": [], "weather_condition": []}}