{"id": "AAR-98-03", "text": "About 0554 eastern daylight time, on September 5, 1996, a Douglas DC-10-10CF, N68055, operated by the Federal Express Corporation as flight 1406, made an emergency landing at Stewart International Airport, Newburgh, New York, after the flightcrew determined that there was smoke in the cabin cargo compartment. The flight was operating under the provisions of Title 14 Code of Federal Regulations Part 121 as a cargo flight from Memphis, Tennessee, to Boston, Massachusetts. Three crewmembers and two nonrevenue passengers were aboard the airplane. The captain and flight engineer sustained minor injuries while evacuating the airplane. The airplane was destroyed by fire after the landing.\n\nSafety issues discussed in this report include flightcrew performance of emergency procedures, undeclared hazardous materials in transportation, dissemination of hazardous materials information, airport emergency response, and adequacy of aircraft interior firefighting methods. Safety recommendations concerning these issues were made to the Federal Aviation Administration, the Department of Transportation, and the Research and Special Programs Administration.", "mentions": {"event_date": [{"start_char": 37, "end_char": 54}], "location_city": [{"start_char": 206, "end_char": 214}], "location_state": [{"start_char": 216, "end_char": 224}], "airport_code": [], "airport_name": [{"start_char": 175, "end_char": 204}], "aircraft_damage": [{"start_char": 654, "end_char": 663}], "aircraft_registration_number": [{"start_char": 78, "end_char": 84}], "aircraft_make": [{"start_char": 58, "end_char": 65}], "aircraft_model": [{"start_char": 66, "end_char": 76}], "far_description": [{"start_char": 366, "end_char": 405}, {"start_char": 397, "end_char": 405}, {"start_char": 402, "end_char": 405}], "air_carrier": [{"start_char": 102, "end_char": 129}], "weather_condition": []}, "mentions_same_attribute_class": {"event_date": [], "location_city": [{"start_char": 429, "end_char": 436}, {"start_char": 452, "end_char": 458}], "location_state": [{"start_char": 438, "end_char": 447}, {"start_char": 460, "end_char": 473}], "airport_code": [], "airport_name": [], "aircraft_damage": [], "aircraft_registration_number": [], "aircraft_make": [], "aircraft_model": [], "far_description": [], "air_carrier": [], "weather_condition": []}}