{"id": "AAR-19-04", "text": "On March 11, 2018, about 1908 eastern daylight time, an Airbus Helicopters AS350 B2, N350LH, lost engine power during cruise flight, and the pilot performed an autorotative descent and ditching on the East River in New York, New York. The pilot sustained minor injuries, the five passengers drowned, and the helicopter was substantially damaged. The FlyNYON-branded flight was operated by Liberty Helicopters Inc. (Liberty), per a contractual agreement with NYONair; both companies considered the flight to be an aerial photography flight operated under the provisions of Title 14 Code of Federal Regulations (CFR) Part 91. Visual flight rules (VFR) weather conditions prevailed, and no flight plan was filed for the intended 30-minute local flight, which departed from Helo Kearny Heliport, Kearny, New Jersey, about 1850.\n\n \n\nLiberty operated the accident flight as a FlyNYON-branded, doors-off helicopter flight that allowed the five passengers (one in the front seat, four in the rear seats) to take photographs of various landmarks while extending their legs outside the helicopter during portions of the flight. For the accident flight (and other FlyNYON flights that Liberty operated), Liberty configured its Airbus AS350 B2 helicopter with the two right and the front left doors removed and the left sliding door locked open. Before departure, each passenger was fitted with a NYONair-provided harness/tether system that NYONair developed with the intent to prevent passengers from falling out of the helicopter. The harness/tether system used on the accident flight consisted of a full-body, workplace fall-protection harness that was secured (with a locking carabiner) to a tether, the other end of which was secured (with another locking carabiner) to an anchor point in the cabin. Each passenger also wore the helicopter\u2019s installed, Federal Aviation Administration (FAA)-approved restraints. The pilot (who was seated in the front right seat) wore only an installed, FAA-approved restraint.\n\n \n\nAfter the flight departed, it traveled past various scenic landmarks. Consistent with the standard operating procedures (SOPs) used for FlyNYON flights, the passengers were allowed (when instructed by the pilot) to position themselves to extend their legs outside the helicopter. The two passengers who had been seated in the rear inboard seats removed their installed, FAA-approved restraints and sat on the cabin floor, wearing their harness/tether systems. The passengers seated in the outboard seats were allowed to rotate outboard in their seats. To enable such freedom of movement, the SOPs allowed the passengers to wear their installed, FAA-approved restraint with the lap belt adjusted loosely and the shoulder harness routed under the arm.\n\nA review of radar data and onboard video showed that, when the flight was proceeding northwest over Manhattan toward Central Park at an altitude of 1,900 ft mean sea level, the front passenger, who was facing outboard in his seat with his legs outside the helicopter, leaned back several times to take photographs using a smartphone. The onboard video showed that, each time he leaned back, the tail of the tether attached to the back of his harness hung down loosely near the helicopter\u2019s floor-mounted controls. At one point, when he pulled himself up to adjust his seating position, the tail of his tether remained taut but appeared to pop upward. Two seconds later, the helicopter\u2019s engine sounds decreased, and the helicopter began to descend.\n\n \n\nAs the pilot performed the emergency procedures to perform an autorotation and address the apparent loss of engine power, he noticed that the fuel shutoff lever (FSOL) was in the shutoff position and that it had been inadvertently moved to that position by the tail of the front passenger\u2019s tether, which had become caught on it.\n\nAlthough the pilot pushed the FSOL down to restore fuel flow to the engine and attempted to relight the engine, the helicopter was too low to allow engine power to be restored in time to prevent the emergency landing. The pilot pulled the activation handle to deploy the helicopter\u2019s emergency flotation system, and he ditched the helicopter on the East River. However, the helicopter\u2019s floats did not fully inflate, and the helicopter rolled right in the water and became fully inverted and submerged about 11 seconds after it touched down.\n\nThe pilot was able to release his installed, FAA-approved restraint after he was under water and successfully egress from the helicopter; however, none of the passengers were able to egress, and they all drowned.", "mentions": {"event_date": [{"start_char": 3, "end_char": 17}], "location_city": [{"start_char": 215, "end_char": 223}], "location_state": [{"start_char": 225, "end_char": 233}], "airport_code": [], "airport_name": [{"start_char": 770, "end_char": 790}], "aircraft_damage": [{"start_char": 323, "end_char": 344}], "aircraft_registration_number": [{"start_char": 85, "end_char": 91}], "aircraft_make": [{"start_char": 56, "end_char": 74}, {"start_char": 1216, "end_char": 1222}], "aircraft_model": [{"start_char": 75, "end_char": 83}, {"start_char": 1223, "end_char": 1231}], "far_description": [{"start_char": 578, "end_char": 622}, {"start_char": 615, "end_char": 622}, {"start_char": 620, "end_char": 622}], "air_carrier": [{"start_char": 458, "end_char": 465}, {"start_char": 415, "end_char": 422}, {"start_char": 389, "end_char": 423}, {"start_char": 389, "end_char": 413}, {"start_char": 870, "end_char": 877}, {"start_char": 1153, "end_char": 1160}, {"start_char": 1429, "end_char": 1436}, {"start_char": 2144, "end_char": 2151}], "weather_condition": [{"start_char": 624, "end_char": 668}]}, "mentions_same_attribute_class": {"event_date": [], "location_city": [{"start_char": 792, "end_char": 798}], "location_state": [{"start_char": 800, "end_char": 810}], "airport_code": [], "airport_name": [], "aircraft_damage": [], "aircraft_registration_number": [], "aircraft_make": [], "aircraft_model": [], "far_description": [], "air_carrier": [], "weather_condition": []}}