{"id": "AAR-12-02", "text": "On April 2, 2011, about 0934 mountain daylight time, an experimental Gulfstream Aerospace Corporation GVI (G650), N652GD, crashed during takeoff from runway 21 at Roswell International Air Center, Roswell, New Mexico. The two pilots and the two flight test engineers were fatally injured, and the airplane was substantially damaged by impact forces and a postcrash fire. The airplane was registered to and operated by Gulfstream as part of its G650 flight test program. The flight was conducted under the provisions of 14 Code of Federal Regulations Part 91. Visual meteorological conditions prevailed at the time of the accident.", "mentions": {"event_date": [{"start_char": 3, "end_char": 16}], "location_city": [{"start_char": 197, "end_char": 204}], "location_state": [{"start_char": 206, "end_char": 216}], "airport_code": [], "airport_name": [{"start_char": 163, "end_char": 195}], "aircraft_damage": [{"start_char": 310, "end_char": 331}], "aircraft_registration_number": [{"start_char": 114, "end_char": 120}], "aircraft_make": [{"start_char": 69, "end_char": 101}, {"start_char": 418, "end_char": 428}], "aircraft_model": [{"start_char": 102, "end_char": 112}, {"start_char": 107, "end_char": 111}, {"start_char": 444, "end_char": 448}], "far_description": [{"start_char": 519, "end_char": 557}, {"start_char": 550, "end_char": 557}, {"start_char": 555, "end_char": 557}], "air_carrier": [{"start_char": 418, "end_char": 428}], "weather_condition": [{"start_char": 559, "end_char": 591}]}, "mentions_same_attribute_class": {"event_date": [], "location_city": [], "location_state": [], "airport_code": [], "airport_name": [], "aircraft_damage": [], "aircraft_registration_number": [], "aircraft_make": [], "aircraft_model": [], "far_description": [], "air_carrier": [], "weather_condition": []}}