{"id": "AAR-06-03", "text": "On August 13, 2004, about 0049 eastern daylight time, Air Tahoma, Inc., flight 185, a Convair 580, N586P, crashed about 1 mile south of Cincinnati/Northern Kentucky International Airport (CVG), Covington, Kentucky, while on approach to runway 36R. The first officer was killed, and the captain received minor injuries. The airplane was destroyed by impact forces. The flight was operating under the provisions of 14 Code of Federal Regulations Part 121 as a cargo flight for DHL Express from Memphis International Airport, Memphis, Tennessee, to CVG. Visual meteorological conditions prevailed for the flight, which operated on an instrument flight rules flight plan.\n\nThe safety issues discussed in this report include flight crew performance, fuel crossfeed operations, operating with different fuel boost pump output pressure settings, and cockpit voice recorder power source reliability. Safety recommendations concerning these issues are addressed to the Federal Aviation Administration. A safety recommendation concerning operating with different fuel boost pump output pressure settings is addressed to Transport Canada.", "mentions": {"event_date": [{"start_char": 3, "end_char": 18}], "location_city": [{"start_char": 194, "end_char": 203}], "location_state": [{"start_char": 205, "end_char": 213}], "airport_code": [{"start_char": 188, "end_char": 191}, {"start_char": 546, "end_char": 549}], "airport_name": [{"start_char": 136, "end_char": 186}], "aircraft_damage": [{"start_char": 336, "end_char": 345}], "aircraft_registration_number": [{"start_char": 99, "end_char": 104}], "aircraft_make": [{"start_char": 86, "end_char": 93}], "aircraft_model": [{"start_char": 94, "end_char": 97}], "far_description": [{"start_char": 413, "end_char": 452}, {"start_char": 444, "end_char": 452}, {"start_char": 449, "end_char": 452}], "air_carrier": [{"start_char": 54, "end_char": 70}], "weather_condition": [{"start_char": 551, "end_char": 583}]}, "mentions_same_attribute_class": {"event_date": [], "location_city": [{"start_char": 523, "end_char": 530}], "location_state": [{"start_char": 532, "end_char": 541}], "airport_code": [], "airport_name": [{"start_char": 492, "end_char": 521}], "aircraft_damage": [], "aircraft_registration_number": [], "aircraft_make": [], "aircraft_model": [], "far_description": [], "air_carrier": [], "weather_condition": []}}