{"id": "AAR-04-02", "text": "\u200bOn July 26, 2002, about 0537 eastern daylight time, Federal Express flight 1478, a Boeing 727-232F, N497FE, struck trees on short final approach and crashed short of runway 9 at the Tallahassee Regional Airport (TLH), Tallahassee, Florida. The flight was operating under the provisions of 14 Code of Federal Regulations Part 121 as a scheduled cargo flight from Memphis International Airport, in Memphis, Tennessee, to TLH. The captain, first officer, and flight engineer were seriously injured, and the airplane was destroyed by impact and resulting fire. Night visual meteorological conditions prevailed for the flight, which operated on an instrument flight rules flight plan.\n\nThe safety issues in this report focus on flight crew performance, flight crew decision-making, pilot fatigue, and Federal Aviation Administration (FAA) certification of pilots with color vision deficiencies. Safety recommendations concerning these issues are addressed to the FAA.", "mentions": {"event_date": [{"start_char": 4, "end_char": 17}], "location_city": [{"start_char": 219, "end_char": 230}], "location_state": [{"start_char": 232, "end_char": 239}], "airport_code": [{"start_char": 213, "end_char": 216}, {"start_char": 420, "end_char": 423}], "airport_name": [{"start_char": 183, "end_char": 211}], "aircraft_damage": [{"start_char": 518, "end_char": 527}], "aircraft_registration_number": [{"start_char": 101, "end_char": 107}], "aircraft_make": [{"start_char": 84, "end_char": 90}], "aircraft_model": [{"start_char": 91, "end_char": 99}], "far_description": [{"start_char": 290, "end_char": 329}, {"start_char": 321, "end_char": 329}, {"start_char": 326, "end_char": 329}], "air_carrier": [{"start_char": 53, "end_char": 68}], "weather_condition": [{"start_char": 558, "end_char": 596}]}, "mentions_same_attribute_class": {"event_date": [], "location_city": [{"start_char": 397, "end_char": 404}], "location_state": [{"start_char": 406, "end_char": 415}], "airport_code": [], "airport_name": [{"start_char": 363, "end_char": 392}], "aircraft_damage": [], "aircraft_registration_number": [], "aircraft_make": [], "aircraft_model": [], "far_description": [], "air_carrier": [], "weather_condition": []}}