{"id": "AAR-05-01", "text": "On December 18, 2003, about 1226 central standard time, Federal Express Corporation (FedEx) flight 647, a Boeing MD-10-10F (MD-10), N364FE, crashed while landing at Memphis International Airport (MEM), Memphis, Tennessee. The right main landing gear collapsed after touchdown on runway 36R, and the airplane veered off the right side of the runway. After the gear collapsed, a fire developed on the right side of the airplane. Of the two flight crewmembers and five nonrevenue FedEx pilots on board the airplane, the first officer and one nonrevenue pilot received minor injuries during the evacuation. The postcrash fire destroyed the airplane\u2019s right wing and portions of the right side of the fuselage. Flight 647 departed from Metropolitan Oakland International Airport (OAK), Oakland, California, about 0832 (0632 Pacific standard time) and was operating under the provisions of 14 Code of Federal Regulations (CFR) Part 121 on an instrument flight rules flight plan.\n\nThe safety issues in this report focus on flight crew performance, emergency evacuations, MEM air traffic control and aircraft rescue and firefighting issues, and flight data recorder reliability.", "mentions": {"event_date": [{"start_char": 3, "end_char": 20}], "location_city": [{"start_char": 202, "end_char": 209}], "location_state": [{"start_char": 211, "end_char": 220}], "airport_code": [{"start_char": 196, "end_char": 199}, {"start_char": 1064, "end_char": 1067}], "airport_name": [{"start_char": 165, "end_char": 194}], "aircraft_damage": [{"start_char": 622, "end_char": 631}], "aircraft_registration_number": [{"start_char": 132, "end_char": 138}], "aircraft_make": [{"start_char": 106, "end_char": 112}], "aircraft_model": [{"start_char": 113, "end_char": 130}, {"start_char": 113, "end_char": 122}, {"start_char": 124, "end_char": 129}], "far_description": [{"start_char": 884, "end_char": 929}, {"start_char": 921, "end_char": 929}, {"start_char": 926, "end_char": 929}], "air_carrier": [{"start_char": 56, "end_char": 83}, {"start_char": 85, "end_char": 90}, {"start_char": 477, "end_char": 482}], "weather_condition": []}, "mentions_same_attribute_class": {"event_date": [], "location_city": [{"start_char": 781, "end_char": 788}], "location_state": [{"start_char": 790, "end_char": 800}], "airport_code": [{"start_char": 775, "end_char": 778}], "airport_name": [{"start_char": 731, "end_char": 773}], "aircraft_damage": [], "aircraft_registration_number": [], "aircraft_make": [], "aircraft_model": [], "far_description": [], "air_carrier": [], "weather_condition": []}}