{"id": "AAR-11-02", "text": "Aerospatiale Alenia ATR 42-320, N902FX, operating as Empire Airlines flight 8284, was on an instrument approach when it crashed short of the runway at Lubbock Preston Smith International Airport, Lubbock, Texas. The captain sustained serious injuries, and the first officer sustained minor injuries. The airplane was substantially damaged. The airplane was registered to FedEx Corporation and operated by Empire Airlines, Inc., as a 14 Code of Federal Regulations Part 121 supplemental cargo flight. The flight departed from Fort Worth Alliance Airport, Fort Worth, Texas, about 0313. Instrument meteorological conditions prevailed, and an instrument flight rules flight plan was filed.", "mentions": {"event_date": [], "location_city": [{"start_char": 196, "end_char": 203}], "location_state": [{"start_char": 205, "end_char": 210}, {"start_char": 566, "end_char": 571}], "airport_code": [], "airport_name": [{"start_char": 151, "end_char": 194}], "aircraft_damage": [{"start_char": 317, "end_char": 338}], "aircraft_registration_number": [{"start_char": 32, "end_char": 38}], "aircraft_make": [{"start_char": 0, "end_char": 19}, {"start_char": 0, "end_char": 12}], "aircraft_model": [{"start_char": 13, "end_char": 30}, {"start_char": 20, "end_char": 30}], "far_description": [{"start_char": 433, "end_char": 472}, {"start_char": 464, "end_char": 472}, {"start_char": 469, "end_char": 472}], "air_carrier": [{"start_char": 53, "end_char": 68}, {"start_char": 405, "end_char": 426}], "weather_condition": [{"start_char": 585, "end_char": 621}]}, "mentions_same_attribute_class": {"event_date": [], "location_city": [{"start_char": 554, "end_char": 564}], "location_state": [], "airport_code": [], "airport_name": [{"start_char": 525, "end_char": 552}], "aircraft_damage": [], "aircraft_registration_number": [], "aircraft_make": [], "aircraft_model": [], "far_description": [], "air_carrier": [{"start_char": 371, "end_char": 388}], "weather_condition": []}}