{"id": "AAR-09-06", "text": "On June 4, 2007, about 1600 central daylight time, a Cessna Citation 550, N550BP, impacted Lake Michigan shortly after departure from General Mitchell International Airport, Milwaukee, Wisconsin (MKE). The two pilots and four passengers were killed, and the airplane was destroyed. The airplane was being operated by Marlin Air under the provisions of 14 Code of Federal Regulations Part 135 and departed MKE about 1557 with an intended destination of Willow Run Airport, near Ypsilanti, Michigan. At the time of the accident flight, marginal visual meteorological conditions prevailed at the surface, and instrument meteorological conditions prevailed aloft; the flight operated on an instrument flight rules flight plan.", "mentions": {"event_date": [{"start_char": 3, "end_char": 15}], "location_city": [{"start_char": 174, "end_char": 183}], "location_state": [{"start_char": 185, "end_char": 194}], "airport_code": [{"start_char": 196, "end_char": 199}, {"start_char": 405, "end_char": 408}], "airport_name": [{"start_char": 134, "end_char": 172}], "aircraft_damage": [{"start_char": 271, "end_char": 280}], "aircraft_registration_number": [{"start_char": 74, "end_char": 80}], "aircraft_make": [{"start_char": 53, "end_char": 59}], "aircraft_model": [{"start_char": 60, "end_char": 72}], "far_description": [{"start_char": 352, "end_char": 391}, {"start_char": 383, "end_char": 391}, {"start_char": 388, "end_char": 391}], "air_carrier": [{"start_char": 317, "end_char": 327}], "weather_condition": [{"start_char": 534, "end_char": 575}, {"start_char": 606, "end_char": 642}]}, "mentions_same_attribute_class": {"event_date": [], "location_city": [{"start_char": 477, "end_char": 486}], "location_state": [{"start_char": 488, "end_char": 496}], "airport_code": [], "airport_name": [{"start_char": 452, "end_char": 470}], "aircraft_damage": [], "aircraft_registration_number": [], "aircraft_make": [], "aircraft_model": [], "far_description": [], "air_carrier": [], "weather_condition": []}}