{"id": "AAR-04-04", "text": "\u200bOn November 12, 2001, about 0916:15 eastern standard time, American Airlines flight 587, an Airbus Industrie A300-605R, N14053, crashed into a residential area of Belle Harbor, New York, shortly after takeoff from John F. Kennedy International Airport, Jamaica, New York. Flight 587 was a regularly scheduled passenger flight to Las Americas International Airport, Santo Domingo, Dominican Republic, with 2 flight crewmembers, 7 flight attendants, and 251 passengers aboard the airplane. The airplane\u2019s vertical stabilizer and rudder separated in flight and were found in Jamaica Bay, about 1 mile north of the main wreckage site. The airplane\u2019s engines subsequently separated in flight and were found several blocks north and east of the main wreckage site. All 260 people aboard the airplane and 5 people on the ground were killed, and the airplane was destroyed by impact forces and a postcrash fire. Flight 587 was operating under the provisions of 14 Code of Federal Regulations Part 121 on an instrument flight rules flight plan. Visual meteorological conditions prevailed at the time of the accident.\n\nThe safety issues discussed in this report focus on characteristics of the A300-600 rudder control system design, A300-600 rudder pedal inputs at high airspeeds, aircraft-pilot coupling, flight operations at or below an airplane\u2019s design maneuvering speed, and upset recovery training programs. Safety recommendations concerning these issues are addressed to the Federal Aviation Administration and the Direction G\u00e9n\u00e9ral de l\u2019Aviation Civile.", "mentions": {"event_date": [{"start_char": 4, "end_char": 21}], "location_city": [{"start_char": 164, "end_char": 176}], "location_state": [{"start_char": 178, "end_char": 186}, {"start_char": 263, "end_char": 271}], "airport_code": [], "airport_name": [{"start_char": 215, "end_char": 252}], "aircraft_damage": [{"start_char": 856, "end_char": 865}], "aircraft_registration_number": [{"start_char": 121, "end_char": 127}], "aircraft_make": [{"start_char": 93, "end_char": 109}], "aircraft_model": [{"start_char": 110, "end_char": 119}, {"start_char": 1185, "end_char": 1193}, {"start_char": 1224, "end_char": 1232}], "far_description": [{"start_char": 954, "end_char": 993}, {"start_char": 985, "end_char": 993}, {"start_char": 990, "end_char": 993}], "air_carrier": [{"start_char": 60, "end_char": 77}], "weather_condition": [{"start_char": 1037, "end_char": 1069}]}, "mentions_same_attribute_class": {"event_date": [], "location_city": [{"start_char": 254, "end_char": 261}, {"start_char": 366, "end_char": 379}], "location_state": [{"start_char": 381, "end_char": 399}], "airport_code": [], "airport_name": [{"start_char": 330, "end_char": 364}], "aircraft_damage": [], "aircraft_registration_number": [], "aircraft_make": [], "aircraft_model": [], "far_description": [], "air_carrier": [], "weather_condition": []}}