{"id": "AAR-03-01", "text": "On January 27, 2001, about 1737 mountain standard time, a Raytheon (Beechcraft) Super King Air 200, N81PF, owned by North Bay Charter, LLC, and operated by Jet Express Services, crashed into rolling terrain near Strasburg, Colorado. The flight was operating on an instrument flight rules flight plan under 14 Code of Federal Regulations Part 91. The flight departed about 1718 from Jefferson County Airport, Broomfield, Colorado, with two pilots and eight passengers aboard. N81PF was one of three airplanes transporting members of the Oklahoma State University basketball team and associated team personnel to Stillwater Regional Airport, Stillwater, Oklahoma, after a game at the University of Colorado at Boulder that afternoon. All 10 occupants aboard N81PF were killed, and the airplane was destroyed by impact forces and a postcrash fire. Instrument meteorological conditions prevailed at the time of the accident.\n\nThe safety issue discussed in this report is the lack of oversight for athletic team and other college- and university-sponsored travel. A safety recommendation concerning this issue is addressed to the National Collegiate Athletic Association, the National Association of Intercollegiate Athletics, and the American Council on Education.", "mentions": {"event_date": [{"start_char": 3, "end_char": 19}], "location_city": [{"start_char": 212, "end_char": 221}], "location_state": [{"start_char": 223, "end_char": 231}, {"start_char": 420, "end_char": 428}], "airport_code": [], "airport_name": [{"start_char": 382, "end_char": 406}], "aircraft_damage": [{"start_char": 796, "end_char": 805}], "aircraft_registration_number": [{"start_char": 100, "end_char": 105}, {"start_char": 475, "end_char": 480}, {"start_char": 756, "end_char": 761}], "aircraft_make": [{"start_char": 58, "end_char": 79}, {"start_char": 58, "end_char": 66}, {"start_char": 68, "end_char": 78}], "aircraft_model": [{"start_char": 80, "end_char": 98}], "far_description": [{"start_char": 306, "end_char": 344}, {"start_char": 337, "end_char": 344}, {"start_char": 342, "end_char": 344}], "air_carrier": [{"start_char": 156, "end_char": 176}], "weather_condition": [{"start_char": 845, "end_char": 881}]}, "mentions_same_attribute_class": {"event_date": [], "location_city": [{"start_char": 408, "end_char": 418}, {"start_char": 640, "end_char": 650}], "location_state": [{"start_char": 652, "end_char": 660}], "airport_code": [], "airport_name": [{"start_char": 611, "end_char": 638}], "aircraft_damage": [], "aircraft_registration_number": [], "aircraft_make": [], "aircraft_model": [], "far_description": [], "air_carrier": [{"start_char": 116, "end_char": 138}], "weather_condition": []}}