{"id": "AAR-00-01", "text": "On August 6, 1997, about 0142:26 Guam local time, Korean Air flight 801, a Boeing 747-3B5B (747-300), Korean registration HL7468, operated by Korean Air Company, Ltd., crashed at Nimitz Hill, Guam. Flight 801 departed from Kimpo International Airport, Seoul, Korea, with 2 pilots, 1 flight engineer, 14 flight attendants, and 237 passengers on board. The airplane had been cleared to land on runway 6 Left at A.B. Won Guam International Airport, Agana, Guam, and crashed into high terrain about 3 miles southwest of the airport. Of the 254 persons on board, 228 were killed, and 23 passengers and 3 flight attendants survived the accident with serious injuries. The airplane was destroyed by impact forces and a postcrash fire. Flight 801 was operating in U.S. airspace as a regularly scheduled international passenger service flight under the Convention on International Civil Aviation and the provisions of 14 Code of Federal Regulations Part 129 and was on an instrument flight rules flight plan.\n\nThe safety issues in this report focus on flight crew performance, approach procedures, and pilot training; air traffic control, including controller performance and the intentional inhibition of the MSAW system at Guam; emergency response; the adequacy of Korean Civil Aviation Bureau (KCAB) and FAA oversight; and flight data recorder documentation. Safety recommendations concerning these issues are addressed to the FAA, the Governor of the Territory of Guam, and the KCAB.", "mentions": {"event_date": [{"start_char": 3, "end_char": 17}], "location_city": [{"start_char": 179, "end_char": 190}], "location_state": [{"start_char": 192, "end_char": 196}, {"start_char": 453, "end_char": 457}, {"start_char": 1216, "end_char": 1220}], "airport_code": [], "airport_name": [{"start_char": 409, "end_char": 444}], "aircraft_damage": [{"start_char": 679, "end_char": 688}], "aircraft_registration_number": [{"start_char": 122, "end_char": 128}], "aircraft_make": [{"start_char": 75, "end_char": 81}], "aircraft_model": [{"start_char": 82, "end_char": 100}, {"start_char": 82, "end_char": 90}, {"start_char": 92, "end_char": 99}], "far_description": [{"start_char": 909, "end_char": 948}, {"start_char": 940, "end_char": 948}, {"start_char": 945, "end_char": 948}], "air_carrier": [{"start_char": 142, "end_char": 166}], "weather_condition": []}, "mentions_same_attribute_class": {"event_date": [], "location_city": [{"start_char": 252, "end_char": 257}, {"start_char": 446, "end_char": 451}], "location_state": [{"start_char": 259, "end_char": 264}], "airport_code": [], "airport_name": [{"start_char": 223, "end_char": 250}], "aircraft_damage": [], "aircraft_registration_number": [], "aircraft_make": [], "aircraft_model": [], "far_description": [], "air_carrier": [], "weather_condition": []}}