{"id": "AAR-13-02", "text": "On August 26, 2011, about 1841 central daylight time, a Eurocopter AS350 B2 helicopter, N352LN, crashed following a loss of engine power as a result of fuel exhaustion near the Midwest National Air Center (GPH), Mosby, Missouri. The pilot, flight nurse, flight paramedic, and patient were killed, and the helicopter was substantially damaged by impact forces. The emergency medical services (EMS) helicopter was registered to Key Equipment Finance, Inc., and operated by Air Methods Corporation, doing business as LifeNet in the Heartland, as a 14 Code of Federal Regulations Part 135 medical flight. Day visual meteorological conditions prevailed at the time of the accident, and a company visual flight rules flight plan was filed. The helicopter was not equipped, and was not required to be equipped, with any onboard recording devices. The flight originated from Harrison County Community Hospital, Bethany, Missouri, about 1811 and was en route to GPH to refuel. After refueling, the pilot planned to proceed to Liberty Hospital, Liberty, Missouri, which was located about 7 nautical miles (nm) from GPH.\n\nThe helicopter impacted the ground in about a 40\u00b0 nose-down attitude at a high rate of descent with a low rotor rpm. Wreckage examination determined that the engine lost power due to fuel exhaustion and that the fuel system was operating properly. The investigation revealed that the pilot did not comply with several company standard operating procedures that, if followed, would have led him to detect the helicopter's low fuel state before beginning the first leg of the mission (from the helicopter's base in St. Joseph, Missouri, to Harrison County Community Hospital). After reaching the hospital, the pilot reported to the company's EMS communication center that he did not have enough fuel to fly to Liberty Hospital and requested help locating a nearby fuel option. During their conversation, the pilot did not report and the communication specialist did not ask how much fuel was on board the helicopter, and neither of them considered canceling the mission and having fuel brought to the helicopter. After determining that GPH was the only airport with Jet-A fuel along the route of flight to Liberty Hospital, the pilot decided to proceed to GPH, although the estimated flight time to GPH was only 2 minutes shorter than that to Liberty Hospital. The engine lost power about 1 nm short of the airport, and the pilot did not make the flight control inputs necessary to enter an autorotation, which resulted in a rapid decay in rotor rpm.\n\n", "mentions": {"event_date": [{"start_char": 3, "end_char": 18}], "location_city": [{"start_char": 212, "end_char": 217}], "location_state": [{"start_char": 219, "end_char": 227}, {"start_char": 912, "end_char": 920}, {"start_char": 1044, "end_char": 1052}], "airport_code": [{"start_char": 206, "end_char": 209}, {"start_char": 953, "end_char": 956}, {"start_char": 1105, "end_char": 1108}, {"start_char": 2145, "end_char": 2148}, {"start_char": 2265, "end_char": 2268}, {"start_char": 2308, "end_char": 2311}], "airport_name": [{"start_char": 177, "end_char": 204}], "aircraft_damage": [{"start_char": 320, "end_char": 341}], "aircraft_registration_number": [{"start_char": 88, "end_char": 94}], "aircraft_make": [{"start_char": 56, "end_char": 66}], "aircraft_model": [{"start_char": 67, "end_char": 75}], "far_description": [{"start_char": 545, "end_char": 584}, {"start_char": 576, "end_char": 584}, {"start_char": 581, "end_char": 584}], "air_carrier": [{"start_char": 471, "end_char": 494}, {"start_char": 514, "end_char": 521}], "weather_condition": [{"start_char": 601, "end_char": 637}, {"start_char": 605, "end_char": 637}]}, "mentions_same_attribute_class": {"event_date": [], "location_city": [{"start_char": 903, "end_char": 910}, {"start_char": 1035, "end_char": 1042}], "location_state": [], "airport_code": [], "airport_name": [], "aircraft_damage": [], "aircraft_registration_number": [], "aircraft_make": [], "aircraft_model": [], "far_description": [], "air_carrier": [{"start_char": 426, "end_char": 453}], "weather_condition": []}}