{"id": "AAR-11-01", "text": "On July 31, 2008, about 0945 central daylight time, East Coast Jets flight 81, a Hawker Beechcraft Corporation 125-800A airplane, N818MV, crashed while attempting to go around after landing on runway 30 at Owatonna Degner Regional Airport, Owatonna, Minnesota. The two pilots and six passengers were killed, and the airplane was destroyed by impact forces. The nonscheduled, domestic passenger flight was operating under the provisions of 14 Code of Federal Regulations Part 135. An instrument flight rules flight plan had been filed and activated; however, it was canceled before the landing. Visual meteorological conditions prevailed at the time of the accident.", "mentions": {"event_date": [{"start_char": 3, "end_char": 16}], "location_city": [{"start_char": 240, "end_char": 248}], "location_state": [{"start_char": 250, "end_char": 259}], "airport_code": [], "airport_name": [{"start_char": 206, "end_char": 238}], "aircraft_damage": [{"start_char": 329, "end_char": 338}], "aircraft_registration_number": [{"start_char": 130, "end_char": 136}], "aircraft_make": [{"start_char": 81, "end_char": 110}], "aircraft_model": [{"start_char": 111, "end_char": 119}], "far_description": [{"start_char": 439, "end_char": 478}, {"start_char": 470, "end_char": 478}, {"start_char": 475, "end_char": 478}], "air_carrier": [{"start_char": 52, "end_char": 67}], "weather_condition": [{"start_char": 594, "end_char": 626}]}, "mentions_same_attribute_class": {"event_date": [], "location_city": [], "location_state": [], "airport_code": [], "airport_name": [], "aircraft_damage": [], "aircraft_registration_number": [], "aircraft_make": [], "aircraft_model": [], "far_description": [], "air_carrier": [], "weather_condition": []}}