{"id": "AAR-99-01", "text": "On September 8, 1994, about 1903:23 eastern daylight time, USAir (now US Airways) flight 427, a Boeing 737-3B7 (737-300), N513AU, crashed while maneuvering to land at Pittsburgh International Airport, Pittsburgh, Pennsylvania. Flight 427 was operating under the provisions of 14 Code of Federal Regulations Part 121 as a scheduled domestic passenger flight from Chicago-O'Hare International Airport, Chicago, Illinois, to Pittsburgh. The flight departed about 1810, with 2 pilots, 3 flight attendants, and 127 passengers on board. The airplane entered an uncontrolled descent and impacted terrain near Aliquippa, Pennsylvania, about 6 miles northwest of the destination airport. All 132 people on board were killed, and the airplane was destroyed by impact forces and fire. Visual meteorological conditions prevailed for the flight, which operated on an instrument flight rules flight plan.\n\nThe safety issues in this report focused on Boeing 737 rudder malfunctions, including rudder reversals; the adequacy of the 737 rudder system design; unusual attitude training for air carrier pilots; and flight data recorder (FDR) parameters.", "mentions": {"event_date": [{"start_char": 3, "end_char": 20}], "location_city": [{"start_char": 201, "end_char": 211}, {"start_char": 422, "end_char": 432}], "location_state": [{"start_char": 613, "end_char": 625}, {"start_char": 213, "end_char": 225}], "airport_code": [], "airport_name": [{"start_char": 167, "end_char": 199}], "aircraft_damage": [{"start_char": 737, "end_char": 746}], "aircraft_registration_number": [{"start_char": 122, "end_char": 128}], "aircraft_make": [{"start_char": 96, "end_char": 102}, {"start_char": 936, "end_char": 942}], "aircraft_model": [{"start_char": 103, "end_char": 120}, {"start_char": 103, "end_char": 110}, {"start_char": 112, "end_char": 119}, {"start_char": 1016, "end_char": 1019}, {"start_char": 943, "end_char": 946}], "far_description": [{"start_char": 276, "end_char": 315}, {"start_char": 307, "end_char": 315}, {"start_char": 312, "end_char": 315}], "air_carrier": [{"start_char": 59, "end_char": 64}, {"start_char": 70, "end_char": 80}], "weather_condition": [{"start_char": 774, "end_char": 806}]}, "mentions_same_attribute_class": {"event_date": [], "location_city": [{"start_char": 400, "end_char": 407}, {"start_char": 602, "end_char": 611}], "location_state": [{"start_char": 409, "end_char": 417}], "airport_code": [], "airport_name": [{"start_char": 362, "end_char": 398}], "aircraft_damage": [], "aircraft_registration_number": [], "aircraft_make": [], "aircraft_model": [], "far_description": [], "air_carrier": [], "weather_condition": []}}