{"id": "AAR-07-03", "text": "On September 24, 2004, about 1642 Hawaiian standard time, a Bell 206B helicopter, N16849, registered to and operated by Bali Hai Helicopter Tours, Inc., of Hanapepe, Hawaii, impacted mountainous terrain in Kalaheo, Hawaii, on the island of Kauai, 8.4 miles northeast of Port Allen Airport, in Hanapepe. The commercial pilot and the four passengers were killed, and the helicopter was destroyed by impact forces and postimpact fire. The nonstop sightseeing air tour flight was operated under the provisions of 14 Code of Federal Regulations Part 91 and visual flight rules with no flight plan filed. Instrument meteorological conditions prevailed near the accident site.\n\nThe safety issues discussed in this report include the influence of pilot experience and operator scheduling on in-flight decision-making; the lack of FAA oversight of Part 91 air tour operators; the need for national air tour safety standards; and the lack of direct FAA surveillance of commercial air tour operators in Hawaii.", "mentions": {"event_date": [{"start_char": 3, "end_char": 21}], "location_city": [{"start_char": 206, "end_char": 213}, {"start_char": 240, "end_char": 245}], "location_state": [{"start_char": 166, "end_char": 172}, {"start_char": 215, "end_char": 221}, {"start_char": 992, "end_char": 998}], "airport_code": [], "airport_name": [{"start_char": 270, "end_char": 288}], "aircraft_damage": [{"start_char": 384, "end_char": 393}], "aircraft_registration_number": [{"start_char": 82, "end_char": 88}], "aircraft_make": [{"start_char": 60, "end_char": 64}], "aircraft_model": [{"start_char": 65, "end_char": 69}], "far_description": [{"start_char": 509, "end_char": 547}, {"start_char": 540, "end_char": 547}, {"start_char": 545, "end_char": 547}, {"start_char": 839, "end_char": 846}, {"start_char": 844, "end_char": 846}], "air_carrier": [{"start_char": 120, "end_char": 151}], "weather_condition": [{"start_char": 599, "end_char": 635}]}, "mentions_same_attribute_class": {"event_date": [], "location_city": [{"start_char": 156, "end_char": 164}, {"start_char": 293, "end_char": 301}], "location_state": [], "airport_code": [], "airport_name": [], "aircraft_damage": [], "aircraft_registration_number": [], "aircraft_make": [], "aircraft_model": [], "far_description": [], "air_carrier": [], "weather_condition": []}}