{"id": "AAR-07-05", "text": "On August 27, 2006, about 0606:35 eastern daylight time, Comair flight 5191, a Bombardier CL-600-2B19, N431CA, crashed during takeoff from Blue Grass Airport, Lexington, Kentucky. The flight crew was instructed to take off from runway 22 but instead lined up the airplane on runway 26 and began the takeoff roll. The airplane ran off the end of the runway and impacted the airport perimeter fence, trees, and terrain. The captain, flight attendant, and 47 passengers were killed, and the first officer received serious injuries. The airplane was destroyed by impact forces and postcrash fire. The flight was operating under the provisions of 14 Code of Federal Regulations Part 121 and was en route to Hartsfield-Jackson Atlanta International Airport, Atlanta, Georgia. Night visual meteorological conditions prevailed at the time of the accident.\n\nThe safety issues discussed in this report focus on the need for (1) improved flight deck procedures, (2) the implementation of cockpit moving map displays or cockpit runway alerting systems, (3) improved airport surface marking standards, and (4) ATC policy changes in the areas of taxi and takeoff clearances and task prioritization. Safety recommendations concerning these issues are addressed to the FAA.", "mentions": {"event_date": [{"start_char": 3, "end_char": 18}], "location_city": [{"start_char": 159, "end_char": 168}], "location_state": [{"start_char": 170, "end_char": 178}], "airport_code": [], "airport_name": [{"start_char": 139, "end_char": 157}], "aircraft_damage": [{"start_char": 546, "end_char": 555}], "aircraft_registration_number": [{"start_char": 103, "end_char": 109}], "aircraft_make": [{"start_char": 79, "end_char": 89}], "aircraft_model": [{"start_char": 90, "end_char": 101}], "far_description": [{"start_char": 642, "end_char": 681}, {"start_char": 673, "end_char": 681}, {"start_char": 678, "end_char": 681}], "air_carrier": [{"start_char": 57, "end_char": 63}], "weather_condition": [{"start_char": 770, "end_char": 808}]}, "mentions_same_attribute_class": {"event_date": [], "location_city": [{"start_char": 752, "end_char": 759}], "location_state": [{"start_char": 761, "end_char": 768}], "airport_code": [], "airport_name": [{"start_char": 702, "end_char": 750}], "aircraft_damage": [], "aircraft_registration_number": [], "aircraft_make": [], "aircraft_model": [], "far_description": [], "air_carrier": [], "weather_condition": []}}