{"id": "AAR-00-03", "text": "On July 17, 1996, about 2031 eastern daylight time, Trans World Airlines, Inc. (TWA) flight 800, a Boeing 747-131, N93119, crashed in the Atlantic Ocean near East Moriches, New York. TWA flight 800 was operating under the provisions of 14 Code of Federal Regulations Part 121 as a scheduled international passenger flight from John F. Kennedy International Airport (JFK), New York, New York, to Charles DeGaulle International Airport, Paris, France. The flight departed JFK about 2019, with 2 pilots, 2 flight engineers, 14 flight attendants, and 212 passengers on board. All 230 people on board were killed, and the airplane was destroyed. Visual meteorological conditions prevailed for the flight, which operated on an instrument flight rules flight plan.\n\nThe safety issues in this report focus on fuel tank flammability, fuel tank ignition sources, design and certification standards, and the maintenance and aging of aircraft systems. Safety recommendations concerning these issues are addressed to the Federal Aviation Administration.\n\nLink to the Docket: http://twa800.sites.usa.gov/docket/", "mentions": {"event_date": [{"start_char": 3, "end_char": 16}], "location_city": [{"start_char": 158, "end_char": 171}], "location_state": [{"start_char": 173, "end_char": 181}, {"start_char": 382, "end_char": 390}], "airport_code": [{"start_char": 366, "end_char": 369}, {"start_char": 470, "end_char": 473}], "airport_name": [{"start_char": 327, "end_char": 364}], "aircraft_damage": [{"start_char": 630, "end_char": 639}], "aircraft_registration_number": [{"start_char": 115, "end_char": 121}], "aircraft_make": [{"start_char": 99, "end_char": 105}], "aircraft_model": [{"start_char": 106, "end_char": 113}], "far_description": [{"start_char": 236, "end_char": 275}, {"start_char": 267, "end_char": 275}, {"start_char": 272, "end_char": 275}], "air_carrier": [{"start_char": 52, "end_char": 78}], "weather_condition": [{"start_char": 641, "end_char": 673}]}, "mentions_same_attribute_class": {"event_date": [], "location_city": [{"start_char": 372, "end_char": 380}, {"start_char": 435, "end_char": 440}], "location_state": [{"start_char": 442, "end_char": 448}], "airport_code": [], "airport_name": [{"start_char": 395, "end_char": 433}], "aircraft_damage": [], "aircraft_registration_number": [], "aircraft_make": [], "aircraft_model": [], "far_description": [], "air_carrier": [], "weather_condition": []}}