{"id": "AAR-07-07", "text": "On February 7, 2006, about 2359 eastern standard time, United Parcel Service Company flight 1307, a McDonnell Douglas DC-8-71F, N748UP, landed at its destination airport, Philadelphia International Airport, Philadelphia, Pennsylvania, after a cargo smoke indication in the cockpit. The captain, first officer, and flight engineer evacuated the airplane after landing. The flight crewmembers sustained minor injuries, and the airplane and most of the cargo were destroyed by fire after landing. The scheduled cargo flight was operating under the provisions of 14 Code of Federal Regulations Part 121 on an instrument flight rules flight plan. Night visual conditions prevailed at the time of the accident.\n\nThe safety issues discussed in this report include inadequacies in the following areas: guidance and checklists relating to in-flight fire and smoke, smoke and fire detection system test certification requirements, fire suppression system requirements, aircraft rescue and firefighting training, cargo airplane emergency exit requirements, hazardous materials information dissemination procedures, and transport of lithium batteries on board aircraft. Safety recommendations concerning these issues are addressed to the Federal Aviation Administration, the Cargo Airline Association, and the Pipeline and Hazardous Materials Safety Administration.", "mentions": {"event_date": [{"start_char": 3, "end_char": 19}], "location_city": [{"start_char": 207, "end_char": 219}], "location_state": [{"start_char": 221, "end_char": 233}], "airport_code": [], "airport_name": [{"start_char": 171, "end_char": 205}], "aircraft_damage": [{"start_char": 461, "end_char": 470}], "aircraft_registration_number": [{"start_char": 128, "end_char": 134}], "aircraft_make": [{"start_char": 100, "end_char": 117}], "aircraft_model": [{"start_char": 118, "end_char": 126}], "far_description": [{"start_char": 559, "end_char": 598}, {"start_char": 590, "end_char": 598}, {"start_char": 595, "end_char": 598}], "air_carrier": [{"start_char": 55, "end_char": 84}], "weather_condition": [{"start_char": 642, "end_char": 665}]}, "mentions_same_attribute_class": {"event_date": [], "location_city": [], "location_state": [], "airport_code": [], "airport_name": [], "aircraft_damage": [], "aircraft_registration_number": [], "aircraft_make": [], "aircraft_model": [], "far_description": [], "air_carrier": [], "weather_condition": []}}