{"id": "AAR-01-02", "text": "On June 1, 1999, at 2350:44 central daylight time, American Airlines flight 1420, a McDonnell Douglas DC-9-82 (MD-82), N215AA, crashed after it overran the end of runway 4R during landing at Little Rock National Airport in Little Rock, Arkansas. Flight 1420 departed from Dallas/Fort Worth International Airport, Texas, about 2240 with 2 flight crewmembers, 4 flight attendants, and 139 passengers aboard and touched down in Little Rock at 2350:20. After departing the end of the runway, the airplane struck several tubes extending outward from the left edge of the instrument landing system localizer array, located 411 feet beyond the end of the runway; passed through a chain link security fence and over a rock embankment to a flood plain, located approximately 15 feet below the runway elevation; and collided with the structure supporting the runway 22L approach lighting system. The captain and 10 passengers were killed; the first officer, the flight attendants, and 105 passengers received serious or minor injuries; and 24 passengers were not injured. The airplane was destroyed by impact forces and a postcrash fire. Flight 1420 was operating under the provisions of 14 Code of Federal Regulations Part 121 on an instrument flight rules flight plan.\n\nThe safety issues in this report focus on flight crew performance, flight crew decision-making regarding operations in adverse weather, pilot fatigue, weather information dissemination, emergency response, frangibility of airport structures, and Federal Aviation Administration (FAA) oversight. Safety recommendations concerning these issues are addressed to the FAA and the National Weather Service.", "mentions": {"event_date": [{"start_char": 3, "end_char": 15}], "location_city": [{"start_char": 223, "end_char": 234}, {"start_char": 425, "end_char": 436}], "location_state": [{"start_char": 236, "end_char": 244}], "airport_code": [], "airport_name": [{"start_char": 191, "end_char": 219}], "aircraft_damage": [{"start_char": 1079, "end_char": 1088}], "aircraft_registration_number": [{"start_char": 119, "end_char": 125}], "aircraft_make": [{"start_char": 84, "end_char": 101}], "aircraft_model": [{"start_char": 102, "end_char": 117}, {"start_char": 111, "end_char": 116}, {"start_char": 102, "end_char": 109}], "far_description": [{"start_char": 1178, "end_char": 1217}, {"start_char": 1209, "end_char": 1217}, {"start_char": 1214, "end_char": 1217}], "air_carrier": [{"start_char": 51, "end_char": 68}], "weather_condition": []}, "mentions_same_attribute_class": {"event_date": [], "location_city": [], "location_state": [{"start_char": 313, "end_char": 318}], "airport_code": [], "airport_name": [{"start_char": 272, "end_char": 311}], "aircraft_damage": [], "aircraft_registration_number": [], "aircraft_make": [], "aircraft_model": [], "far_description": [], "air_carrier": [], "weather_condition": []}}