{"id": "AAR-07-06", "text": "On December 8, 2005, about 1914 central standard time, Southwest Airlines (SWA) flight 1248, a Boeing 737-7H4, N471WN, ran off the departure end of runway 31C after landing at Chicago Midway International Airport, Chicago, Illinois. The airplane rolled through a blast fence, an airport perimeter fence, and onto an adjacent roadway, where it struck an automobile before coming to a stop. A child in the automobile was killed, one automobile occupant received serious injuries, and three other automobile occupants received minor injuries. Eighteen of the 103 airplane occupants (98 passengers, 3 flight attendants, and 2 pilots) received minor injuries, and the airplane was substantially damaged. The airplane was being operated under the provisions of 14 Code of Federal Regulations Part 121 and had departed from Baltimore/Washington International Thurgood Marshall Airport, Baltimore, Maryland, about 1758 eastern standard time. Instrument meteorological conditions prevailed at the time of the accident flight, which operated on an instrument flight rules flight plan.\n\nContributing to the accident were Southwest Airlines' 1) failure to provide its pilots with clear and consistent guidance and training regarding company policies and procedures related to arrival landing distance calculations; 2) programming and design of its on board performance computer, which did not present inherent assumptions in the program critical to pilot decision-making; 3) plan to implement new autobrake procedures without a familiarization period; and 4) failure to include a margin of safety in the arrival assessment to account for operational uncertainties. Also contributing to the accident was the pilots' failure to divert to another airport given reports that included poor braking action and a tailwind component greater than 5 knots. Contributing to the severity of the accident was the absence of an engineering materials arresting system, which was needed because of the limited runway safety area beyond the departure end of runway 31C.\n\nThe safety issues discussed in this report include the flight crew's decisions and actions, the clarity of assumptions used in on board performance computers, SWA policies, guidance, and training, arrival landing distance assessments and safety margins, runway surface condition assessments and braking action reports, airplane-based friction measurements, and runway safety areas.", "mentions": {"event_date": [{"start_char": 3, "end_char": 19}], "location_city": [{"start_char": 214, "end_char": 221}], "location_state": [{"start_char": 223, "end_char": 231}], "airport_code": [], "airport_name": [{"start_char": 176, "end_char": 212}], "aircraft_damage": [{"start_char": 676, "end_char": 697}], "aircraft_registration_number": [{"start_char": 111, "end_char": 117}], "aircraft_make": [{"start_char": 95, "end_char": 101}], "aircraft_model": [{"start_char": 102, "end_char": 109}], "far_description": [{"start_char": 755, "end_char": 794}, {"start_char": 786, "end_char": 794}, {"start_char": 791, "end_char": 794}], "air_carrier": [{"start_char": 55, "end_char": 73}, {"start_char": 55, "end_char": 79}, {"start_char": 1110, "end_char": 1128}], "weather_condition": [{"start_char": 934, "end_char": 970}]}, "mentions_same_attribute_class": {"event_date": [], "location_city": [{"start_char": 879, "end_char": 888}], "location_state": [{"start_char": 890, "end_char": 898}], "airport_code": [], "airport_name": [{"start_char": 817, "end_char": 877}], "aircraft_damage": [], "aircraft_registration_number": [], "aircraft_make": [], "aircraft_model": [], "far_description": [], "air_carrier": [], "weather_condition": []}}