{"id": "AAR-09-04", "text": "On June 28, 2008, about 2215 Pacific daylight time, an ABX Air Boeing 767-200, N799AX, operating as flight 1611 from San Francisco International Airport, San Francisco, California, experienced a ground fire before engine startup. The captain and the first officer evacuated the airplane through the cockpit windows and were not injured, and the airplane was substantially damaged. The cargo flight was operating under the provisions of 14 Code of Federal Regulations Part 121. At the time of the fire, the airplane was parked near a loading facility, all of the cargo to be transported on the flight had been loaded, and the doors had been shut.", "mentions": {"event_date": [{"start_char": 3, "end_char": 16}], "location_city": [{"start_char": 154, "end_char": 167}], "location_state": [{"start_char": 169, "end_char": 179}], "airport_code": [], "airport_name": [{"start_char": 117, "end_char": 152}], "aircraft_damage": [{"start_char": 358, "end_char": 379}], "aircraft_registration_number": [{"start_char": 79, "end_char": 85}], "aircraft_make": [{"start_char": 63, "end_char": 69}], "aircraft_model": [{"start_char": 70, "end_char": 77}], "far_description": [{"start_char": 436, "end_char": 475}, {"start_char": 467, "end_char": 475}, {"start_char": 472, "end_char": 475}], "air_carrier": [{"start_char": 55, "end_char": 62}], "weather_condition": []}, "mentions_same_attribute_class": {"event_date": [], "location_city": [], "location_state": [], "airport_code": [], "airport_name": [], "aircraft_damage": [], "aircraft_registration_number": [], "aircraft_make": [], "aircraft_model": [], "far_description": [], "air_carrier": [], "weather_condition": []}}