{"id": "AAR-11-04", "text": "On June 9, 2009, about 2135 mountain daylight time, an Agusta S.p.A. A-109E helicopter, N606SP, impacted terrain following visual flight rules flight into instrument meteorological conditions near Santa Fe, New Mexico. The commercial pilot and one passenger were fatally injured; a highway patrol officer who was acting as a spotter during the accident flight was seriously injured. The entire aircraft was substantially damaged. The helicopter was registered to the New Mexico Department of Public Safety and operated by the New Mexico State Police (NMSP) on a public search and rescue mission under the provisions of 14 Code of Federal Regulations Part 91 without a flight plan. The helicopter departed its home base at Santa Fe Municipal Airport, Santa Fe, New Mexico, about 1850 in visual meteorological conditions; instrument meteorological conditions prevailed when the helicopter departed the remote landing site about 2132.\n\nThe safety issues discussed in this report include the pilot's decision-making, flight and duty times and rest periods, NMSP staffing, safety management system programs and risk assessments, communications between the NMSP pilots and volunteer search and rescue organization personnel, instrument flying, and flight-following equipment.", "mentions": {"event_date": [{"start_char": 3, "end_char": 15}], "location_city": [{"start_char": 197, "end_char": 205}, {"start_char": 750, "end_char": 758}], "location_state": [{"start_char": 207, "end_char": 217}, {"start_char": 760, "end_char": 770}], "airport_code": [], "airport_name": [{"start_char": 722, "end_char": 748}], "aircraft_damage": [{"start_char": 407, "end_char": 428}], "aircraft_registration_number": [{"start_char": 88, "end_char": 94}], "aircraft_make": [{"start_char": 55, "end_char": 68}], "aircraft_model": [{"start_char": 69, "end_char": 75}], "far_description": [{"start_char": 619, "end_char": 657}, {"start_char": 650, "end_char": 657}, {"start_char": 655, "end_char": 657}], "air_carrier": [{"start_char": 526, "end_char": 556}, {"start_char": 526, "end_char": 549}], "weather_condition": [{"start_char": 786, "end_char": 818}, {"start_char": 820, "end_char": 856}]}, "mentions_same_attribute_class": {"event_date": [], "location_city": [], "location_state": [], "airport_code": [], "airport_name": [], "aircraft_damage": [], "aircraft_registration_number": [], "aircraft_make": [], "aircraft_model": [], "far_description": [], "air_carrier": [{"start_char": 467, "end_char": 505}], "weather_condition": []}}