{"id": "AAR0302", "text": "On February 16, 2000, about 1951 Pacific standard time, Emery Worldwide Airlines, Inc., (Emery) flight 17, a McDonnell Douglas DC-8-71F (DC-8), N8079U, crashed in an automobile salvage yard shortly after takeoff, while attempting to return to Sacramento Mather Airport (MHR), Rancho Cordova, California, for an emergency landing. Emery flight 17 was operating under the provisions of 14 Code  of  Federal Regulations  (CFR) Part 121 as a scheduled cargo flight from MHR to James M. Cox Dayton International Airport (DAY), Dayton, Ohio. The flight departed MHR about 1949, with two pilots and a flight engineer on board. The three flight crewmembers were killed, and the airplane was destroyed. Night visual meteorological conditions prevailed for the flight, which operated on an instrument flight rules flight plan.", "mentions": {"event_date": [{"start_char": 3, "end_char": 20}], "location_city": [{"start_char": 276, "end_char": 290}], "location_state": [{"start_char": 292, "end_char": 302}], "airport_code": [{"start_char": 270, "end_char": 273}, {"start_char": 556, "end_char": 559}, {"start_char": 466, "end_char": 469}], "airport_name": [{"start_char": 243, "end_char": 268}], "aircraft_damage": [{"start_char": 683, "end_char": 692}], "aircraft_registration_number": [{"start_char": 144, "end_char": 150}], "aircraft_make": [{"start_char": 109, "end_char": 126}], "aircraft_model": [{"start_char": 127, "end_char": 142}, {"start_char": 137, "end_char": 141}, {"start_char": 127, "end_char": 135}], "far_description": [{"start_char": 384, "end_char": 432}, {"start_char": 424, "end_char": 432}, {"start_char": 429, "end_char": 432}], "air_carrier": [{"start_char": 56, "end_char": 86}, {"start_char": 89, "end_char": 94}, {"start_char": 330, "end_char": 335}], "weather_condition": [{"start_char": 694, "end_char": 732}]}, "mentions_same_attribute_class": {"event_date": [], "location_city": [{"start_char": 522, "end_char": 528}], "location_state": [{"start_char": 530, "end_char": 534}], "airport_code": [{"start_char": 516, "end_char": 519}], "airport_name": [{"start_char": 473, "end_char": 514}], "aircraft_damage": [], "aircraft_registration_number": [], "aircraft_make": [], "aircraft_model": [], "far_description": [], "air_carrier": [], "weather_condition": []}}