{"id": "AAR1402", "text": "On August 14, 2013, about 0447 central daylight time (CDT), UPS flight 1354, an Airbus A300-600, N155UP, crashed short of runway 18 during a localizer nonprecision approach to runway 18 at Birmingham-Shuttlesworth International Airport (BHM), Birmingham, Alabama. The captain and first officer were fatally injured, and the airplane was destroyed by impact forces and postcrash fire. The scheduled cargo flight was operating under the provisions of 14 Code of Federal Regulations Part 121 on an instrument flight rules flight plan, and dark night visual flight rules conditions prevailed at the airport; variable instrument meteorological conditions with a variable ceiling were present north of the airport on the approach course at the time of the accident. The flight originated from Louisville International Airport-Standiford Field, Louisville, Kentucky, about 0503 eastern daylight time.\nA notice to airmen in effect at the time of the accident indicated that runway 06/24, the longest runway available at the airport and the one with a precision approach, would be closed from 0400 to 0500 CDT. Because the flight's scheduled arrival time was 0451, only the shorter runway 18 with a nonprecision approach was available to the crew. Forecasted weather at BHM indicated that the low ceilings upon arrival required an alternate airport, but the dispatcher did not discuss the low ceilings, the single-approach option to the airport, or the reopening of runway 06/24 about 0500 with the flight crew. Further, during the flight, information about variable ceilings at the airport was not provided to the flight crew.", "mentions": {"event_date": [{"start_char": 3, "end_char": 18}], "location_city": [{"start_char": 243, "end_char": 253}], "location_state": [{"start_char": 255, "end_char": 262}], "airport_code": [{"start_char": 237, "end_char": 240}, {"start_char": 1261, "end_char": 1264}], "airport_name": [{"start_char": 189, "end_char": 235}], "aircraft_damage": [{"start_char": 337, "end_char": 346}], "aircraft_registration_number": [{"start_char": 97, "end_char": 103}], "aircraft_make": [{"start_char": 80, "end_char": 86}], "aircraft_model": [{"start_char": 87, "end_char": 95}], "far_description": [{"start_char": 449, "end_char": 488}, {"start_char": 480, "end_char": 488}, {"start_char": 485, "end_char": 488}], "air_carrier": [{"start_char": 60, "end_char": 63}], "weather_condition": [{"start_char": 613, "end_char": 649}]}, "mentions_same_attribute_class": {"event_date": [], "location_city": [{"start_char": 838, "end_char": 848}], "location_state": [{"start_char": 850, "end_char": 858}], "airport_code": [], "airport_name": [{"start_char": 787, "end_char": 836}], "aircraft_damage": [], "aircraft_registration_number": [], "aircraft_make": [], "aircraft_model": [], "far_description": [], "air_carrier": [], "weather_condition": []}}