{"id": "AAR1502", "text": "On October 31, 2014, at 1007:32 Pacific daylight time, the SpaceShipTwo (SS2) reusable suborbital rocket, N339SS, operated by Scaled Composites LLC (Scaled), broke up into multiple pieces during a rocket-powered test flight and impacted terrain over a 5-mile area near Koehn Dry Lake, California. The pilot received serious injuries, and the copilot received fatal injuries. SS2 was destroyed, and no one on the ground was injured as a result of the falling debris. SS2 had been released from its launch vehicle, WhiteKnightTwo (WK2), N348MS, about 13 seconds before the structural breakup. Scaled was operating SS2 under an experimental permit issued by the Federal Aviation Administration\u2019s (FAA) Office of Commercial Space Transportation (AST) according to the provisions of 14 Code of Federal Regulations (CFR) Part 437.\n\nScaled had developed WK2 and was developing SS2 for Virgin Galactic, which planned to use the vehicles to conduct future commercial space suborbital operations. SS2 was equipped with a feather system that rotated a feather flap assembly with twin tailbooms upward from the vehicle\u2019s normal configuration (0\u00ba) to 60\u00ba to stabilize SS2\u2019s attitude and increase drag during reentry into the earth\u2019s atmosphere. The feather system included actuators to extend and retract the feather and locks to keep the feather in the retracted position when not in use.\n\nAfter release from WK2 at an altitude of about 46,400 ft, SS2 entered the boost phase of flight. During this phase, SS2\u2019s rocket motor propels the vehicle from a gliding flight attitude to an almost-vertical attitude, and the vehicle accelerates from subsonic speeds, through the transonic region (0.9 to 1.1 Mach), to supersonic speeds. The flight test data card used during the accident flight indicated that the copilot was to unlock the feather during the boost phase when SS2 reached a speed of 1.4 Mach. (The feather was to be unlocked at this point in the flight to mitigate the hazard resulting from a reentry with the feather down due to a lock failure.) However, a forward-facing cockpit camera and flight data showed that the copilot unlocked the feather just after SS2 passed through a speed of 0.8 Mach. Afterward, the aerodynamic and inertial loads imposed on the feather flap assembly were sufficient to overcome the feather actuators, which were not designed to hold the feather in the retracted position during the transonic region. As a result, the feather extended uncommanded, causing the catastrophic structural failure.\n\nBefore Scaled received its experimental permit to conduct rocket-powered test flights for SS2, the company prepared an experimental permit application for the FAA/AST\u2019s review. One of the pertinent regulations relating to the issuance of an experimental permit is 14 CFR 437.55, \u201cHazard Analysis,\u201d which, among other things, requires the applicant to identify and describe those hazards that could result from human errors. In its SS2 hazard analysis, Scaled did not account for the possibility that a pilot might prematurely unlock the feather system, allowing the feather to extend under conditions that would cause a catastrophic failure of the vehicle structure. Instead, Scaled assumed that pilots would correctly operate the feather system every time because they would be properly trained through simulator sessions and would follow the normal and emergency procedures for a given situation. However, this accident demonstrated that NTSB Aerospace Accident Report mistakes can occur even with a flight crewmember who had extensive flight test experience and had performed numerous preflight simulations during which the feather was unlocked at the proper speed of 1.4 Mach.\n\nThe FAA/AST evaluated Scaled\u2019s SS2 experimental permit applications and granted the initial SS2 permit in May 2012 and the first and second renewals of the permit in May 2013 and May 2014, respectively. After granting the first renewal of the permit, the FAA/AST conducted another review of the SS2 hazard analysis included in Scaled\u2019s application and determined that the hazard analysis did not meet the software and human error requirements of 14 CFR 437.55(a). As a result, in July 2013, the FAA/AST issued a waiver from these hazard analysis requirements for the first renewal of Scaled\u2019s experimental permit. Scaled did not request the waiver, participate in the waiver evaluation process, or have an opportunity to comment on the waiver before it was issued (except to identify proprietary information that should not be disclosed). In May and October 2014 (as part of the second renewal of Scaled\u2019s SS2 experimental permit and Scaled\u2019s application to modify the permit to reflect changes made to SS2, respectively), the FAA/AST issued additional waivers from the software and human error hazard analysis requirements of section 437.55(a).\n\nThe FAA/AST determined that each of the waivers was in the public interest and would not jeopardize public health and safety, safety of property, or US national security and foreign policy interests. The FAA/AST also determined that, even though Scaled\u2019s hazard analysis did not comply with software and human error regulatory requirements, specific mitigations that Scaled had in place would prevent hazards resulting from such errors. However, the FAA/AST issued the waivers without understanding whether the mitigations would adequately protect against a single human error with catastrophic consequences. In addition, the FAA/AST did not determine whether mitigations, other than those intended to protect against human error, were sufficient to ensure public safety.", "mentions": {"event_date": [{"start_char": 3, "end_char": 19}], "location_city": [{"start_char": 269, "end_char": 283}], "location_state": [{"start_char": 285, "end_char": 295}], "airport_code": [], "airport_name": [], "aircraft_damage": [{"start_char": 383, "end_char": 392}], "aircraft_registration_number": [{"start_char": 106, "end_char": 112}, {"start_char": 535, "end_char": 541}], "aircraft_make": [{"start_char": 126, "end_char": 147}, {"start_char": 149, "end_char": 155}, {"start_char": 826, "end_char": 832}, {"start_char": 878, "end_char": 893}], "aircraft_model": [{"start_char": 59, "end_char": 71}, {"start_char": 73, "end_char": 76}, {"start_char": 513, "end_char": 527}, {"start_char": 529, "end_char": 532}, {"start_char": 847, "end_char": 850}, {"start_char": 870, "end_char": 873}, {"start_char": 987, "end_char": 990}, {"start_char": 1397, "end_char": 1400}, {"start_char": 1436, "end_char": 1439}, {"start_char": 1855, "end_char": 1858}], "far_description": [{"start_char": 778, "end_char": 823}, {"start_char": 815, "end_char": 823}, {"start_char": 820, "end_char": 823}], "air_carrier": [{"start_char": 126, "end_char": 147}, {"start_char": 149, "end_char": 155}, {"start_char": 126, "end_char": 156}], "weather_condition": []}, "mentions_same_attribute_class": {"event_date": [], "location_city": [], "location_state": [], "airport_code": [], "airport_name": [], "aircraft_damage": [], "aircraft_registration_number": [], "aircraft_make": [], "aircraft_model": [], "far_description": [], "air_carrier": [], "weather_condition": []}}