{"id": "AAR1702", "text": "\u200bOn June 25, 2015, about 1215 Alaska daylight time, a single-engine, turbine-powered, float-equipped de Havilland DHC-3 (Otter) airplane, N270PA, collided with mountainous, tree-covered terrain about 24 miles east-northeast of Ketchikan, Alaska. The commercial pilot and eight passengers sustained fatal injuries, and the airplane was destroyed. The airplane was owned by Pantechnicon Aviation, of Minden, Nevada, and operated by Promech Air, Inc., of Ketchikan. The flight was conducted under the provisions of 14 Code of Federal Regulations (CFR) Part 135 as an on-demand sightseeing flight; a company visual flight rules flight plan (by which the company performed its own flight-following) was in effect. Marginal visual flight rules conditions were reported in the area at the time of the accident. The flight departed about 1207 from Rudyerd Bay about 44 miles east-northeast of Ketchikan and was en route to the operator\u2019s base at the Ketchikan Harbor Seaplane Base, Ketchikan.", "mentions": {"event_date": [{"start_char": 4, "end_char": 17}], "location_city": [{"start_char": 227, "end_char": 236}, {"start_char": 452, "end_char": 461}, {"start_char": 974, "end_char": 983}], "location_state": [{"start_char": 238, "end_char": 244}], "airport_code": [], "airport_name": [{"start_char": 942, "end_char": 972}], "aircraft_damage": [{"start_char": 335, "end_char": 344}], "aircraft_registration_number": [{"start_char": 138, "end_char": 144}], "aircraft_make": [{"start_char": 101, "end_char": 113}], "aircraft_model": [{"start_char": 114, "end_char": 119}], "far_description": [{"start_char": 512, "end_char": 557}, {"start_char": 549, "end_char": 557}, {"start_char": 554, "end_char": 557}], "air_carrier": [{"start_char": 430, "end_char": 447}], "weather_condition": [{"start_char": 709, "end_char": 748}]}, "mentions_same_attribute_class": {"event_date": [], "location_city": [{"start_char": 398, "end_char": 404}], "location_state": [{"start_char": 406, "end_char": 412}], "airport_code": [], "airport_name": [], "aircraft_damage": [], "aircraft_registration_number": [], "aircraft_make": [], "aircraft_model": [], "far_description": [], "air_carrier": [{"start_char": 372, "end_char": 393}], "weather_condition": []}}