{"id": "AAR1801", "text": "On October 28, 2016, about 1432 central daylight time, American Airlines flight 383, a Boeing 767-323, N345AN, had started its takeoff ground roll at Chicago O\u2019Hare International Airport, Chicago, Illinois, when an uncontained engine failure in the right engine and subsequent fire occurred. The flight crew aborted the takeoff and stopped the airplane on the runway, and the flight attendants initiated an emergency evacuation. Of the 2 flight crewmembers, 7 flight attendants, and 161 passengers on board, 1 passenger received a serious injury and 1 flight attendant and 19 passengers received minor injuries during the evacuation. The airplane was substantially damaged from the fire. The airplane was operating under the provisions of 14 Code of Federal Regulations Part 121. Visual meteorological conditions prevailed at the time of the accident.", "mentions": {"event_date": [{"start_char": 3, "end_char": 19}], "location_city": [{"start_char": 188, "end_char": 195}], "location_state": [{"start_char": 197, "end_char": 205}], "airport_code": [], "airport_name": [{"start_char": 150, "end_char": 186}], "aircraft_damage": [{"start_char": 651, "end_char": 672}], "aircraft_registration_number": [{"start_char": 103, "end_char": 109}], "aircraft_make": [{"start_char": 87, "end_char": 93}], "aircraft_model": [{"start_char": 94, "end_char": 101}], "far_description": [{"start_char": 739, "end_char": 778}, {"start_char": 770, "end_char": 778}, {"start_char": 775, "end_char": 778}], "air_carrier": [{"start_char": 55, "end_char": 72}], "weather_condition": [{"start_char": 780, "end_char": 812}]}, "mentions_same_attribute_class": {"event_date": [], "location_city": [], "location_state": [], "airport_code": [], "airport_name": [], "aircraft_damage": [], "aircraft_registration_number": [], "aircraft_make": [], "aircraft_model": [], "far_description": [], "air_carrier": [], "weather_condition": []}}