{"id": "AAR1603", "text": "On November 10, 2015, about 1453 eastern standard time, Execuflight flight 1526, a British Aerospace HS 125-700A (Hawker 700A), N237WR, departed controlled flight while on a nonprecision localizer approach to runway 25 at Akron Fulton International Airport (AKR) and impacted a four-unit apartment building in Akron, Ohio. The captain, first officer, and seven passengers died; no one on the ground was injured. The airplane was destroyed by impact forces and postcrash fire. The airplane was registered to Rais Group International NC LLC and operated by Execuflight under the provisions of 14 Code of Federal Regulations (CFR) Part 135 as an on-demand charter flight. Instrument meteorological conditions prevailed, and an instrument flight rules flight plan was filed. The flight departed from Dayton-Wright Brothers Airport, Dayton, Ohio, about 1413 and was destined for AKR.", "mentions": {"event_date": [{"start_char": 3, "end_char": 20}], "location_city": [{"start_char": 310, "end_char": 315}], "location_state": [{"start_char": 836, "end_char": 840}, {"start_char": 317, "end_char": 321}], "airport_code": [{"start_char": 258, "end_char": 261}, {"start_char": 874, "end_char": 877}], "airport_name": [{"start_char": 222, "end_char": 256}], "aircraft_damage": [{"start_char": 429, "end_char": 438}], "aircraft_registration_number": [{"start_char": 128, "end_char": 134}], "aircraft_make": [{"start_char": 83, "end_char": 100}], "aircraft_model": [{"start_char": 101, "end_char": 126}, {"start_char": 101, "end_char": 112}, {"start_char": 114, "end_char": 125}], "far_description": [{"start_char": 591, "end_char": 636}, {"start_char": 628, "end_char": 636}, {"start_char": 633, "end_char": 636}], "air_carrier": [{"start_char": 555, "end_char": 566}, {"start_char": 56, "end_char": 67}], "weather_condition": [{"start_char": 669, "end_char": 705}]}, "mentions_same_attribute_class": {"event_date": [], "location_city": [{"start_char": 828, "end_char": 834}], "location_state": [], "airport_code": [], "airport_name": [{"start_char": 796, "end_char": 826}], "aircraft_damage": [], "aircraft_registration_number": [], "aircraft_make": [], "aircraft_model": [], "far_description": [], "air_carrier": [{"start_char": 507, "end_char": 538}], "weather_condition": []}}