{"id": "AAR1602", "text": "On March 5, 2015, at 1102 eastern standard time, Delta Air Lines flight 1086, a Boeing MD-88, N909DL, was landing on runway 13 at LaGuardia Airport (LGA), New York, New York, when it departed the left side of the runway, contacted the airport perimeter fence, and came to rest with the airplane\u2019s nose on an embankment next to Flushing Bay. The 2 pilots, 3 flight attendants, and 98 of the 127 passengers were not injured; the other 29 passengers received minor injuries. The airplane was substantially damaged. Flight 1086 was a regularly scheduled passenger flight from Hartsfield-Jackson Atlanta International Airport, Atlanta, Georgia, operating under the provisions of 14 Code of Federal Regulations Part 121. An instrument flight rules flight plan had been filed. Instrument meteorological conditions prevailed at the time of the accident.", "mentions": {"event_date": [{"start_char": 3, "end_char": 16}], "location_city": [{"start_char": 155, "end_char": 163}], "location_state": [{"start_char": 165, "end_char": 173}], "airport_code": [{"start_char": 149, "end_char": 152}], "airport_name": [{"start_char": 130, "end_char": 147}], "aircraft_damage": [{"start_char": 489, "end_char": 510}], "aircraft_registration_number": [{"start_char": 94, "end_char": 100}], "aircraft_make": [{"start_char": 80, "end_char": 86}], "aircraft_model": [{"start_char": 87, "end_char": 92}], "far_description": [{"start_char": 674, "end_char": 713}, {"start_char": 705, "end_char": 713}, {"start_char": 710, "end_char": 713}], "air_carrier": [{"start_char": 49, "end_char": 64}], "weather_condition": [{"start_char": 770, "end_char": 806}]}, "mentions_same_attribute_class": {"event_date": [], "location_city": [{"start_char": 622, "end_char": 629}], "location_state": [{"start_char": 631, "end_char": 638}], "airport_code": [], "airport_name": [{"start_char": 572, "end_char": 620}], "aircraft_damage": [], "aircraft_registration_number": [], "aircraft_make": [], "aircraft_model": [], "far_description": [], "air_carrier": [], "weather_condition": []}}