{"id": "AAR1802", "text": "On October 2, 2016, about 1157 Alaska daylight time, Ravn Connect flight 3153, a turbine-powered Cessna 208B Grand Caravan airplane, N208SD, collided with steep, mountainous terrain about 10 nautical miles northwest of Togiak Airport (PATG), Togiak, Alaska. The two commercial pilots and the passenger were killed, and the airplane was destroyed. The scheduled commuter flight was operated under visual flight rules (VFR) by Hageland Aviation Services, Inc., Anchorage, Alaska, under the provisions of Title 14 Code of Federal Regulations (CFR) Part 135. The National Transportation Safety Board\u2019s (NTSB) investigation determined that instrument meteorological conditions (IMC) were likely in the vicinity of the accident site at the time of the accident. The flight departed Quinhagak Airport, Quinhagak, Alaska, at 1133 and was en route to PATG.", "mentions": {"event_date": [{"start_char": 3, "end_char": 18}], "location_city": [{"start_char": 242, "end_char": 248}], "location_state": [{"start_char": 250, "end_char": 256}, {"start_char": 470, "end_char": 476}, {"start_char": 806, "end_char": 812}], "airport_code": [{"start_char": 235, "end_char": 239}, {"start_char": 842, "end_char": 846}], "airport_name": [{"start_char": 219, "end_char": 233}], "aircraft_damage": [{"start_char": 336, "end_char": 345}], "aircraft_registration_number": [{"start_char": 133, "end_char": 139}], "aircraft_make": [{"start_char": 97, "end_char": 103}], "aircraft_model": [{"start_char": 104, "end_char": 122}, {"start_char": 104, "end_char": 108}], "far_description": [{"start_char": 508, "end_char": 553}, {"start_char": 545, "end_char": 553}, {"start_char": 550, "end_char": 553}], "air_carrier": [{"start_char": 53, "end_char": 65}, {"start_char": 425, "end_char": 457}], "weather_condition": [{"start_char": 635, "end_char": 677}, {"start_char": 673, "end_char": 676}, {"start_char": 635, "end_char": 671}]}, "mentions_same_attribute_class": {"event_date": [], "location_city": [{"start_char": 459, "end_char": 468}, {"start_char": 795, "end_char": 804}], "location_state": [], "airport_code": [], "airport_name": [{"start_char": 776, "end_char": 793}], "aircraft_damage": [], "aircraft_registration_number": [], "aircraft_make": [], "aircraft_model": [], "far_description": [], "air_carrier": [], "weather_condition": []}}