{"id": "AAR1701", "text": "\u200bOn July 3, 2015, about 1339 mountain daylight time, an Airbus Helicopters AS350 B3e helicopter, N390LG, registered to and operated by Air Methods Corporation, lifted off from the Summit Medical Center Heliport, Frisco, Colorado, and then crashed into a parking lot; the impact point was located 360 feet southwest of the ground-based helipad. The pilot was fatally injured, and the two flight nurses were seriously injured. The helicopter was destroyed by impact forces and a postcrash fire. The flight was conducted under the provisions of 14 Code of Federal Regulations Part 135 on a company flight plan. Visual meteorological conditions prevailed at the time of the accident.", "mentions": {"event_date": [{"start_char": 4, "end_char": 16}], "location_city": [{"start_char": 212, "end_char": 218}], "location_state": [{"start_char": 220, "end_char": 228}], "airport_code": [], "airport_name": [{"start_char": 180, "end_char": 210}], "aircraft_damage": [{"start_char": 444, "end_char": 453}], "aircraft_registration_number": [{"start_char": 97, "end_char": 103}], "aircraft_make": [{"start_char": 56, "end_char": 74}], "aircraft_model": [{"start_char": 75, "end_char": 84}], "far_description": [{"start_char": 542, "end_char": 581}, {"start_char": 573, "end_char": 581}, {"start_char": 578, "end_char": 581}], "air_carrier": [{"start_char": 135, "end_char": 158}], "weather_condition": [{"start_char": 608, "end_char": 640}]}, "mentions_same_attribute_class": {"event_date": [], "location_city": [], "location_state": [], "airport_code": [], "airport_name": [], "aircraft_damage": [], "aircraft_registration_number": [], "aircraft_make": [], "aircraft_model": [], "far_description": [], "air_carrier": [], "weather_condition": []}}