{"id": "AIR1801", "text": "\nExecutive Summary\n\u200bOn July 7, 2017, about 2356 Pacific daylight time (PDT), Air Canada flight 759, an Airbus A320-211, Canadian registration C-FKCK, was cleared to land on runway 28R at San Francisco International Airport (SFO), San Francisco, California, but instead lined up with parallel taxiway C. Four air carrier airplanes (a Boeing 787, an Airbus A340, another Boeing 787, and a Boeing 737) were on taxiway C awaiting clearance to take off from runway 28R. The incident airplane descended to an altitude of 100 ft above ground level and overflew the first airplane on the taxiway. The incident flight crew initiated a go-around, and the airplane reached a minimum altitude of about 60 ft and overflew the second airplane on the taxiway before starting to climb. None of the 5 flight crewmembers and 135 passengers aboard the incident airplane were injured, and the incident airplane was not damaged. The incident flight was operated by Air Canada under Title 14 Code of Federal Regulations (CFR) Part 129 as an international scheduled passenger flight from Toronto/Lester B. Pearson International Airport, Toronto, Canada. An instrument flight rules flight plan had been filed. Night visual meteorological conditions prevailed at the time of the incident.", "mentions": {"event_date": [{"start_char": 23, "end_char": 35}], "location_city": [{"start_char": 230, "end_char": 243}], "location_state": [{"start_char": 245, "end_char": 255}], "airport_code": [{"start_char": 224, "end_char": 227}], "airport_name": [{"start_char": 187, "end_char": 222}], "aircraft_damage": [{"start_char": 895, "end_char": 906}], "aircraft_registration_number": [{"start_char": 142, "end_char": 148}], "aircraft_make": [{"start_char": 103, "end_char": 109}, {"start_char": 348, "end_char": 354}], "aircraft_model": [{"start_char": 110, "end_char": 118}], "far_description": [{"start_char": 967, "end_char": 1012}, {"start_char": 1004, "end_char": 1012}, {"start_char": 1009, "end_char": 1012}], "air_carrier": [{"start_char": 77, "end_char": 87}, {"start_char": 944, "end_char": 954}], "weather_condition": [{"start_char": 1186, "end_char": 1224}]}, "mentions_same_attribute_class": {"event_date": [], "location_city": [{"start_char": 1114, "end_char": 1121}], "location_state": [{"start_char": 1123, "end_char": 1129}], "airport_code": [], "airport_name": [{"start_char": 1065, "end_char": 1112}], "aircraft_damage": [], "aircraft_registration_number": [], "aircraft_make": [{"start_char": 333, "end_char": 339}, {"start_char": 369, "end_char": 375}, {"start_char": 387, "end_char": 393}], "aircraft_model": [{"start_char": 340, "end_char": 343}, {"start_char": 355, "end_char": 359}, {"start_char": 376, "end_char": 379}, {"start_char": 394, "end_char": 397}], "far_description": [], "air_carrier": [], "weather_condition": []}}