{"id": "Q1000", "text": "Gabon (/\u0261\u0259\u02c8b\u0252n/; [\u0261ab\u0254\u0303]), officially the Gabonese Republic (French: R\u00e9publique gabonaise), is a sovereign state on the west coast of Central Africa. Located on the equator, Gabon is bordered by Equatorial Guinea to the northwest, Cameroon to the north, the Republic of the Congo on the east and south, and the Gulf of Guinea to the west. It has an area of nearly 270,000 square kilometres (100,000 sq mi) and its population is estimated at 1.5 million people. Its capital and largest city is Libreville. Since its independence from France in 1960, Gabon has had three presidents. In the early 1990s, Gabon introduced a multi-party system and a new democratic constitution that allowed for a more transparent electoral process and reformed many governmental institutions. Gabon was also a non-permanent member of the United Nations Security Council for the 2010\u20132011 term. Low population density, abundant petroleum, and foreign private investment have helped make Gabon one of the most prosperous countries in Sub-Saharan Africa, with the 4th highest HDI and the third highest GDP per capita (PPP) (after Equatorial Guinea and Botswana) in the region. GDP grew by more than 6% per year from 2010 to 2012. However, because of inequality in income distribution, a significant proportion of the population remains poor.[not verified in body]", "mentions": {"official_language": [{"start_char": 61, "end_char": 67, "uri": "http://www.wikidata.org/entity/Q150"}, {"start_char": 61, "end_char": 67, "uri": "http://www.wikidata.org/entity/Q150"}, {"start_char": 61, "end_char": 67, "uri": "http://www.wikidata.org/entity/Q150"}], "capital": [{"start_char": 493, "end_char": 503, "uri": "http://www.wikidata.org/entity/Q3825"}], "continent": []}, "mentions_same_attribute_class": {"official_language": [], "capital": [], "continent": []}}