{"id": "Q1008", "text": "Ivory Coast (/\u02cca\u026av\u0259ri \u02c8ko\u028ast/) or C\u00f4te d'Ivoire (/\u02ccko\u028at d\u1d7b\u02c8vw\u0251\u02d0r/; KOHT dee-VWAHR; [kot divwa\u0281]), officially the Republic of C\u00f4te d'Ivoire (French: R\u00e9publique de C\u00f4te d'Ivoire), is a country in West Africa. Ivory Coast's political capital is Yamoussoukro, and its economic capital and largest city is the port city of Abidjan. Prior to its colonization by Europeans, Ivory Coast was home to several states, including Gyaaman, the Kong Empire, and Baoul\u00e9. Two Anyi kingdoms, Ind\u00e9ni\u00e9 and Sanwi, attempted to retain their separate identity through the French colonial period and after independence. Ivory Coast became a protectorate of France in 1843\u201344 and was later formed into a French colony in 1893 amid the European scramble for Africa. Ivory Coast achieved independence in 1960, led by F\u00e9lix Houphou\u00ebt-Boigny, who ruled the country until 1993. It maintained close political and economic association with its West African neighbors while at the same time maintaining close ties to the West, especially France. Since the end of Houphou\u00ebt-Boigny's rule in 1993, Ivory Coast has experienced one coup d'\u00e9tat, in 1999, and two religion-grounded civil wars. The first took place between 2002 and 2007 and the second during 2010-2011. Ivory Coast is a republic with a strong executive power invested in its president. Through the production of coffee and cocoa, the country was an economic powerhouse in West Africa during the 1960s and 1970s. Ivory Coast went through an economic crisis in the 1980s, contributing to a period of political and social turmoil. The 21st-century Ivorian economy is largely market-based and still relies heavily on agriculture, with smallholder cash-crop production being dominant. The official language is French, with local indigenous languages also widely used, including Baoul\u00e9, Dioula, Dan, Anyin, and Cebaara Senufo. The main religions are Islam, Christianity (primarily Roman Catholicism), and various indigenous religions.", "mentions": {"official_language": [{"start_char": 140, "end_char": 146, "uri": "http://www.wikidata.org/entity/Q150"}, {"start_char": 1733, "end_char": 1739, "uri": "http://www.wikidata.org/entity/Q150"}, {"start_char": 140, "end_char": 146, "uri": "http://www.wikidata.org/entity/Q150"}, {"start_char": 140, "end_char": 146, "uri": "http://www.wikidata.org/entity/Q150"}, {"start_char": 140, "end_char": 146, "uri": "http://www.wikidata.org/entity/Q150"}, {"start_char": 140, "end_char": 146, "uri": "http://www.wikidata.org/entity/Q150"}], "capital": [{"start_char": 242, "end_char": 254, "uri": "http://www.wikidata.org/entity/Q3768"}, {"start_char": 242, "end_char": 254, "uri": "http://www.wikidata.org/entity/Q3768"}, {"start_char": 242, "end_char": 254, "uri": "http://www.wikidata.org/entity/Q3768"}, {"start_char": 242, "end_char": 254, "uri": "http://www.wikidata.org/entity/Q3768"}], "continent": [{"start_char": 732, "end_char": 738, "uri": "http://www.wikidata.org/entity/Q15"}, {"start_char": 732, "end_char": 738, "uri": "http://www.wikidata.org/entity/Q15"}]}, "mentions_same_attribute_class": {"official_language": [], "capital": [], "continent": []}}