{"id": "Q1009", "text": "Cameroon (/\u02cck\u00e6m\u0259\u02c8ru\u02d0n/; French: Cameroun), officially the Republic of Cameroon (French: R\u00e9publique du Cameroun), is a country in West Africa. It is bordered by Nigeria to the west; Chad to the northeast; the Central African Republic to the east; and Equatorial Guinea, Gabon, and the Republic of the Congo to the south. Cameroon's coastline lies on the Bight of Bonny, part of the Gulf of Guinea and the Atlantic Ocean. Cameroon is home to more than 200 different linguistic groups. French and English are the official languages. The country is often referred to as \"Africa in miniature\" for its geological and cultural diversity. Natural features include beaches, deserts, mountains, rainforests, and savannas. The highest point at almost 4,100 metres (13,500 ft) is Mount Cameroon in the Southwest Region of the country, and the largest cities in population-terms are Douala on the Wouri river, its economical capital and main seaport, Yaound\u00e9, its political capital, and Garoua. After independence, the newly united nation joined the Commonwealth of Nations, although the vast majority of its territories had previously been a German colony and, after World War I, a French mandate. The country is well known for its native styles of music, particularly makossa and bikutsi, and for its successful national football team. Early inhabitants of the territory included the Sao civilisation around Lake Chad and the Baka hunter-gatherers in the southeastern rainforest. Portuguese explorers reached the coast in the 15th century and named the area Rio dos Camar\u00f5es (Shrimp River), which became Cameroon in English. Fulani soldiers founded the Adamawa Emirate in the north in the 19th century, and various ethnic groups of the west and northwest established powerful chiefdoms and fondoms. Cameroon became a German colony in 1884 known as Kamerun. After World War I, the territory was divided between France and the United Kingdom as League of Nations mandates. The Union des Populations du Cameroun (UPC) political party advocated independence, but was outlawed by France in the 1950s. It waged war on French and UPC militant forces until 1971. In 1960, the French-administered part of Cameroon became independent as the Republic of Cameroun under President Ahmadou Ahidjo. The southern part of British Cameroons merged with it in 1961 to form the Federal Republic of Cameroon. The country was renamed the United Republic of Cameroon in 1972 and the Republic of Cameroon in 1984. Cameroon enjoys relatively high political and social stability. This has permitted the development of agriculture, roads, railways, and large petroleum and timber industries. Nevertheless, large numbers of Cameroonians live in poverty as subsistence farmers. Power lies firmly in the hands of the authoritarian president since 1982, Paul Biya, and his Cameroon People's Democratic Movement party. The English-speaking territories of Cameroon have grown increasingly alienated from the government, and politicians from those regions have called for greater decentralization and even secession (for example: the Southern Cameroons National Council) of the former British-governed territories.", "mentions": {"official_language": [{"start_char": 24, "end_char": 30, "uri": "http://www.wikidata.org/entity/Q150"}, {"start_char": 80, "end_char": 86, "uri": "http://www.wikidata.org/entity/Q150"}, {"start_char": 483, "end_char": 489, "uri": "http://www.wikidata.org/entity/Q150"}, {"start_char": 494, "end_char": 501, "uri": "http://www.wikidata.org/entity/Q1860"}, {"start_char": 1605, "end_char": 1612, "uri": "http://www.wikidata.org/entity/Q1860"}, {"start_char": 2101, "end_char": 2107, "uri": "http://www.wikidata.org/entity/Q150"}, {"start_char": 24, "end_char": 30, "uri": "http://www.wikidata.org/entity/Q150"}, {"start_char": 80, "end_char": 86, "uri": "http://www.wikidata.org/entity/Q150"}, {"start_char": 24, "end_char": 30, "uri": "http://www.wikidata.org/entity/Q150"}, {"start_char": 80, "end_char": 86, "uri": "http://www.wikidata.org/entity/Q150"}, {"start_char": 1605, "end_char": 1612, "uri": "http://www.wikidata.org/entity/Q1860"}, {"start_char": 2101, "end_char": 2107, "uri": "http://www.wikidata.org/entity/Q150"}], "capital": [], "continent": [{"start_char": 567, "end_char": 573, "uri": "http://www.wikidata.org/entity/Q15"}]}, "mentions_same_attribute_class": {"official_language": [], "capital": [], "continent": []}}