{"id": "Q1005", "text": "The Gambia (/\u02c8\u0261\u00e6mbi\u0259/, officially the Republic of the Gambia and often called simply Gambia) is a country in West Africa mostly surrounded by Senegal with a short strip of its coastline bordered with the Atlantic Ocean at its western end. It is the smallest country on mainland Africa. The Gambia is situated on either side of the Gambia River, the nation's namesake, which flows through the centre of the Gambia and empties into the Atlantic Ocean. Its area is 10,689 square kilometres (4,127 sq mi) with a population of 1,882,450 at the 15 April 2013 Census (provisional). Banjul is the Gambian capital, and the largest cities are Serekunda and Brikama. The Gambia shares historical roots with many other West African nations in the slave trade, which was the key factor in the placing and keeping of a colony on the Gambia River, first by the Portuguese, during which era it was A G\u00e2mbia, and later, on 25 May 1765, the Gambia was made a part of the British colony when the government formally assumed control, establishing the Province of Senegambia. On 18 February 1965, the Gambia gained independence from the United Kingdom. Since gaining independence, the Gambia has had two leaders \u2013 Dawda Jawara, who ruled from 1970 until 1994, when the current leader Yahya Jammeh seized power in a coup as a young army officer. The Gambia's economy is dominated by farming, fishing, and especially tourism. About a third of the population lives below the international poverty line of US$1.25 a day.", "mentions": {"official_language": [], "capital": [{"start_char": 575, "end_char": 581, "uri": "http://www.wikidata.org/entity/Q3726"}, {"start_char": 575, "end_char": 581, "uri": "http://www.wikidata.org/entity/Q3726"}, {"start_char": 575, "end_char": 581, "uri": "http://www.wikidata.org/entity/Q3726"}], "continent": [{"start_char": 278, "end_char": 284, "uri": "http://www.wikidata.org/entity/Q15"}, {"start_char": 278, "end_char": 284, "uri": "http://www.wikidata.org/entity/Q15"}]}, "mentions_same_attribute_class": {"official_language": [], "capital": [], "continent": []}}