{"id": "Q1006", "text": "Guinea /\u02c8\u0261\u026ani/, officially the Republic of Guinea (French: R\u00e9publique de Guin\u00e9e), is a country in West Africa. Formerly known as French Guinea (French: Guin\u00e9e fran\u00e7aise), the modern country is sometimes referred to as Guinea-Conakry in order to distinguish it from other parts of the wider region of the same name, such as Guinea-Bissau and Equatorial Guinea. Guinea has a population of 10.5 million and an area of 245,860 square kilometres (94,927 sq mi). Guinea is a republic. The president is directly elected by the people and is head of state and head of government. The unicameral Guinean National Assembly is the legislative body of the country, and its members are also directly elected by the people. The judicial branch is led by the Guinea Supreme Court, the highest and final court of appeal in the country. Guinea is a predominantly Islamic country, with Muslims representing 85 percent of the population. Guinea's people belong to twenty-four ethnic groups. French, the official language of Guinea, is the main language of communication in schools, in government administration, in the media, and among the country's security forces, but more than twenty-four indigenous languages are also spoken. Guinea's economy is largely dependent on agriculture and mineral production. It is the world's second largest producer of bauxite, and has rich deposits of diamonds and gold. Human rights in Guinea remain a controversial issue. In 2011 the United States government claimed that torture by security forces, and abuse of women and children (e.g. female genital mutilation) were ongoing abuses of human rights. The country is named after the Guinea region. Guinea is a traditional name for the region of Africa that lies along the Gulf of Guinea. It stretches north through the forested tropical regions and ends at the Sahel. The English term Guinea comes directly from the Portuguese word Guin\u00e9, which emerged in the mid-15th century to refer to the lands inhabited by the Guineus, a generic term for the black African peoples below the Senegal River, as opposed to the 'tawny' Zenaga Berbers, above it, whom they called Azenegues or Moors. The country was at the core of the 2014 Ebola outbreak.", "mentions": {"official_language": [{"start_char": 51, "end_char": 57, "uri": "http://www.wikidata.org/entity/Q150"}, {"start_char": 144, "end_char": 150, "uri": "http://www.wikidata.org/entity/Q150"}, {"start_char": 972, "end_char": 978, "uri": "http://www.wikidata.org/entity/Q150"}, {"start_char": 51, "end_char": 57, "uri": "http://www.wikidata.org/entity/Q150"}, {"start_char": 51, "end_char": 57, "uri": "http://www.wikidata.org/entity/Q150"}, {"start_char": 51, "end_char": 57, "uri": "http://www.wikidata.org/entity/Q150"}, {"start_char": 144, "end_char": 150, "uri": "http://www.wikidata.org/entity/Q150"}, {"start_char": 144, "end_char": 150, "uri": "http://www.wikidata.org/entity/Q150"}, {"start_char": 972, "end_char": 978, "uri": "http://www.wikidata.org/entity/Q150"}, {"start_char": 972, "end_char": 978, "uri": "http://www.wikidata.org/entity/Q150"}], "capital": [], "continent": [{"start_char": 1713, "end_char": 1719, "uri": "http://www.wikidata.org/entity/Q15"}, {"start_char": 1713, "end_char": 1719, "uri": "http://www.wikidata.org/entity/Q15"}, {"start_char": 1713, "end_char": 1719, "uri": "http://www.wikidata.org/entity/Q15"}]}, "mentions_same_attribute_class": {"official_language": [], "capital": [], "continent": []}}