{"id": "Q1011", "text": "Cape Verde /\u02ccke\u026ap \u02c8v\u025c\u02d0rd/ or Cabo Verde /k\u0251\u02d0bo\u028a \u02c8v\u025c\u02d0rde\u026a/, /k\u00e6-/ (Portuguese: Cabo Verde, [\u02c8kabu \u02c8ve\u027ed\u0268]), officially the Republic of Cabo Verde, is an island country spanning an archipelago of 10 volcanic islands in the central Atlantic Ocean. Located 570 kilometres (350 mi) off the coast of Western Africa, the islands cover a combined area of slightly over 4,000 square kilometres (1,500 sq mi). The Cape Verde archipelago was uninhabited until the 15th century, when Portuguese explorers discovered and colonized the islands, establishing the first European settlement in the tropics. Ideally located for the Atlantic slave trade, the islands grew prosperous throughout the 16th and 17th centuries, attracting merchants, privateers, and pirates. The end of slavery in the 19th century led to economic decline and emigration, although Cape Verde gradually recovered as an important commercial center and stopover for shipping routes. Incorporated as an overseas department of Portugal in 1951, the islands continued to agitate for independence, which was peacefully achieved in 1975. Since independence, Cape Verde has been a stable representative democracy, and remains one of the most developed and democratic countries in Africa. Lacking natural resources, its developing economy is mostly service-oriented, with a growing focus on tourism and foreign investment. Its population of around 512,000 is mostly of mixed European and African heritage (mesti\u00e7os), and predominantly Roman Catholic, reflecting the legacy of Portuguese rule. A sizeable diaspora community exists across the world, slightly outnumbering inhabitants on the islands. Historically, the name \"Cape Verde\" has been used in English for the archipelago and, since independence in 1975, for the country. In 2013, the Cape Verdean government determined that the Portuguese designation \"Cabo Verde\" would henceforth be used for official purposes, such as at the United Nations, even in English contexts.", "mentions": {"official_language": [{"start_char": 66, "end_char": 76, "uri": "http://www.wikidata.org/entity/Q5146"}, {"start_char": 472, "end_char": 482, "uri": "http://www.wikidata.org/entity/Q5146"}, {"start_char": 1524, "end_char": 1534, "uri": "http://www.wikidata.org/entity/Q5146"}, {"start_char": 1834, "end_char": 1844, "uri": "http://www.wikidata.org/entity/Q5146"}, {"start_char": 472, "end_char": 482, "uri": "http://www.wikidata.org/entity/Q5146"}, {"start_char": 1834, "end_char": 1844, "uri": "http://www.wikidata.org/entity/Q5146"}], "capital": [], "continent": [{"start_char": 1229, "end_char": 1235, "uri": "http://www.wikidata.org/entity/Q15"}, {"start_char": 1229, "end_char": 1235, "uri": "http://www.wikidata.org/entity/Q15"}]}, "mentions_same_attribute_class": {"official_language": [], "capital": [], "continent": []}}