{"id": "Q1013", "text": "Lesotho (/l\u1d7b\u02c8su\u02d0tu\u02d0/; li-SOO-too), officially the Kingdom of Lesotho (Sotho: 'Muso oa Lesotho), is an enclaved, landlocked country in southern Africa completely surrounded by South Africa. It is just over 30,000 km2 (11,583 sq mi) in size and has a population slightly over two million. Its capital and largest city is Maseru. Lesotho is a member of the United Nations, the Commonwealth of Nations and the Southern African Development Community (SADC). The name Lesotho translates roughly into the land of the people who speak Sesotho. About 40% of the population lives below the international poverty line of US $1.25 a day.", "mentions": {"official_language": [{"start_char": 70, "end_char": 75, "uri": "http://www.wikidata.org/entity/Q34340"}, {"start_char": 527, "end_char": 534, "uri": "http://www.wikidata.org/entity/Q34340"}, {"start_char": 70, "end_char": 75, "uri": "http://www.wikidata.org/entity/Q34340"}, {"start_char": 70, "end_char": 75, "uri": "http://www.wikidata.org/entity/Q34340"}, {"start_char": 70, "end_char": 75, "uri": "http://www.wikidata.org/entity/Q34340"}, {"start_char": 527, "end_char": 534, "uri": "http://www.wikidata.org/entity/Q34340"}], "capital": [{"start_char": 319, "end_char": 325, "uri": "http://www.wikidata.org/entity/Q3909"}], "continent": []}, "mentions_same_attribute_class": {"official_language": [], "capital": [], "continent": []}}