{"id": "Q1016", "text": "Libya (Arabic: \u0644\u064a\u0628\u064a\u0627 L\u012bbiy\u0101) is a country in the Maghreb region of North Africa bordered by the Mediterranean Sea to the north, Egypt to the east, Sudan to the southeast, Chad and Niger to the south, and Algeria and Tunisia to the west. The three traditional parts of the country are Tripolitania, Fezzan and Cyrenaica. With an area of almost 1.8 million square kilometres (700,000 sq mi), Libya is the fourth largest country in Africa, and is the 16th largest country in the world. Libya has the 10th-largest proven oil reserves of any country in the world. The largest city and capital, Tripoli, is located in western Libya and contains over one million of Libya's six million people. The other large city is Benghazi, which is located in eastern Libya. Libya has been inhabited by Berbers since the late Bronze Age. The Phoenicians established trading posts in western Libya, and Ancient Greek colonists established city-states in eastern Libya. Libya was variously ruled by Persians, Egyptians and Greeks before becoming a part of the Roman Empire. Libya was an early center of Christianity. After the fall of the Western Roman Empire, the area of Libya was mostly occupied by the Vandals until the 7th century, when invasions brought Islam and Arab colonization. In the sixteenth century, the Spanish Empire and the Knights of St John occupied Tripoli, until Ottoman rule began in 1551. Libya was involved in the Barbary Wars of the 18th and 19th centuries. Ottoman rule continued until the Italian occupation of Libya resulted in the temporary Italian Libya colony from 1911 to 1943. During the Second World War Libya was an important area of warfare in the North African Campaign. The Italian population then went into decline. Libya became an independent kingdom in 1951. In 1969, a military coup overthrew King Idris I, beginning a period of brutal suppression of dissent. The most prominent coup conspirator, Muammar Gaddafi, was ultimately able to fully concentrate power in his own hands during the Libyan Cultural Revolution, remaining in power until the Libyan Civil War of 2011, in which the rebels were supported by NATO. Since then, Libya has experienced instability and political violence which has severely affected both commerce and oil production. The European Union is involved in an operation to disrupt human trafficking networks exploiting refugees fleeing from the war for Europe. At least two political bodies claim to be the government of Libya. The Council of Deputies is internationally recognized as the legitimate government, but it does not hold territory in the capital, Tripoli, instead meeting in the Cyrenaica city of Tobruk. Meanwhile, the New General National Congress purports to be the legal continuation of the General National Congress, elected in the Libyan General National Congress election, 2012 and was dissolved following the June 2014 elections but then reconvened by a minority of its members. The Supreme Court in the Libya Dawn and New General National Congress-controlled Tripoli declared the Tobruk government unconstitutional in November 2014, but the internationally recognized government has rejected the ruling as made under threat of violence. Parts of Libya are outside of either government's control, with various Islamist, rebel, and tribal militias administering some cities and areas. The United Nations is sponsoring peace talks between the Tobruk and Tripoli-based factions. An agreement to form a unified interim government was signed on 17 December 2015. Under the terms of the agreement, a nine-member Presidency Council and a seventeen-member interim Government of National Accord would be formed, with a view to holding new elections within two years.", "mentions": {"official_language": [], "capital": [{"start_char": 589, "end_char": 596, "uri": "http://www.wikidata.org/entity/Q3579"}, {"start_char": 2605, "end_char": 2612, "uri": "http://www.wikidata.org/entity/Q3579"}, {"start_char": 3026, "end_char": 3033, "uri": "http://www.wikidata.org/entity/Q3579"}, {"start_char": 589, "end_char": 596, "uri": "http://www.wikidata.org/entity/Q3579"}, {"start_char": 589, "end_char": 596, "uri": "http://www.wikidata.org/entity/Q3579"}, {"start_char": 589, "end_char": 596, "uri": "http://www.wikidata.org/entity/Q3579"}, {"start_char": 589, "end_char": 596, "uri": "http://www.wikidata.org/entity/Q3579"}], "continent": [{"start_char": 429, "end_char": 435, "uri": "http://www.wikidata.org/entity/Q15"}, {"start_char": 429, "end_char": 435, "uri": "http://www.wikidata.org/entity/Q15"}]}, "mentions_same_attribute_class": {"official_language": [], "capital": [], "continent": []}}