{"id": "Q1029", "text": "Mozambique (/mo\u028az\u00e6m\u02c8bi\u02d0k/ or /m\u0254\u02d0z\u00e6m\u02c8bi\u02d0k/), officially the Republic of Mozambique (Portuguese: Mo\u00e7ambique or Rep\u00fablica de Mo\u00e7ambique, [r\u025b\u02c8publik\u0250 d\u0268 mus\u0250\u0303\u02c8bik\u0268]), is a country in Southeast Africa bordered by the Indian Ocean to the east, Tanzania to the north, Malawi and Zambia to the northwest, Zimbabwe to the west, and Swaziland and South Africa to the southwest. It is separated from Madagascar by the Mozambique Channel to the east. The capital and largest city is Maputo (known as \"Louren\u00e7o Marques\" before independence). Between the 1st and 5th centuries AD, Bantu-speaking peoples migrated from farther north and west. Swahili, and later Arab, commercial ports existed along the coasts until the arrival of Europeans. The area was explored by Vasco da Gama in 1498 and colonized by Portugal from 1505. After over four centuries of Portuguese rule, Mozambique gained independence in 1975, becoming the People's Republic of Mozambique shortly thereafter. After only two years of independence, the country descended into an intense and protracted civil war lasting from 1977 to 1992. In 1994, Mozambique held its first multiparty elections and has remained a relatively stable presidential republic. Mozambique is one of the poorest and most underdeveloped countries in the world. Mozambique is endowed with rich and extensive natural resources. The country's economy is based largely on agriculture, but industry, mainly food and beverages, chemical manufacturing, aluminium and petroleum production, is growing. The country's tourism sector is also growing. South Africa is Mozambique's main trading partner and source of foreign direct investment. Belgium, Brazil, Portugal, and Spain are also among the country's most important economic partners. Since 2001, Mozambique's annual average GDP growth has been among the world's highest. However, the country ranks among the lowest in GDP per capita, human development, measures of inequality, and average life expectancy. The only official language of Mozambique is Portuguese, which is spoken mostly as a second language by about half of the population. Common native languages include Makhuwa, Sena, and Swahili. The country's population of around 24 million is composed overwhelmingly of Bantu people. The largest religion in Mozambique is Christianity, with significant minorities following Islam and African traditional religions. Mozambique is a member of the African Union, the Commonwealth of Nations, the Community of Portuguese Language Countries, the Latin Union, the Non-Aligned Movement and the Southern African Development Community, and an observer at La Francophonie.", "mentions": {"official_language": [{"start_char": 84, "end_char": 94, "uri": "http://www.wikidata.org/entity/Q5146"}, {"start_char": 841, "end_char": 851, "uri": "http://www.wikidata.org/entity/Q5146"}, {"start_char": 2024, "end_char": 2034, "uri": "http://www.wikidata.org/entity/Q5146"}, {"start_char": 2485, "end_char": 2495, "uri": "http://www.wikidata.org/entity/Q5146"}, {"start_char": 84, "end_char": 94, "uri": "http://www.wikidata.org/entity/Q5146"}, {"start_char": 84, "end_char": 94, "uri": "http://www.wikidata.org/entity/Q5146"}, {"start_char": 84, "end_char": 94, "uri": "http://www.wikidata.org/entity/Q5146"}, {"start_char": 84, "end_char": 94, "uri": "http://www.wikidata.org/entity/Q5146"}, {"start_char": 2024, "end_char": 2034, "uri": "http://www.wikidata.org/entity/Q5146"}, {"start_char": 2485, "end_char": 2495, "uri": "http://www.wikidata.org/entity/Q5146"}, {"start_char": 2024, "end_char": 2034, "uri": "http://www.wikidata.org/entity/Q5146"}], "capital": [{"start_char": 472, "end_char": 478, "uri": "http://www.wikidata.org/entity/Q3889"}, {"start_char": 490, "end_char": 506, "uri": "http://www.wikidata.org/entity/Q3889"}], "continent": []}, "mentions_same_attribute_class": {"official_language": [], "capital": [], "continent": []}}