{"id": "Q1020", "text": "Malawi (/m\u0259\u02c8l\u0254\u02d0wi/, /m\u0259\u02c8l\u0251\u02d0wi/ or /\u02c8m\u00e6l\u0259wi/; [mal\u00e1\u03b2i] or [mal\u00e1wi]), officially the Republic of Malawi, is a landlocked country in southeast Africa that was formerly known as Nyasaland. It is bordered by Zambia to the northwest, Tanzania to the northeast, and Mozambique on the east, south and west. The country is separated from Tanzania and Mozambique by Lake Malawi. Malawi is over 118,000 km2 (45,560 sq mi) with an estimated population of 16,777,547 (July 2013 est.). Its capital is Lilongwe, which is also Malawi's largest city; the second largest is Blantyre and the third is Mzuzu. The name Malawi comes from the Maravi, an old name of the Nyanja people that inhabit the area. The country is also nicknamed \"The Warm Heart of Africa\". Malawi is among the smallest countries in Africa. Lake Malawi takes about a third of Malawi's area. The area of Africa now known as Malawi was settled by migrating Bantu groups around the 10th century. Centuries later in 1891 the area was colonized by the British. In 1953 Malawi, then known as Nyasaland, a protectorate of the United Kingdom, became a protectorate within the semi-independent Federation of Rhodesia and Nyasaland. The Federation was dissolved in 1963. In 1964 the protectorate over Nyasaland was ended and Nyasaland became an independent country under Queen Elizabeth II with the new name Malawi. Two years later it became a republic. Upon gaining independence it became a one-party state under the presidency of Hastings Banda, who remained president until 1994, when he lost an election. Peter Mutharika is the current president. Malawi has a democratic, multi-party government. Malawi has a small military force that includes an army, a navy and an air wing. Malawi's foreign policy is pro-Western and includes positive diplomatic relations with most countries and participation in several international organisations, including the United Nations, the Commonwealth of Nations and the Southern African Development Community (SADC). Malawi is among the world's least-developed countries. The economy is heavily based in agriculture, with a largely rural population. The Malawian government depends heavily on outside aid to meet development needs, although this need (and the aid offered) has decreased since 2000. The Malawian government faces challenges in building and expanding the economy, improving education, health care, environmental protection, and becoming financially independent. Since 2005, Malawi has developed several programs that focus on these issues, and the country's outlook appears to be improving, with a rise in the economy, education and healthcare seen in 2007 and 2008. Malawi has a low life expectancy and high infant mortality. There is a high prevalence of HIV/AIDS, which is a drain on the labour force and government expenditures. There is a diverse population of native peoples, Asians and Europeans, with several languages spoken and an array of religious beliefs. Although there was periodic regional conflict fuelled in part by ethnic divisions in the past, by 2008 it had diminished considerably and the concept of a Malawian nationality had re-emerged.", "mentions": {"official_language": [], "capital": [{"start_char": 487, "end_char": 495, "uri": "http://www.wikidata.org/entity/Q3876"}, {"start_char": 487, "end_char": 495, "uri": "http://www.wikidata.org/entity/Q3876"}, {"start_char": 487, "end_char": 495, "uri": "http://www.wikidata.org/entity/Q3876"}], "continent": [{"start_char": 140, "end_char": 146, "uri": "http://www.wikidata.org/entity/Q15"}, {"start_char": 733, "end_char": 739, "uri": "http://www.wikidata.org/entity/Q15"}, {"start_char": 784, "end_char": 790, "uri": "http://www.wikidata.org/entity/Q15"}, {"start_char": 854, "end_char": 860, "uri": "http://www.wikidata.org/entity/Q15"}, {"start_char": 140, "end_char": 146, "uri": "http://www.wikidata.org/entity/Q15"}, {"start_char": 140, "end_char": 146, "uri": "http://www.wikidata.org/entity/Q15"}, {"start_char": 784, "end_char": 790, "uri": "http://www.wikidata.org/entity/Q15"}, {"start_char": 854, "end_char": 860, "uri": "http://www.wikidata.org/entity/Q15"}]}, "mentions_same_attribute_class": {"official_language": [], "capital": [], "continent": []}}