{"id": "Q1025", "text": "Mauritania /m\u0254\u02d0r\u026a\u02c8te\u026ani\u0259/ (Arabic: \u0645\u0648\u0631\u064a\u062a\u0627\u0646\u064a\u0627 M\u016br\u012bt\u0101ny\u0101; Berber: Muritanya or Agawej; Wolof: G\u00e0nnaar; Soninke: Murutaane; Pulaar: Moritani), officially the Islamic Republic of Mauritania, is a country in the Maghreb region of western North Africa. It is the eleventh largest country in Africa and is bordered by the Atlantic Ocean to the west, Morocco and the remnants of Western Sahara in the north, Algeria in the northeast, Mali in the east and southeast, and Senegal in the southwest. The country derives its name from the ancient Berber Kingdom of Mauretania, which existed from the 3rd century BC to the 7th century AD, in the far north of modern-day Morocco. Approximately 90% of Mauritania's land is within the Sahara and consequently the population is concentrated in the south, where precipitation is slightly higher. The capital and largest city is Nouakchott, located on the Atlantic coast, which is home to around one-third of the country's 3.5 million people. The government was overthrown on 6 August 2008, in a military coup d'\u00e9tat led by then-General Mohamed Ould Abdel Aziz. On 16 April 2009, Aziz resigned from the military to run for president in the 19 July elections, which he won. About 20% of Mauritanians live on less than US$1.25 per day. Slavery in Mauritania has been called a major human rights issue, with roughly 4% (155,600 people) of the country's population \u2013 proportionally the highest for any country \u2013 being enslaved against their will, especially enemies of the government. Additional human rights concerns in Mauritania include female genital mutilation and child labour.", "mentions": {"official_language": [], "capital": [{"start_char": 859, "end_char": 869, "uri": "http://www.wikidata.org/entity/Q3688"}], "continent": [{"start_char": 285, "end_char": 291, "uri": "http://www.wikidata.org/entity/Q15"}, {"start_char": 285, "end_char": 291, "uri": "http://www.wikidata.org/entity/Q15"}]}, "mentions_same_attribute_class": {"official_language": [], "capital": [], "continent": []}}