{"id": "Q1028", "text": "Morocco (/m\u0259\u02c8r\u0252ko\u028a/; Arabic: \u0627\u0644\u0645\u063a\u0631\u0628 al-Maghrib; Berber: \u2d4d\u2d4e\u2d30\u2d56\u2d54\u2d49\u2d31 Lma\u0263rib; French: Maroc), officially the Kingdom of Morocco, is a country in the Maghreb region of North Africa. Geographically, Morocco is characterized by a rugged mountainous interior and large portions of desert. It is one of only three countries (with Spain and France) to have both Atlantic and Mediterranean coastlines. The Arabic name al-Mamlakah al-Maghribiyah (Arabic: \u0627\u0644\u0645\u0645\u0644\u0643\u0629 \u0627\u0644\u0645\u063a\u0631\u0628\u064a\u0629, meaning \"The Western Kingdom\") and Al-Maghrib (Arabic: \u0627\u0644\u0645\u063a\u0631\u0628, meaning \"The West\") are commonly used as alternate names. Morocco has a population of over 33.8 million and an area of 446,550 km2 (172,410 sq mi). Its political capital is Rabat. The largest city is Casablanca. Other major cities include Marrakesh, Tangier, Tetouan, Sal\u00e9, Fes, Agadir, Meknes, Oujda, Kenitra, and Nador. A historically prominent regional power, Morocco has a history of independence not shared by its neighbours. Its distinct culture is a blend of Arab, indigenous Berber, Sub-Saharan African, and European influences. Morocco claims the non-self-governing territory of Western Sahara as its Southern Provinces. Morocco annexed the territory in 1975, leading to a guerrilla war with indigenous forces until a cease-fire in 1991. Peace processes have thus far failed to break the political deadlock. Morocco is a constitutional monarchy with an elected parliament. The King of Morocco holds vast executive and legislative powers, especially over the military, foreign policy and religious affairs. Executive power is exercised by the government, while legislative power is vested in both the government and the two chambers of parliament, the Assembly of Representatives and the Assembly of Councillors. The king can issue decrees called dahirs which have the force of law. He can also dissolve the parliament after consulting the Prime Minister and the president of the Constitutional court. Morocco's predominant religion is Islam, and the official languages are Arabic and Berber. Moroccan Arabic, referred to as Darija, and French are also widely spoken. Morocco is an influential member of the Arab League and a part of the Union for the Mediterranean. It has the sixth-largest economy in Africa.", "mentions": {"official_language": [], "capital": [{"start_char": 696, "end_char": 701, "uri": "http://www.wikidata.org/entity/Q3551"}], "continent": [{"start_char": 2234, "end_char": 2240, "uri": "http://www.wikidata.org/entity/Q15"}, {"start_char": 2234, "end_char": 2240, "uri": "http://www.wikidata.org/entity/Q15"}]}, "mentions_same_attribute_class": {"official_language": [], "capital": [], "continent": []}}