{"id": "Q1032", "text": "Niger (/\u02c8na\u026ad\u0292\u0259r/ or /ni\u02d0\u02c8\u0292\u025b\u0259r/; [ni\u0292\u025b\u0281]), officially the Republic of Niger, is a landlocked country in Western Africa, named after the Niger River. Niger is bordered by Libya to the northeast, Chad to the east, Nigeria and Benin to the south, Burkina Faso and Mali to the west, and Algeria to the northwest. Niger covers a land area of almost 1,270,000 km2, making it the largest country in West Africa, with over 80 percent of its land area covered by the Sahara Desert. The country's predominantly Islamic population of 17,138,707 is mostly clustered in the far south and west of the country. The capital city is Niamey, located in the far-southwest corner of Niger. Niger is a developing country, and is consistently one of the lowest-ranked in the United Nations' Human Development Index (HDI); it was ranked last at 188th for 2014. Much of the non-desert portions of the country are threatened by periodic drought and desertification. The economy is concentrated around subsistence and some export agriculture clustered in the more fertile south, and the export of raw materials, especially uranium ore. Niger faces serious challenges to development due to its landlocked position, desert terrain, high fertility rates and resulting overpopulation without birth control, poor education and poverty of its people, lack of infrastructure, poor health care, and environmental degradation. Nigerien society reflects a diversity drawn from the long independent histories of its several ethnic groups and regions and their relatively short period living in a single state. Historically, what is now Niger has been on the fringes of several large states. Since independence, Nigeriens have lived under five constitutions and three periods of military rule. Following a military coup in 2010, Niger has become a democratic, multi-party state. A majority live in rural areas, and have little access to advanced education.", "mentions": {"official_language": [], "capital": [{"start_char": 616, "end_char": 622, "uri": "http://www.wikidata.org/entity/Q3674"}, {"start_char": 616, "end_char": 622, "uri": "http://www.wikidata.org/entity/Q3674"}, {"start_char": 616, "end_char": 622, "uri": "http://www.wikidata.org/entity/Q3674"}], "continent": []}, "mentions_same_attribute_class": {"official_language": [], "capital": [], "continent": []}}