{"id": "Q1039", "text": "S\u00e3o Tom\u00e9 and Pr\u00edncipe (/\u02ccsa\u028a t\u0259\u02c8me\u026a \u0259n \u02c8pr\u026ans\u1d7bp\u0259/ SOW-t\u0259-MAY-\u0259n PRIN-si-p\u0259 or /\u02c8pr\u026ans\u1d7bpe\u026a/ PRIN-si-pay; [s\u0250\u0303w tu\u02c8m\u025b i \u02c8p\u027e\u0129s\u0268p\u0268]) officially the Democratic Republic of S\u00e3o Tom\u00e9 and Pr\u00edncipe, is a Portuguese-speaking island nation in the Gulf of Guinea, off the western equatorial coast of Central Africa. It consists of two archipelagos around the two main islands: S\u00e3o Tom\u00e9 and Pr\u00edncipe, located about 140 kilometres (87 miles) apart and about 250 and 225 kilometres (155 and 140 miles), respectively, off the northwestern coast of Gabon. The islands were uninhabited until their discovery by Portuguese explorers in the 15th century. Gradually colonized and settled by Portugal throughout the 16th century, they collectively served as a vital commercial and trade center for the Atlantic slave trade. The rich volcanic soil and close proximity to the equator made S\u00e3o Tom\u00e9 and Pr\u00edncipe ideal for sugar cultivation, followed later by cash crops such as coffee and cocoa; the lucrative plantation economy was heavily dependent upon imported African slaves. Cycles of social unrest and economic instability throughout the 19th and 20th centuries culminated in peaceful independence in 1975. S\u00e3o Tom\u00e9 and Pr\u00edncipe has since remained one of Africa's most stable and democratic countries. With a population of 192,993 (2013 Census), S\u00e3o Tom\u00e9 and Pr\u00edncipe is the second-smallest African country after Seychelles, as well as the smallest Portuguese-speaking country. Its people are predominantly of African and mesti\u00e7o descent, with most adhering to Roman Catholicism. The legacy of Portuguese rule is also visible in the country's culture, customs, and music, which fuse European and African influences.", "mentions": {"official_language": [{"start_char": 593, "end_char": 603, "uri": "http://www.wikidata.org/entity/Q5146"}, {"start_char": 1576, "end_char": 1586, "uri": "http://www.wikidata.org/entity/Q5146"}], "capital": [], "continent": [{"start_char": 1237, "end_char": 1243, "uri": "http://www.wikidata.org/entity/Q15"}]}, "mentions_same_attribute_class": {"official_language": [], "capital": [], "continent": []}}