{"id": "Q1030", "text": "Namibia (/n\u0259\u02c8m\u026abi\u0259/, /n\u00e6\u02c8-/), officially the Republic of Namibia (German: About this sound Republik Namibia ; Afrikaans: Republiek van Namibi\u00eb), and formerly German South-West Africa and then South West Africa, is a country in southern Africa whose western border is the Atlantic Ocean. It shares land borders with Zambia and Angola to the north, Botswana to the east and South Africa to the south and east. Although it does not border Zimbabwe, less than 200 metres of the Zambezi River (essentially a small bulge in Botswana to achieve a Botswana/Zambia micro-border) separates them at their closest points. It gained independence from South Africa on 21 March 1990, following the Namibian War of Independence. Its capital and largest city is Windhoek. Namibia is a member state of the United Nations (UN), the Southern African Development Community (SADC), the African Union (AU), and the Commonwealth of Nations. The dry lands of Namibia were inhabited since early times by San, Damara, and Namaqua, and since about the 14th century AD by immigrating Bantu who came with the Bantu expansion. Most of the territory became a German Imperial protectorate in 1884 and remained a German colony until the end of World War I. In 1920, the League of Nations mandated the country to South Africa, which imposed its laws and, from 1948, its apartheid policy. The port of Walvis Bay and the offshore Penguin Islands had been annexed by the Cape Colony under the British crown by 1878 and had become an integral part of the new Union of South Africa at its creation in 1910. Uprisings and demands by African leaders led the UN to assume direct responsibility over the territory. It recognised the South West Africa People's Organisation (SWAPO) as the official representative of the Namibian people in 1973. Namibia, however, remained under South African administration during this time as South-West Africa. Following internal violence, South Africa installed an interim administration in Namibia in 1985. Namibia obtained full independence from South Africa in 1990, with the exception of Walvis Bay and the Penguin Islands, which remained under South African control until 1994. Namibia has a population of 2.1 million people and a stable multi-party parliamentary democracy. Agriculture, herding, tourism and the mining industry \u2013 including mining for gem diamonds, uranium, gold, silver, and base metals \u2013 form the basis of Namibia's economy. Given the presence of the arid Namib Desert, it is one of the least densely populated countries in the world. Namibia enjoys high political, economic and social stability.", "mentions": {"official_language": [], "capital": [{"start_char": 745, "end_char": 753, "uri": "http://www.wikidata.org/entity/Q3935"}], "continent": []}, "mentions_same_attribute_class": {"official_language": [], "capital": [], "continent": []}}