{"id": "Q1041", "text": "Senegal (/\u02ccs\u025bn\u1d7b\u02c8\u0261\u0254\u02d0l, -\u02c8\u0261\u0251\u02d0l/; French: le S\u00e9n\u00e9gal), officially the Republic of Senegal (French: R\u00e9publique du S\u00e9n\u00e9gal [\u0281epyblik dy sene\u0261al]), is a country in West Africa. Senegal's economical and political capital is Dakar. It is the westernmost country in the mainland of the Old World, or Eurafrasia, and owes its name to the S\u00e9n\u00e9gal River, which borders it to the east and north. The name \"Senegal\" comes from the Wolof \"Sunuu Gaal,\" which means \"Our Boat.\" Senegal covers a land area of almost 197,000 square kilometres (76,000 sq mi) and has an estimated population of about 13 million. The climate is Sahelian, but there is a rainy season.", "mentions": {"official_language": [{"start_char": 31, "end_char": 37, "uri": "http://www.wikidata.org/entity/Q150"}, {"start_char": 88, "end_char": 94, "uri": "http://www.wikidata.org/entity/Q150"}, {"start_char": 31, "end_char": 37, "uri": "http://www.wikidata.org/entity/Q150"}, {"start_char": 88, "end_char": 94, "uri": "http://www.wikidata.org/entity/Q150"}, {"start_char": 31, "end_char": 37, "uri": "http://www.wikidata.org/entity/Q150"}, {"start_char": 88, "end_char": 94, "uri": "http://www.wikidata.org/entity/Q150"}], "capital": [{"start_char": 217, "end_char": 222, "uri": "http://www.wikidata.org/entity/Q3718"}, {"start_char": 217, "end_char": 222, "uri": "http://www.wikidata.org/entity/Q3718"}, {"start_char": 217, "end_char": 222, "uri": "http://www.wikidata.org/entity/Q3718"}], "continent": []}, "mentions_same_attribute_class": {"official_language": [], "capital": [], "continent": []}}