{"id": "Q1049", "text": "Sudan (Arabic: \u0627\u0644\u0633\u0648\u062f\u0627\u0646 as-S\u016bd\u0101n, /su\u02c8d\u00e6n/, /su\u02d0\u02c8d\u0251\u02d0n/), officially the Republic of the Sudan (Arabic: \u062c\u0645\u0647\u0648\u0631\u064a\u0629 \u0627\u0644\u0633\u0648\u062f\u0627\u0646 Jumh\u016br\u012byat as-S\u016bd\u0101n), is a country in north-east Africa. It is bordered by Egypt to the north, the Red Sea, Eritrea, and Ethiopia, to the east, South Sudan to the south, the Central African Republic to the southwest, Chad to the west and Libya to the northwest. It is the third largest country in Africa. The River Nile divides the country into eastern and western halves. Its predominant religion is Islam. Sudan was home to numerous ancient civilizations, such as the Kingdom of Kush, Kerma, Nobatia, Alodia, Makuria, Mero\u00eb and others, most of which flourished along the Nile. During the pre-dynastic period Nubia and Nagadan Upper Egypt were identical, simultaneously evolved systems of pharaonic kingship by 3300 BC. By virtue of its proximity to Egypt, the Sudan participated in the wider history of the Near East inasmuch as it was Christianized by the 6th century, and Islamized in the 15th. As a result of Christianization, the Old Nubian language stands as the oldest recorded Nilo-Saharan language (earliest records dating to the 9th century).Sudan was the largest country in Africa and the Arab world until 2011, when South Sudan separated into an independent country, following an independence referendum. Sudan is now the third largest country in Africa (after Algeria and the Democratic Republic of the Congo) and also the third largest country in the Arab world (after Algeria and Saudi Arabia). Sudan is a member of the United Nations, the African Union, the Arab League, the Organisation of Islamic Cooperation and the Non-Aligned Movement, as well as an observer in the World Trade Organization. Its capital is Khartoum, the political, cultural and commercial centre of the nation. It is a federal presidential representative democratic republic. The politics of Sudan is regulated by a parliamentary organization called the National Assembly. The Sudanese legal system is based on Islamic law.", "mentions": {"official_language": [], "capital": [{"start_char": 1747, "end_char": 1755, "uri": "http://www.wikidata.org/entity/Q1963"}], "continent": [{"start_char": 167, "end_char": 173, "uri": "http://www.wikidata.org/entity/Q15"}, {"start_char": 415, "end_char": 421, "uri": "http://www.wikidata.org/entity/Q15"}, {"start_char": 1204, "end_char": 1210, "uri": "http://www.wikidata.org/entity/Q15"}, {"start_char": 1378, "end_char": 1384, "uri": "http://www.wikidata.org/entity/Q15"}, {"start_char": 167, "end_char": 173, "uri": "http://www.wikidata.org/entity/Q15"}, {"start_char": 167, "end_char": 173, "uri": "http://www.wikidata.org/entity/Q15"}, {"start_char": 415, "end_char": 421, "uri": "http://www.wikidata.org/entity/Q15"}, {"start_char": 1204, "end_char": 1210, "uri": "http://www.wikidata.org/entity/Q15"}, {"start_char": 1378, "end_char": 1384, "uri": "http://www.wikidata.org/entity/Q15"}]}, "mentions_same_attribute_class": {"official_language": [], "capital": [], "continent": []}}