{"id": "Q1042", "text": "Seychelles (/se\u026a\u02c8\u0283\u025blz/ say-SHELZ; French: [s\u025b\u0283\u025bl]), officially the Republic of Seychelles (French: R\u00e9publique des Seychelles; Creole: Repiblik Sesel), is an archipelago and country in the Indian Ocean. The 115-island country, whose capital is Victoria, lies 1,500 kilometres (932 mi) east of mainland East Africa. Other nearby island countries and territories include Comoros, Mayotte, Madagascar, R\u00e9union and Mauritius to the south. Seychelles, with a population of 90,024, has the smallest population of any independent African state; however, it does have a larger population than the UK overseas territory Saint Helena, Ascension and Tristan da Cunha.", "mentions": {"official_language": [{"start_char": 34, "end_char": 40, "uri": "http://www.wikidata.org/entity/Q150"}, {"start_char": 91, "end_char": 97, "uri": "http://www.wikidata.org/entity/Q150"}, {"start_char": 34, "end_char": 40, "uri": "http://www.wikidata.org/entity/Q150"}, {"start_char": 91, "end_char": 97, "uri": "http://www.wikidata.org/entity/Q150"}, {"start_char": 34, "end_char": 40, "uri": "http://www.wikidata.org/entity/Q150"}, {"start_char": 91, "end_char": 97, "uri": "http://www.wikidata.org/entity/Q150"}, {"start_char": 34, "end_char": 40, "uri": "http://www.wikidata.org/entity/Q150"}, {"start_char": 91, "end_char": 97, "uri": "http://www.wikidata.org/entity/Q150"}], "capital": [], "continent": []}, "mentions_same_attribute_class": {"official_language": [], "capital": [], "continent": []}}