{"id": "Q1045", "text": "Somalia (/s\u0259\u02c8m\u0251\u02d0li\u0259, so\u028a-, -lj\u0259/ so-MAH-lee-\u0259; Somali: Soomaaliya; Arabic: \u0627\u0644\u0635\u0648\u0645\u0627\u0644 a\u1e63-\u1e62\u016bm\u0101l), officially the Federal Republic of Somalia (Somali: Jamhuuriyadda Federaalka Soomaaliya, Arabic: \u062c\u0645\u0647\u0648\u0631\u064a\u0629 \u0627\u0644\u0635\u0648\u0645\u0627\u0644 \u0627\u0644\u0641\u062f\u0631\u0627\u0644\u064a\u0629 Jumh\u016br\u012byat a\u1e63-\u1e62\u016bm\u0101l al-Fidir\u0101l\u012byah), is a country located in the Horn of Africa. It is bordered by Ethiopia to the west, Djibouti to the northwest, the Gulf of Aden to the north, the Indian Ocean to the east, and Kenya to the southwest. Somalia has the longest coastline on the continent's mainland, and its terrain consists mainly of plateaus, plains and highlands. Climatically, hot conditions prevail year-round, with periodic monsoon winds and irregular rainfall. Somalia has a population of around 10.8 million. Around 85% of its residents are ethnic Somalis, who have historically inhabited the northern part of the country. Ethnic minorities are largely concentrated in the southern regions. The official languages of Somalia are Somali and Arabic, both of which belong to the Afroasiatic family. Most people in the country are Muslim, with the majority being Sunni. In antiquity, Somalia was an important commercial centre. It is among the most probable locations of the fabled ancient Land of Punt. During the Middle Ages, several powerful Somali empires dominated the regional trade, including the Ajuran Empire, the Adal Sultanate, the Warsangali Sultanate, and the Geledi Sultanate. In the late 19th century, through a succession of treaties with these kingdoms, the British and Italians gained control of parts of the coast and established the colonies of British Somaliland and Italian Somaliland. In the interior, Mohammed Abdullah Hassan's Dervish State successfully repelled the British Empire four times and forced it to retreat to the coastal region. The Dervishes were finally defeated in 1920 by British airpower. Italy acquired full control of the northeastern and southern parts of the area after successfully waging the so-called Campaign of the Sultanates against the ruling Majeerteen Sultanate and Sultanate of Hobyo. Italian occupation lasted until 1941, yielding to British military administration. Northern Somalia would remain a protectorate, while southern Somalia became a United Nations Trusteeship under Italian administration in 1949. In 1960, the two regions united to form the independent Somali Republic under a civilian government. Mohamed Siad Barre seized power in 1969 and established the Somali Democratic Republic. In 1991, Barre's government collapsed as the Somali Civil War broke out. Various armed factions began competing for influence in the power vacuum, particularly in the south. During this period, due to the absence of a central government, Somalia was a \"failed state\", and residents returned to customary and religious law in most regions. A few autonomous regions, including the Somaliland, Puntland, and Galmudug administrations, emerged in the north. The early 2000s saw the creation of fledgling interim federal administrations. The Transitional National Government (TNG) was established in 2000, followed by the formation of the Transitional Federal Government (TFG) in 2004, which reestablished national institutions such as the military. In 2006, the TFG, assisted by Ethiopian troops, assumed control of most of the nation's southern conflict zones from the newly formed Islamic Courts Union (ICU). The ICU subsequently splintered into more radical groups such as Al-Shabaab, which battled the TFG and its AMISOM allies for control of the region. Due to the instability, violence, and protracted lack of a permanent central authority, Somalia also topped the Failed States Index (FSI) between 2008 and 2013. By mid-2012, the insurgents had lost most of the territory that they had seized. In 2011\u20132012, a political process providing benchmarks for the establishment of permanent democratic institutions was launched. Within this administrative framework a new provisional constitution was passed in August 2012, which reformed Somalia as a federation. Following the end of the TFG's interim mandate the same month, the Federal Government of Somalia, the first permanent central government in the country since the start of the civil war, was formed. A period of reconstruction began in Mogadishu. Through the years, Somalia has maintained an informal economy, mainly based on livestock, remittances from Somalis working abroad, and telecommunications.", "mentions": {"official_language": [{"start_char": 954, "end_char": 960, "uri": "http://www.wikidata.org/entity/Q13275"}, {"start_char": 954, "end_char": 960, "uri": "http://www.wikidata.org/entity/Q13275"}], "capital": [{"start_char": 4270, "end_char": 4279, "uri": "http://www.wikidata.org/entity/Q2449"}], "continent": [{"start_char": 290, "end_char": 296, "uri": "http://www.wikidata.org/entity/Q15"}, {"start_char": 290, "end_char": 296, "uri": "http://www.wikidata.org/entity/Q15"}, {"start_char": 290, "end_char": 296, "uri": "http://www.wikidata.org/entity/Q15"}, {"start_char": 290, "end_char": 296, "uri": "http://www.wikidata.org/entity/Q15"}, {"start_char": 290, "end_char": 296, "uri": "http://www.wikidata.org/entity/Q15"}]}, "mentions_same_attribute_class": {"official_language": [], "capital": [], "continent": []}}