{"id": "Q114", "text": "Kenya (/\u02c8k\u025bnj\u0259/; [\u02c8k\u025b\u0272a]), officially the Republic of Kenya, is a country in Africa and a founding member of the East African Community (EAC). Its capital and largest city is Nairobi. Kenya's territory lies on the equator and overlies the East African Rift covering a diverse and expansive terrain that extends roughly from Lake Victoria to Lake Turkana (formerly called Lake Rudolf) and further south-east to the Indian Ocean. It is bordered by Tanzania to the south, Uganda to the west, South Sudan to the north-west, Ethiopia to the north and Somalia to the north-east. Kenya covers 581,309 km2 (224,445 sq mi), and had a population of approximately 45 million people in July 2014. Kenya has a warm and humid tropical climate on its Indian Ocean coastline. The climate is cooler in the savannah grasslands around the capital city, Nairobi, and especially closer to Mount Kenya, which has snow permanently on its peaks. Further inland, in the Nyanza region, there is a hot and dry climate which becomes humid around Lake Victoria, the largest tropical fresh-water lake in the world. This gives way to temperate and forested hilly areas in the neighboring western region. The north-eastern regions along the border with Somalia and Ethiopia are arid and semi-arid areas with near-desert landscapes. Kenya is known for its safaris, diverse climate and geography, and expansive wildlife reserves and national parks such as the East and West Tsavo National Park, the Maasai Mara, Lake Nakuru National Park, and Aberdares National Park. Kenya has several world heritage sites such as Lamu and numerous beaches, including in Diani, Bamburi and Kilifi, where international yachting competitions are held every year. The African Great Lakes region, which Kenya is a part of, has been inhabited by humans since the Lower Paleolithic period. By the first millennium AD, the Bantu expansion had reached the area from West-Central Africa. The borders of the modern state consequently comprise the crossroads of the Niger-Congo, Nilo-Saharan and Afroasiatic areas of the continent, representing most major ethnolinguistic groups found in Africa. Bantu and Nilotic populations together constitute around 97% of the nation's residents. European and Arab presence in coastal Mombasa dates to the Early Modern period; European exploration of the interior began in the 19th century. The British Empire established the East Africa Protectorate in 1895, which starting in 1920 gave way to the Kenya Colony. Kenya obtained independence in December 1963. Following a referendum in August 2010 and adoption of a new constitution, Kenya is now divided into 47 semi-autonomous counties, governed by elected governors. The capital, Nairobi, is a regional commercial hub. The economy of Kenya is the largest by GDP in East and Central Africa. Agriculture is a major employer; the country traditionally exports tea and coffee and has more recently begun to export fresh flowers to Europe. The service industry is also a major economic driver. Additionally, Kenya is a member of the East African Community trading bloc. The Republic of Kenya is named after Mount Kenya. The origin of the name Kenya is not clear, but perhaps linked to the Kikuyu, Embu and Kamba words Kirinyaga, Kirenyaa and Kiinyaa which mean \"God's resting place\" in all three languages. If so, then the British may not so much have mispronounced it ('Keenya'), as misspelled it. Prehistoric volcanic eruptions of Mount Kenya (now extinct) may have resulted in its association with divinity and creation among the indigenous Bantu ethnic groups, who are the native inhabitants of the agricultural land surrounding Mount Kenya.[original research?] In the 19th century, the German explorer Johann Ludwig Krapf was staying with the Bantu Kamba people when he first spotted the mountain. On asking for the name of the mountain, he was told \"K\u0129-Nyaa\" or \"K\u0129\u0129ma- K\u0129\u0129nyaa\" probably because the pattern of black rock and white snow on its peaks reminded them of the feathers of the cock ostrich. The Agikuyu, who inhabit the slopes of Mt. Kenya, call it K\u0129r\u0129ma K\u0129r\u0129nyaga in Kikuyu, which is quite similar to the Kamba name. Ludwig Krapf recorded the name as both Kenia and Kegnia believed by most to be a corruption of the Kamba version. Others say that this was\u2014on the contrary\u2014a very precise notation of a correct African pronunciation /\u02c8k\u025bnj\u0259/. An 1882 map drawn by Joseph Thompsons, a Scottish geologist and naturalist, indicated Mt. Kenya as Mt. Kenia, 1862. Controversy over the actual meaning of the word Kenya notwithstanding, it is clear that the mountain's name became widely accepted, pars pro toto, as the name of the country.", "mentions": {"official_language": [], "capital": [{"start_char": 175, "end_char": 182, "uri": "http://www.wikidata.org/entity/Q3870"}, {"start_char": 834, "end_char": 841, "uri": "http://www.wikidata.org/entity/Q3870"}, {"start_char": 2708, "end_char": 2715, "uri": "http://www.wikidata.org/entity/Q3870"}], "continent": [{"start_char": 77, "end_char": 83, "uri": "http://www.wikidata.org/entity/Q15"}, {"start_char": 1921, "end_char": 1927, "uri": "http://www.wikidata.org/entity/Q15"}, {"start_char": 2127, "end_char": 2133, "uri": "http://www.wikidata.org/entity/Q15"}, {"start_char": 77, "end_char": 83, "uri": "http://www.wikidata.org/entity/Q15"}, {"start_char": 77, "end_char": 83, "uri": "http://www.wikidata.org/entity/Q15"}]}, "mentions_same_attribute_class": {"official_language": [], "capital": [], "continent": []}}