{"id": "Q1345964", "text": "The Gododdin ([\u0261o\u02c8do\u00f0in]) were a P-Celtic speaking Brittonic people of north-eastern Britannia, the area known as the Hen Ogledd or Old North (modern south-east Scotland and north-east England), in the sub-Roman period. Descendants of the Votadini, they are best known as the subject of the 6th-century Welsh poem Y Gododdin, which memorializes the Battle of Catraeth and is attributed to Aneirin. The name Gododdin is the Modern Welsh form, but the name appeared in Old Welsh as Guotodin and derived from the tribal name Votadini recorded in Classical sources, such as in Greek texts from the Roman period.", "mentions": {"official_language": [], "capital": [], "continent": []}, "mentions_same_attribute_class": {"official_language": [], "capital": [], "continent": []}}