{"id": "Q142", "text": "France (French: [f\u0281\u0251\u0303s]), officially the French Republic (French: R\u00e9publique fran\u00e7aise [\u0281epyblik f\u0281\u0251\u0303s\u025bz]), is a sovereign state comprising territory in western Europe and several overseas regions and territories. The European part of France, called metropolitan France, extends from the Mediterranean Sea to the English Channel and the North Sea, and from the Rhine to the Atlantic Ocean. France spans 643,801 square kilometres (248,573 sq mi) and has a total population of 66.6 million. It is a unitary semi-presidential republic with the capital in Paris, the country's largest city and main cultural and commercial centre. The Constitution of France establishes the state as secular and democratic, with its sovereignty derived from the people. During the Iron Age, what is now Metropolitan France was inhabited by the Gauls, a Celtic people. The Gauls were conquered in 51 BC by the Roman Empire, which held Gaul until 486. The Gallo-Romans faced raids and migration from the Germanic Franks, who dominated the region for hundreds of years, eventually creating the medieval Kingdom of France. France emerged as a major European power in the Late Middle Ages, with its victory in the Hundred Years' War (1337 to 1453) strengthening French state-building and paving the way for a future centralized absolute monarchy. During the Renaissance, France experienced a vast cultural development and established the beginning of a global colonial empire. The 16th century was dominated by religious civil wars between Catholics and Protestants (Huguenots). France became Europe's dominant cultural, political, and military power under Louis XIV. French philosophers played a key role in the Age of Enlightenment during the 18th century. In the late 18th century, the absolute monarchy was overthrown in the French Revolution. Among its legacies was the Declaration of the Rights of Man and of the Citizen, one of the earliest documents on human rights, which expresses the nation's ideals to this day. France became one of modern history's earliest republics until Napoleon took power and launched the First French Empire in 1804. Fighting against a complex set of coalitions during the Napoleonic Wars, he dominated European affairs for over a decade and had a long-lasting impact on Western culture. Following the collapse of the Empire, France endured a tumultuous succession of governments: the monarchy was restored, it was replaced in 1830 by a constitutional monarchy, then briefly by a Second Republic, and then by a Second Empire, until a more lasting French Third Republic was established in 1870. The French republic had tumultuous relationships with the Catholic Church from the dechristianization of France during the French Revolution to the 1905 law establishing la\u00efcit\u00e9. La\u00efcit\u00e9 is a strict but consensual form of secularism, which is nowadays an important federative principle in the modern French society. France reached its territorial height during the 19th and early 20th centuries, when it ultimately possessed the second-largest colonial empire in the world. In World War I, France was one of the main winners as part of the Triple Entente alliance fighting against the Central Powers. France was also one of the Allied Powers in World War II, but came under occupation by the Axis Powers in 1940. Following liberation in 1944, a Fourth Republic was established and later dissolved in the course of the Algerian War. The Fifth Republic, led by Charles de Gaulle, was formed in 1958 and remains to this day. Following World War II, most of the French colonial empire became decolonized. Throughout its long history, France has been a leading global center of culture, making significant contributions to art, science, and philosophy. It hosts Europe's third-largest number of cultural UNESCO World Heritage Sites (after Italy and Spain) and receives around 83 million foreign tourists annually, the most of any country in the world. France remains a great power with significant cultural, economic, military, and political influence. It is a developed country with the world's sixth-largest economy by nominal GDP and ninth-largest by purchasing power parity. According to Credit Suisse, France is the fourth wealthiest nation in the world in terms of aggregate household wealth. It also possesses the world's largest exclusive economic zone (EEZ), covering 11,691,000 square kilometres (4,514,000 sq mi). French citizens enjoy a high standard of living, and the country performs well in international rankings of education, health care, life expectancy, civil liberties, and human development. France is a founding member of the United Nations, where it serves as one of the five permanent members of the UN Security Council. It is a member of the Group of 7, North Atlantic Treaty Organization (NATO), Organisation for Economic Co-operation and Development (OECD), the World Trade Organization (WTO), and La Francophonie. France is a founding and leading member state of the European Union (EU).", "mentions": {"official_language": [{"start_char": 8, "end_char": 14, "uri": "http://www.wikidata.org/entity/Q150"}, {"start_char": 58, "end_char": 64, "uri": "http://www.wikidata.org/entity/Q150"}, {"start_char": 1642, "end_char": 1648, "uri": "http://www.wikidata.org/entity/Q150"}, {"start_char": 2608, "end_char": 2614, "uri": "http://www.wikidata.org/entity/Q150"}, {"start_char": 2904, "end_char": 2910, "uri": "http://www.wikidata.org/entity/Q150"}, {"start_char": 4424, "end_char": 4430, "uri": "http://www.wikidata.org/entity/Q150"}, {"start_char": 8, "end_char": 14, "uri": "http://www.wikidata.org/entity/Q150"}, {"start_char": 58, "end_char": 64, "uri": "http://www.wikidata.org/entity/Q150"}], "capital": [{"start_char": 552, "end_char": 557, "uri": "http://www.wikidata.org/entity/Q90"}, {"start_char": 552, "end_char": 557, "uri": "http://www.wikidata.org/entity/Q90"}, {"start_char": 552, "end_char": 557, "uri": "http://www.wikidata.org/entity/Q90"}], "continent": [{"start_char": 1567, "end_char": 1573, "uri": "http://www.wikidata.org/entity/Q46"}, {"start_char": 3761, "end_char": 3767, "uri": "http://www.wikidata.org/entity/Q46"}, {"start_char": 3761, "end_char": 3767, "uri": "http://www.wikidata.org/entity/Q46"}]}, "mentions_same_attribute_class": {"official_language": [], "capital": [], "continent": []}}