{"id": "Q148", "text": "China, officially the People's Republic of China (PRC), is a sovereign state in East Asia. It is the world's most populous country, with a population of over 1.35 billion. The PRC is a one-party state governed by the Communist Party, with its seat of government in the capital city of Beijing. It exercises jurisdiction over 22 provinces; five autonomous regions; four direct-controlled municipalities (Beijing, Tianjin, Shanghai and Chongqing); two mostly self-governing special administrative regions (Hong Kong and Macau); and claims sovereignty over Taiwan. Covering approximately 9.6 million square kilometers, China is the world's second-largest country by land area, and either the third or fourth-largest by total area, depending on the method of measurement. China's landscape is vast and diverse, ranging from forest steppes and the Gobi and Taklamakan deserts in the arid north to subtropical forests in the wetter south. The Himalaya, Karakoram, Pamir and Tian Shan mountain ranges separate China from South and Central Asia. The Yangtze and Yellow Rivers, the third- and sixth-longest in the world, run from the Tibetan Plateau to the densely populated eastern seaboard. China's coastline along the Pacific Ocean is 14,500 kilometres (9,000 mi) long, and is bounded by the Bohai, Yellow, East and South China Seas. China is a cradle of civilization, with its known history beginning with an ancient civilization \u2013 one of the world's earliest \u2013 that flourished in the fertile basin of the Yellow River in the North China Plain. For millennia, China's political system was based on hereditary monarchies known as dynasties. Since 221 BCE, when the Qin Dynasty first conquered several states to form a Chinese empire, the country has expanded, fractured and reformed numerous times. The Republic of China (ROC) replaced the last dynasty in 1912, and ruled the Chinese mainland until 1949, when it was defeated by the Communist Party of China in the Chinese Civil War. The Communist Party established the People's Republic of China in Beijing on 1 October 1949, while the ROC government relocated to Taiwan with its present capital in Taipei. Both the ROC and PRC continue to claim to be the legitimate government of all China. China had the largest economy in the world for most of the past two thousand years, during which it has seen cycles of prosperity and decline. Since the introduction of economic reforms in 1978, China has become one of the world's fastest-growing major economies. As of 2014, it is the world's second-largest economy by nominal total GDP and largest by purchasing power parity (PPP). China is also the world's largest exporter and second-largest importer of goods. China is a recognized nuclear weapons state and has the world's largest standing army and second-largest defence budget. The PRC has been a United Nations member since 1971, when it replaced the ROC as a permanent member of the U.N. Security Council. China is also a member of numerous formal and informal multilateral organizations, including the WTO, APEC, BRICS, the Shanghai Cooperation Organization (SCO), the BCIM and the G-20. China is a great power and a major regional power within Asia, and has been characterized as a potential superpower.", "mentions": {"official_language": [], "capital": [{"start_char": 285, "end_char": 292, "uri": "http://www.wikidata.org/entity/Q956"}, {"start_char": 403, "end_char": 410, "uri": "http://www.wikidata.org/entity/Q956"}, {"start_char": 2044, "end_char": 2051, "uri": "http://www.wikidata.org/entity/Q956"}, {"start_char": 285, "end_char": 292, "uri": "http://www.wikidata.org/entity/Q956"}, {"start_char": 403, "end_char": 410, "uri": "http://www.wikidata.org/entity/Q956"}, {"start_char": 285, "end_char": 292, "uri": "http://www.wikidata.org/entity/Q956"}], "continent": [{"start_char": 3193, "end_char": 3197, "uri": "http://www.wikidata.org/entity/Q48"}, {"start_char": 3193, "end_char": 3197, "uri": "http://www.wikidata.org/entity/Q48"}]}, "mentions_same_attribute_class": {"official_language": [], "capital": [], "continent": []}}