{"id": "Q183", "text": "Germany (/\u02c8d\u0292\u025c\u02d0rm\u0259ni/; German: Deutschland [\u02c8d\u0254\u028ft\u0283lant]), officially the Federal Republic of Germany (German: Bundesrepublik Deutschland, About this sound listen ), is a federal parliamentary republic in West-Central Europe. It includes 16 constituent states and covers an area of 357,021 square kilometres (137,847 sq mi) with a largely temperate seasonal climate. Its capital and largest city is Berlin. With about 81.5 million inhabitants, Germany is the most populous member state in the European Union. After the United States, it is the second most popular migration destination in the world. Various Germanic tribes have occupied northern Germany since classical antiquity. A region named Germania was documented before 100 AD. During the Migration Period the Germanic tribes expanded southward. Beginning in the 10th century, German territories formed a central part of the Holy Roman Empire. During the 16th century, northern German regions became the centre of the Protestant Reformation. The rise of Pan-Germanism inside the German Confederation resulted in the unification of many of the German states in 1871 into the Prussian-dominated German Empire. After World War I and the German Revolution of 1918\u20131919, the Empire was replaced by the parliamentary Weimar Republic. The establishment of the national socialist dictatorship in 1933 led to World War II and systematic genocide. After 1945, Germany split into two states, East Germany and West Germany. In 1990, the country was reunified. In the 21st century, Germany is a great power and has the world's fourth-largest economy by nominal GDP, as well as the fifth-largest by PPP. As a global leader in several industrial and technological sectors, it is both the world's third-largest exporter and importer of goods. Germany is a developed country with a very high standard of living sustained by a skilled and productive society. It upholds a social security and universal health care system, environmental protection and a tuition-free university education. Germany was a founding member of the European Union in 1993. It is part of the Schengen Area, and became a co-founder of the Eurozone in 1999. Germany is a member of the United Nations, NATO, the G8, the G20, and the OECD. The national military expenditure is the 9th highest in the world. Known for its rich cultural history, Germany has been continuously the home of influential artists, philosophers, musicians, sportsmen, entrepreneurs, scientists and inventors.", "mentions": {"official_language": [], "capital": [{"start_char": 398, "end_char": 404, "uri": "http://www.wikidata.org/entity/Q64"}], "continent": []}, "mentions_same_attribute_class": {"official_language": [], "capital": [], "continent": []}}