{"id": "Q191", "text": "Estonia (/\u025b\u02c8sto\u028ani\u0259/; Estonian: Eesti [\u02c8e\u02d0sti]), officially the Republic of Estonia (Estonian: Eesti Vabariik), is a country in the Baltic region of Northern Europe. It is bordered to the north by the Gulf of Finland, to the west by the Baltic Sea, to the south by Latvia (343 km), and to the east by Lake Peipus and Russia (338.6 km). Across the Baltic Sea lies Sweden in the west and Finland in the north. The territory of Estonia consists of a mainland and 2,222 islands and islets in the Baltic Sea, covering 45,339 km2 (17,505 sq mi) of land, and is influenced by a humid continental climate. Estonia is a democratic parliamentary republic divided into fifteen counties, with its capital and largest city being Tallinn. With a population of 1.3 million, it is one of the least-populous member states of the European Union, Eurozone, the North Atlantic Treaty Organisation, the OECD and the Schengen Area. Ethnic Estonians are Finnic people, and the official language, Estonian, is a Finno-Ugric language closely related to Finnish and the Sami languages, and distantly to Hungarian. A developed country with an advanced, high-income economy and high living standards, Estonia ranks very high in the Human Development Index, and performs favourably in measurements of economic freedom, civil liberties, education, and press freedom (third in the world in 2012). Estonia is often described as one of the most wired countries in Europe.", "mentions": {"official_language": [{"start_char": 22, "end_char": 30, "uri": "http://www.wikidata.org/entity/Q9072"}, {"start_char": 85, "end_char": 93, "uri": "http://www.wikidata.org/entity/Q9072"}, {"start_char": 973, "end_char": 981, "uri": "http://www.wikidata.org/entity/Q9072"}], "capital": [{"start_char": 716, "end_char": 723, "uri": "http://www.wikidata.org/entity/Q1770"}, {"start_char": 716, "end_char": 723, "uri": "http://www.wikidata.org/entity/Q1770"}, {"start_char": 716, "end_char": 723, "uri": "http://www.wikidata.org/entity/Q1770"}], "continent": [{"start_char": 1431, "end_char": 1437, "uri": "http://www.wikidata.org/entity/Q46"}, {"start_char": 1431, "end_char": 1437, "uri": "http://www.wikidata.org/entity/Q46"}]}, "mentions_same_attribute_class": {"official_language": [], "capital": [], "continent": []}}