{"id": "Q213", "text": "The Czech Republic (/\u02c8t\u0283\u025bk r\u1d7b\u02c8p\u028cbl\u026ak/ CHEK-r\u0259-PUB-lik; Czech: \u010cesk\u00e1 republika [\u02c8t\u0361\u0283\u025bska\u02d0 \u02c8r\u025bpu\u02ccbl\u026aka]) is a landlocked country in Central Europe bordered by Germany to the west, Austria to the south, Slovakia to the southeast and Poland to the northeast. The capital and largest city, Prague, has over 1.2 million residents. The Czech Republic includes the historical territories of Bohemia, Moravia, and Czech Silesia. The Czech state was formed in the late 9th century as the Duchy of Bohemia under the Great Moravian Empire. After the fall of the Empire in 907, the centre of power transferred from Moravia to Bohemia under the P\u0159emyslids. In 1004, the duchy was formally recognized as part of the Holy Roman Empire, becoming the Kingdom of Bohemia in 1212, and reaching its greatest territorial extent in the 14th century. The King of Bohemia ruled not only Bohemia itself, but also other lands, which together formed the so-called Crown of Bohemia, and he had a vote in the election of the Holy Roman Emperor. In the Hussite wars of the 15th century driven by the Bohemian Reformation, the kingdom faced economic embargoes and defeated five crusades proclaimed by the leaders of the Roman Catholic Church and organized mainly by the emperor and princes of the Holy Roman Empire. Following the Battle of Moh\u00e1cs in 1526, the whole Crown of Bohemia was gradually integrated into the Habsburg Monarchy alongside the Archduchy of Austria and the Kingdom of Hungary. The Protestant Bohemian Revolt (1618\u201320) against the Catholic Habsburgs led to the Thirty Years' War, after which the monarchy consolidated its rule, reimposed Catholicism, and adopted a policy of gradual Germanization. With the dissolution of the Holy Roman Empire in 1806, the Bohemian Kingdom became part of the Austrian Empire and the Czech language experienced a revival as a consequence of widespread romantic nationalism. In the 19th century, the Czech lands became the industrial powerhouse of the monarchy and were subsequently the core of the Republic of Czechoslovakia, which was formed in 1918 following the collapse of the Austro-Hungarian Empire after World War I. Czechoslovakia was occupied by Germany in World War II, and was liberated in 1945 by Soviet and American forces. Most of the German-speaking inhabitants were expelled after the war and thus the country lost its sizeable minority and its bilingual character. The Communist Party of Czechoslovakia won the 1946 elections. Following the 1948 coup d'\u00e9tat, Czechoslovakia became a one-party communist state under Soviet influence. In 1968, increasing dissatisfaction with the regime culminated in a reform movement known as the Prague Spring, which ended in a Soviet-led invasion. Czechoslovakia remained occupied until the 1989 Velvet Revolution, when the communist regime collapsed and a multiparty parliamentary republic was formed. On 1 January 1993, Czechoslovakia peacefully dissolved, with its constituent states becoming the independent states of the Czech Republic and Slovakia. The Czech Republic is a highly developed country with an advanced, high income economy and high living standards. The UNDP ranks the country 15th in inequality-adjusted human development. The Czech Republic also ranks as the 10th most peaceful country, while achieving strong performance in democratic governance. Its capital, Prague, has the lowest unemployment rate in the European Union. It is a member of the United Nations, the European Union, NATO, the OECD, the OSCE, and the Council of Europe.", "mentions": {"official_language": [{"start_char": 1805, "end_char": 1819, "uri": "http://www.wikidata.org/entity/Q9056"}], "capital": [{"start_char": 285, "end_char": 291, "uri": "http://www.wikidata.org/entity/Q1085"}, {"start_char": 3355, "end_char": 3361, "uri": "http://www.wikidata.org/entity/Q1085"}], "continent": []}, "mentions_same_attribute_class": {"official_language": [], "capital": [], "continent": []}}