{"id": "Q217", "text": "Moldova (/m\u0252l\u02c8do\u028av\u0259, m\u0254\u02d0l-/ or sometimes /\u02c8m\u0252ld\u0259v\u0259/. [mol\u02c8dova]), officially the Republic of Moldova (Romanian: Republica Moldova, About this sound listen ), is a landlocked country in Eastern Europe, bordered by Romania to the west and Ukraine to the north, east, and south. The capital city is Chi\u0219in\u0103u. Moldova declared independence on August 27, 1991 as part of the dissolution of the Soviet Union. The current Constitution of Moldova was adopted in 1994. A strip of Moldovan territory on the east bank of the river Dniester has been under the de facto control of the breakaway government of Transnistria since 1990. Due to a decrease in industrial and agricultural output following the dissolution of the Soviet Union, the service sector has grown to dominate Moldova's economy and currently composes over 60% of the nation's GDP. However, Moldova remains the poorest country in Europe. Moldova is a parliamentary republic with a president as head of state and a prime minister as head of government. It is a member state of the United Nations, the Council of Europe, the World Trade Organization (WTO), the Organization for Security and Cooperation in Europe (OSCE), the GUAM Organization for Democracy and Economic Development, the Commonwealth of Independent States (CIS) and the Organization of the Black Sea Economic Cooperation (BSEC) and aspires to join the European Union.", "mentions": {"official_language": [{"start_char": 102, "end_char": 110, "uri": "http://www.wikidata.org/entity/Q7913"}, {"start_char": 471, "end_char": 479, "uri": "http://www.wikidata.org/entity/Q36392"}, {"start_char": 102, "end_char": 110, "uri": "http://www.wikidata.org/entity/Q7913"}, {"start_char": 102, "end_char": 110, "uri": "http://www.wikidata.org/entity/Q7913"}], "capital": [], "continent": [{"start_char": 884, "end_char": 890, "uri": "http://www.wikidata.org/entity/Q46"}, {"start_char": 884, "end_char": 890, "uri": "http://www.wikidata.org/entity/Q46"}]}, "mentions_same_attribute_class": {"official_language": [], "capital": [], "continent": []}}