{"id": "Q218", "text": "Romania (/ro\u028a\u02c8me\u026ani\u0259/ roh-MAY-nee-\u0259; Romanian: Rom\u00e2nia [rom\u0268\u02c8ni.a]) is a republic in Southeast Europe, bordering the Black Sea, Bulgaria, Ukraine, Hungary, Serbia, and Moldova. It has an area of 238,391 square kilometres (92,043 sq mi) and a temperate-continental climate. With 19.94 million inhabitants, it is the seventh most populous member state of the European Union. Its capital and largest city, Bucharest, is the sixth largest city in the EU.The River Danube, Europe's second longest river, rises in Germany and flows southeastwards for a distance of 2,857 km, coursing through ten countries before emptying in Romania's Danube Delta. The Carpathian Mountains, with their tallest peak Moldoveanu at 2,544 m (8,346 ft), cross Romania from the north to the southwest. Modern Romania emerged within the territories of the ancient Roman province of Dacia, and was formed in 1859 through a personal union of the Danubian Principalities of Moldavia and Wallachia. The new state, officially named Romania since 1866, gained independence from the Ottoman Empire in 1877. At the end of World War I, Transylvania, Bukovina and Bessarabia united with the sovereign Kingdom of Romania. In World War II, Romania was an ally of Nazi Germany against the Soviet Union, fighting side by side with the Wehrmacht until 1944, then joined the Allied powers after being occupied by the Red Army forces. Romania lost several territories, of which Northern Transylvania was regained after the war. Following the war, Romania became a socialist republic and member of the Warsaw Pact. After the 1989 Revolution, Romania began a transition back towards democracy and a capitalist market economy. Following rapid economic growth in the 2000s, Romania has an economy predominantly based on services, and is a producer and net exporter of machines and electric energy, featuring companies like Automobile Dacia and OMV Petrom. It has been a member of NATO since 2004, and part of the European Union since 2007. Around 90% of the population identify themselves as Eastern Orthodox Christians, and are native speakers of Romanian, a Romance language. With a rich cultural history, Romania has been the home of influential artists, musicians, inventors and sportspeople, and features a variety of tourist attractions.", "mentions": {"official_language": [{"start_char": 37, "end_char": 45, "uri": "http://www.wikidata.org/entity/Q7913"}, {"start_char": 2098, "end_char": 2106, "uri": "http://www.wikidata.org/entity/Q7913"}, {"start_char": 37, "end_char": 45, "uri": "http://www.wikidata.org/entity/Q7913"}], "capital": [{"start_char": 403, "end_char": 412, "uri": "http://www.wikidata.org/entity/Q19660"}, {"start_char": 403, "end_char": 412, "uri": "http://www.wikidata.org/entity/Q19660"}, {"start_char": 403, "end_char": 412, "uri": "http://www.wikidata.org/entity/Q19660"}], "continent": []}, "mentions_same_attribute_class": {"official_language": [], "capital": [], "continent": []}}