{"id": "Q219", "text": "Bulgaria (/b\u028cl\u02c8\u0261\u025b\u0259ri\u0259/, /b\u028al\u02c8-/; Bulgarian: \u0411\u044a\u043b\u0433\u0430\u0440\u0438\u044f, tr. B\u01celgarija, [b\u0250\u026b\u02c8\u0261arij\u0250]), officially the Republic of Bulgaria (Bulgarian: \u0420\u0435\u043f\u0443\u0431\u043b\u0438\u043a\u0430 \u0411\u044a\u043b\u0433\u0430\u0440\u0438\u044f, tr. Republika B\u01celgarija), is a country in southeastern Europe. It is bordered by Romania to the north, Serbia and Macedonia to the west, Greece and Turkey to the south, and the Black Sea to the east. With a territory of 110,994 square kilometres (42,855 sq mi), Bulgaria is Europe's 16th-largest country. Organised prehistoric cultures began developing on Bulgarian lands during the Neolithic period. Its ancient history saw the presence of the Thracians, Greeks and Romans. The emergence of a unified Bulgarian state dates back to the establishment of the First Bulgarian Empire in 681 AD, which dominated most of the Balkans and functioned as a cultural hub for Slavs during the Middle Ages. With the downfall of the Second Bulgarian Empire in 1396, its territories came under Ottoman rule for nearly five centuries. The Russo-Turkish War (1877\u201378) led to the formation of the Third Bulgarian State. The following years saw several conflicts with its neighbours, which prompted Bulgaria to align with Germany in both world wars. In 1946 it became a one-party socialist state as part of the Soviet-led Eastern Bloc. In December 1989 the ruling Communist Party allowed multi-party elections, which subsequently led to Bulgaria's transition into a democracy and a market-based economy. Bulgaria's population of 7.4 million people is predominantly urbanised and mainly concentrated in the administrative centres of its 28 provinces. Most commercial and cultural activities are centred on the capital and largest city, Sofia. The strongest sectors of the economy are heavy industry, power engineering, and agriculture, all of which rely on local natural resources. The country's current political structure dates to the adoption of a democratic constitution in 1991. Bulgaria is a unitary parliamentary republic with a high degree of political, administrative, and economic centralisation. It is a member of the European Union, NATO, and the Council of Europe; a founding state of the Organization for Security and Co-operation in Europe (OSCE); and has taken a seat at the UN Security Council three times.", "mentions": {"official_language": [{"start_char": 33, "end_char": 42, "uri": "http://www.wikidata.org/entity/Q7918"}, {"start_char": 121, "end_char": 130, "uri": "http://www.wikidata.org/entity/Q7918"}, {"start_char": 508, "end_char": 517, "uri": "http://www.wikidata.org/entity/Q7918"}, {"start_char": 33, "end_char": 42, "uri": "http://www.wikidata.org/entity/Q7918"}, {"start_char": 121, "end_char": 130, "uri": "http://www.wikidata.org/entity/Q7918"}], "capital": [{"start_char": 1668, "end_char": 1673, "uri": "http://www.wikidata.org/entity/Q472"}], "continent": []}, "mentions_same_attribute_class": {"official_language": [], "capital": [], "continent": []}}