{"id": "Q222", "text": "Albania (/\u00e6l\u02c8be\u026ani\u0259/, al-BAY-nee-\u0259, or sometimes /\u0254\u02d0l\u02c8be\u026ani\u0259/, awl-BAY-nee-\u0259; Albanian: Shqip\u00ebri/Shqip\u00ebria; Gheg Albanian: Shqipni/Shqipnia, Shqypni/Shqypnia), officially known as the Republic of Albania (Albanian: Republika e Shqip\u00ebris\u00eb; [\u027e\u025bpu\u02c8blika \u025b \u0283cip\u0259\u02c8\u027ei\u02d0s]), is a country in Southeastern Europe. It is bordered by Montenegro to the northwest, Kosovo to the northeast, the Republic of Macedonia to the east, and Greece to the south and southeast. It has a coast on the Adriatic Sea to the west and on the Ionian Sea to the southwest. It is less than 72 km (45 mi) from Italy, across the Strait of Otranto which connects the Adriatic Sea to the Ionian Sea. The modern-day territory of Albania was at various points in history part of the Roman provinces of Dalmatia (southern Illyricum), Macedonia (particularly Epirus Nova), and Moesia Superior. The modern Republic became independent after the collapse of the Ottoman Empire in Europe following the Balkan Wars. Albania declared independence in 1912 and was recognized the following year. It then became a Principality, Republic, and Kingdom until being invaded by Italy in 1939, which formed Greater Albania. The latter eventually turned into a Nazi German protectorate in 1943. The following year, a socialist People's Republic was established under the leadership of Enver Hoxha and the Party of Labour. Albania experienced widespread social and political transformations during the communist era, as well as isolationism from much of the international community. In 1991, the Socialist Republic was dissolved and the Republic of Albania was established. Albania is a parliamentary republic. The country's capital, Tirana, represents its financial and industrial heartland, with a metropolitan population of almost 800,000 people out of around 2.9 million Albanians. Free-market reforms have opened the country to foreign investment, especially in the development of energy and transportation infrastructure. Albania has a high HDI and provides a universal health care system and free primary and secondary education. Albania is an upper-middle income economy with the service sector dominating the country's economy, followed by the industrial sector and agriculture. Albania is a member of the United Nations, NATO, the Organization for Security and Co-operation in Europe, the Council of Europe and the World Trade Organization. It is one of the founding members of the Energy Community, Organization of the Black Sea Economic Cooperation and the Union for the Mediterranean. It is also an official candidate for membership in the European Union.", "mentions": {"official_language": [{"start_char": 78, "end_char": 86, "uri": "http://www.wikidata.org/entity/Q8748"}, {"start_char": 205, "end_char": 213, "uri": "http://www.wikidata.org/entity/Q8748"}, {"start_char": 78, "end_char": 86, "uri": "http://www.wikidata.org/entity/Q8748"}, {"start_char": 205, "end_char": 213, "uri": "http://www.wikidata.org/entity/Q8748"}, {"start_char": 78, "end_char": 86, "uri": "http://www.wikidata.org/entity/Q8748"}, {"start_char": 205, "end_char": 213, "uri": "http://www.wikidata.org/entity/Q8748"}], "capital": [{"start_char": 1676, "end_char": 1682, "uri": "http://www.wikidata.org/entity/Q19689"}], "continent": [{"start_char": 936, "end_char": 942, "uri": "http://www.wikidata.org/entity/Q46"}]}, "mentions_same_attribute_class": {"official_language": [], "capital": [], "continent": []}}