{"id": "Q228", "text": "Andorra (/\u00e6n\u02c8d\u0254\u02d0r\u0259/; [\u0259n\u02c8dor\u0259], [an\u02c8d\u0254ra]), officially the Principality of Andorra (Catalan: Principat d'Andorra), also called the Principality of the Valleys of Andorra (Catalan: Principat de les Valls d'Andorra), is a sovereign landlocked microstate in Southwestern Europe, located in the eastern Pyrenees mountains and bordered by Spain and France. Created under a charter in A.D. 988, the present Principality was formed in A.D. 1278. It is known as a principality as it is a monarchy headed by two Co-Princes \u2013 the Spanish/Roman Catholic Bishop of Urgell and the President of France. Andorra is the sixth-smallest nation in Europe, having an area of 468 km2 (181 sq mi) and a population of approximately 85,000. Its capital Andorra la Vella is the highest capital city in Europe, at an elevation of 1,023 metres (3,356 ft) above sea level. The official language is Catalan, although Spanish, Portuguese, and French are also commonly spoken. Andorra's tourism services an estimated 10.2 million visitors annually. It is not a member of the European Union, but the euro is the de facto currency. It has been a member of the United Nations since 1993. In 2013, the people of Andorra had the highest life expectancy in the world at 81 years, according to The Lancet.", "mentions": {"official_language": [{"start_char": 84, "end_char": 91, "uri": "http://www.wikidata.org/entity/Q7026"}, {"start_char": 171, "end_char": 178, "uri": "http://www.wikidata.org/entity/Q7026"}, {"start_char": 870, "end_char": 877, "uri": "http://www.wikidata.org/entity/Q7026"}, {"start_char": 84, "end_char": 91, "uri": "http://www.wikidata.org/entity/Q7026"}, {"start_char": 171, "end_char": 178, "uri": "http://www.wikidata.org/entity/Q7026"}, {"start_char": 84, "end_char": 91, "uri": "http://www.wikidata.org/entity/Q7026"}, {"start_char": 171, "end_char": 178, "uri": "http://www.wikidata.org/entity/Q7026"}, {"start_char": 84, "end_char": 91, "uri": "http://www.wikidata.org/entity/Q7026"}, {"start_char": 171, "end_char": 178, "uri": "http://www.wikidata.org/entity/Q7026"}], "capital": [{"start_char": 729, "end_char": 745, "uri": "http://www.wikidata.org/entity/Q1863"}], "continent": [{"start_char": 777, "end_char": 783, "uri": "http://www.wikidata.org/entity/Q46"}]}, "mentions_same_attribute_class": {"official_language": [], "capital": [], "continent": []}}