{"id": "Q229", "text": "Cyprus (/\u02c8sa\u026apr\u0259s/; Greek: \u039a\u03cd\u03c0\u03c1\u03bf\u03c2 [\u02c8cipros]; Turkish: K\u0131br\u0131s [\u02c8k\u026fb\u027e\u026fs]), officially the Republic of Cyprus (Greek: \u039a\u03c5\u03c0\u03c1\u03b9\u03b1\u03ba\u03ae \u0394\u03b7\u03bc\u03bf\u03ba\u03c1\u03b1\u03c4\u03af\u03b1; Turkish: K\u0131br\u0131s Cumhuriyeti), is an island country in the Eastern Mediterranean Sea, off the coasts of Syria and Turkey. Cyprus is the third largest and third most populous island in the Mediterranean, and a member state of the European Union. It is located south of Turkey, west of Syria and Lebanon, northwest of Israel, north of Egypt and east of Greece. The earliest known human activity on the island dates to around the 10th millennium BC. Archaeological remains from this period include the well-preserved Neolithic village of Khirokitia, and Cyprus is home to some of the oldest water wells in the world. Cyprus was settled by Mycenaean Greeks in two waves in the 2nd millennium BC. As a strategic location in the Middle East, it was subsequently occupied by several major powers, including the empires of the Assyrians, Egyptians and Persians, from whom the island was seized in 333 BC by Alexander the Great. Subsequent rule by Ptolemaic Egypt, the Classical and Eastern Roman Empire, Arab caliphates for a short period, the French Lusignan dynasty and the Venetians, was followed by over three centuries of Ottoman rule between 1571 and 1878 (de jure until 1914). Cyprus was placed under British administration in 1878 and formally annexed by Britain in 1914. Even though Turkish Cypriots made up only 18% of the population, the partition of Cyprus and creation of a Turkish state in the north became a policy of Turkish Cypriot leaders and Turkey in the 1950s. Turkish leaders for a period advocated the annexation of Cyprus to Turkey as Cyprus was considered an \"extension of Anatolia\" by them; while since the 19th century, the majority Greek Cypriot population and its Orthodox church had been pursuing union with Greece, which became a Greek national policy in the 1950s. Following nationalist violence in the 1950s, Cyprus was granted independence in 1960. In 1963, the 11-year intercommunal violence between Greek Cypriots and Turkish Cypriots started, which displaced more than 25,000 Turkish Cypriots and brought the end of Turkish Cypriot representation in the republic. On 15 July 1974, a coup d'\u00e9tat was staged by Greek Cypriot nationalists and elements of the Greek military junta in an attempt at enosis, the incorporation of Cyprus into Greece. This action precipitated the Turkish invasion of Cyprus, which led to the capture of the present-day territory of Northern Cyprus the following month, after a ceasefire collapsed, and the displacement of over 150,000 Greek Cypriots and 50,000 Turkish Cypriots. A separate Turkish Cypriot state in the north was established in 1983. These events and the resulting political situation are matters of a continuing dispute. The Republic of Cyprus has de jure sovereignty over the island of Cyprus and its surrounding waters, according to international law, except for the British Overseas Territory of Akrotiri and Dhekelia, administered as Sovereign Base Areas. However, the Republic of Cyprus is de facto partitioned into two main parts; the area under the effective control of the Republic, comprising about 59% of the island's area, and the north, administered by the self-declared Turkish Republic of Northern Cyprus, which is recognised only by Turkey, covering about 36% of the island's area. The international community considers the northern part of the island as territory of the Republic of Cyprus occupied by Turkish forces. The occupation is viewed as illegal under international law, amounting to illegal occupation of EU territory since Cyprus became a member of the European Union. Cyprus is a major tourist destination in the Mediterranean. With an advanced, high-income economy and a very high Human Development Index, the Republic of Cyprus is a member of the Commonwealth since 1961 and was a founding member of the Non-Aligned Movement until it joined the European Union on 1 May 2004. On 1 January 2008, the Republic of Cyprus joined the eurozone.", "mentions": {"official_language": [{"start_char": 45, "end_char": 52, "uri": "http://www.wikidata.org/entity/Q256"}, {"start_char": 136, "end_char": 143, "uri": "http://www.wikidata.org/entity/Q256"}, {"start_char": 1514, "end_char": 1521, "uri": "http://www.wikidata.org/entity/Q256"}, {"start_char": 1609, "end_char": 1616, "uri": "http://www.wikidata.org/entity/Q256"}, {"start_char": 3524, "end_char": 3531, "uri": "http://www.wikidata.org/entity/Q256"}, {"start_char": 45, "end_char": 52, "uri": "http://www.wikidata.org/entity/Q256"}, {"start_char": 136, "end_char": 143, "uri": "http://www.wikidata.org/entity/Q256"}, {"start_char": 45, "end_char": 52, "uri": "http://www.wikidata.org/entity/Q256"}, {"start_char": 136, "end_char": 143, "uri": "http://www.wikidata.org/entity/Q256"}], "capital": [], "continent": []}, "mentions_same_attribute_class": {"official_language": [], "capital": [], "continent": []}}