{"id": "Q236", "text": "Montenegro (/\u02ccm\u0252nt\u1d7b\u02c8ne\u026a\u0261ro\u028a/ MON-t\u0259n-AYG-roh or /\u02ccm\u0252nt\u1d7b\u02c8ni\u02d0\u0261ro\u028a/ MON-t\u0259n-EEG-roh or /\u02ccm\u0252nt\u1d7b\u02c8n\u025b\u0261ro\u028a/ MON-t\u0259n-EG-roh; Montenegrin: Crna Gora / \u0426\u0440\u043d\u0430 \u0413\u043e\u0440\u0430 [t\u0361sr\u0329\u0302\u02d0na\u02d0 \u0261\u0254\u030cra], meaning \"Black Mountain\") is a sovereign state in Southeastern Europe. It has a coast on the Adriatic Sea to the south-west and is bordered by Croatia to the west, Bosnia and Herzegovina to the northwest, Serbia to the northeast, and Albania to the south-east. Its capital and largest city is Podgorica, while Cetinje is designated as the Prijestonica, meaning the former Royal Capital City. In the 9th century, there were three principalities on the territory of Montenegro: Duklja, roughly corresponding to the southern half, Travunia, the west, and Rascia, the north. In 1042, archon Stefan Vojislav led a revolt that resulted in the independence of Duklja and the establishment of the Vojislavljevi\u0107 dynasty. Duklja reached its zenith under Vojislav's son, Mihailo (1046\u201381), and his grandson Bodin (1081\u20131101). By the 13th century, Zeta had replaced Duklja when referring to the realm. In the late 14th century, southern Montenegro (Zeta) came under the rule of the Bal\u0161i\u0107 noble family, then the Crnojevi\u0107 noble family, and by the 15th century, Zeta was more often referred to as Crna Gora (Venetian: monte negro). Large portions fell under the control of the Ottoman Empire from 1496 to 1878. Parts were controlled by Venice. From 1515 until 1851 the prince-bishops (vladikas) of Cetinje were the rulers. The House of Petrovi\u0107-Njego\u0161 ruled until 1918. From 1918, it was a part of Yugoslavia. On the basis of an independence referendum held on 21 May 2006, Montenegro declared independence on 3 June of that year. Classified by the World Bank as an upper middle-income country, Montenegro is a member of the UN, the World Trade Organization, the Organization for Security and Co-operation in Europe, the Council of Europe, the Central European Free Trade Agreement and a founding member of the Union for the Mediterranean. Montenegro is also a candidate negotiating to join the European Union and NATO. On 2 December 2015 Montenegro received an official invitation to join NATO, whereby it would be the 29th member country. This invitation was meant to start final accession talks.", "mentions": {"official_language": [{"start_char": 116, "end_char": 127, "uri": "http://www.wikidata.org/entity/Q8821"}, {"start_char": 116, "end_char": 127, "uri": "http://www.wikidata.org/entity/Q8821"}, {"start_char": 116, "end_char": 127, "uri": "http://www.wikidata.org/entity/Q8821"}], "capital": [{"start_char": 464, "end_char": 473, "uri": "http://www.wikidata.org/entity/Q23564"}], "continent": []}, "mentions_same_attribute_class": {"official_language": [], "capital": [], "continent": []}}