{"id": "Q237", "text": "Vatican City (/\u02c8v\u00e6t\u1d7bk\u0259n \u02c8s\u026ati/; Italian: Citt\u00e0 del Vaticano [t\u0283it\u02c8ta del vati\u02c8ka\u02d0no]; Latin: Civitas Vaticana), officially the Vatican City State (Italian: Stato della Citt\u00e0 del Vaticano; Latin: Status Civitatis Vaticanae), is a walled enclave within the city of Rome. With an area of approximately 44 hectares (110 acres), and a population of 842, it is the smallest state in the world by both area and population. It is an ecclesiastical or sacerdotal-monarchical state ruled by the Bishop of Rome \u2013 the Pope. The highest state functionaries are all Catholic clergy of various national origins. Since the return of the Popes from Avignon in 1377, they have generally resided at the Apostolic Palace within what is now Vatican City, although at times residing instead in the Quirinal Palace in Rome or elsewhere. Vatican City is distinct from the Holy See (Latin: Sancta Sedes), which dates back to early Christianity and is the main episcopal see of 1.2 billion Latin and Eastern Catholic adherents around the globe. The independent city-state, on the other hand, came into existence in 1929 by the Lateran Treaty between the Holy See and Italy, which spoke of it as a new creation, not as a vestige of the much larger Papal States (756\u20131870), which had previously encompassed much of central Italy. According to the terms of the treaty, the Holy See has \"full ownership, exclusive dominion, and sovereign authority and jurisdiction\" over the city-state. Within Vatican City are religious and cultural sites such as St. Peter's Basilica, the Sistine Chapel and the Vatican Museums. They feature some of the world's most famous paintings and sculptures. The unique economy of Vatican City is supported financially by the sale of postage stamps and tourist mementos, fees for admission to museums, and the sale of publications.", "mentions": {"official_language": [{"start_char": 32, "end_char": 39, "uri": "http://www.wikidata.org/entity/Q652"}, {"start_char": 147, "end_char": 154, "uri": "http://www.wikidata.org/entity/Q652"}, {"start_char": 32, "end_char": 39, "uri": "http://www.wikidata.org/entity/Q652"}, {"start_char": 147, "end_char": 154, "uri": "http://www.wikidata.org/entity/Q652"}, {"start_char": 32, "end_char": 39, "uri": "http://www.wikidata.org/entity/Q652"}, {"start_char": 147, "end_char": 154, "uri": "http://www.wikidata.org/entity/Q652"}, {"start_char": 32, "end_char": 39, "uri": "http://www.wikidata.org/entity/Q652"}, {"start_char": 147, "end_char": 154, "uri": "http://www.wikidata.org/entity/Q652"}, {"start_char": 32, "end_char": 39, "uri": "http://www.wikidata.org/entity/Q652"}, {"start_char": 147, "end_char": 154, "uri": "http://www.wikidata.org/entity/Q652"}], "capital": [], "continent": []}, "mentions_same_attribute_class": {"official_language": [], "capital": [], "continent": []}}