{"id": "Q238", "text": "San Marino (/s\u00e6n m\u0259\u02c8ri\u02d0no\u028a/; [sam ma\u02c8ri\u02d0no]), officially the Republic of San Marino (Italian: Repubblica di San Marino), also known as the Most Serene Republic of San Marino (Italian: Serenissima Repubblica di San Marino), is an enclaved microstate surrounded by Italy, situated on the Italian Peninsula on the northeastern side of the Apennine Mountains. Its size is just over 61 km2 (24 sq mi) and has an estimated population of about 32,000. Its capital is the City of San Marino and its largest city is Dogana. San Marino has the smallest population of all the members of the Council of Europe. San Marino claims to be the oldest surviving sovereign state and constitutional republic in the world, as the continuation of the monastic community founded on 3 September 301, by stonecutter Marinus of Arba. Legend has it that Marinus left Rab, then the Roman colony of Arba, in 257 when the future emperor Diocletian issued a decree calling for the reconstruction of the city walls of Rimini, which had been destroyed by Liburnian pirates. San Marino is governed by the Constitution of San Marino (Leges Statutae Republicae Sancti Marini), a series of six books written in Latin in the late 16th century, that dictate the country\u2019s political system, among other matters. The country is considered to have the earliest written governing documents (constitution) still in effect. The country's economy mainly relies on finance, industry, services and tourism. Despite having an extremely small economy for a nation state, it is one of the wealthiest countries in the world in terms of GDP (per capita), with a figure comparable to the most developed European regions. San Marino is considered to have a highly stable economy, with one of the lowest unemployment rates in Europe, no national debt and a budget surplus. It is the only country with more vehicles than people.", "mentions": {"official_language": [{"start_char": 85, "end_char": 92, "uri": "http://www.wikidata.org/entity/Q652"}, {"start_char": 175, "end_char": 182, "uri": "http://www.wikidata.org/entity/Q652"}], "capital": [], "continent": [{"start_char": 591, "end_char": 597, "uri": "http://www.wikidata.org/entity/Q46"}]}, "mentions_same_attribute_class": {"official_language": [], "capital": [], "continent": []}}