{"id": "Q242", "text": "Belize (/b\u0259\u02c8li\u02d0z/) is a country on the eastern coast of Central America. It is the only country in Central America whose official language is English, though Belizean Creole (Kriol) and Spanish are also commonly spoken. Belize is bordered on the north by Mexico, on the south and west by Guatemala, and on the east by the Caribbean Sea. Its mainland is about 290 km (180 mi) long and 110 km (68 mi) wide. With 22,800 square kilometres (8,800 sq mi) of land and as of 2015 a population of 347,369, Belize has the lowest population density in Central America. The country's population growth rate of 1.87% per year (2015) is the second highest in the region and one of the highest in the Western Hemisphere. Belize's abundance of terrestrial and marine species and its diversity of ecosystems give it a key place in the globally significant Mesoamerican Biological Corridor. Belize has a diverse society, composed of many cultures and languages that reflect its rich history. Belize is considered a Central American and Caribbean nation with strong ties to both the Latin American and Caribbean regions. It is a member of the Caribbean Community (CARICOM), the Community of Latin American and Caribbean States (CELAC), and the Central American Integration System (SICA), the only country to hold full membership in all three regional organisations. Belize is a Commonwealth realm, with Queen Elizabeth II as its monarch and head of state. Belize is known for its September Celebrations, its extensive coral reefs, and punta music.", "mentions": {"official_language": [{"start_char": 142, "end_char": 149, "uri": "http://www.wikidata.org/entity/Q1860"}, {"start_char": 142, "end_char": 149, "uri": "http://www.wikidata.org/entity/Q1860"}, {"start_char": 142, "end_char": 149, "uri": "http://www.wikidata.org/entity/Q1860"}], "capital": [], "continent": []}, "mentions_same_attribute_class": {"official_language": [], "capital": [], "continent": []}}