{"id": "Q258", "text": "South Africa, officially the Republic of South Africa, is the southernmost sovereign state in Africa. It is bounded on the south by 2,798 kilometers of coastline of Southern Africa stretching along the South Atlantic and Indian Oceans, on the north by the neighbouring countries of Namibia, Botswana and Zimbabwe, and on the east by Mozambique and Swaziland, and surrounding the kingdom of Lesotho. South Africa is the 25th-largest country in the world by land area, and with close to 53 million people, is the world's 24th-most populous nation. It is the southernmost country on the mainland of the Old World or the Eastern Hemisphere. South Africa is a multiethnic society encompassing a wide variety of cultures, languages, and religions. Its pluralistic makeup is reflected in the constitution's recognition of 11 official languages, which is among the highest number of any country in the world. Two of these languages are of European origin: Afrikaans developed from Dutch and serves as the first language of most white and coloured South Africans; English reflects the legacy of British colonialism, and is commonly used in public and commercial life, though it is fourth-ranked as a spoken first language. The country is one of the few in Africa never to have had a coup d'\u00e9tat, and regular elections have been held for almost a century. However, the vast majority of black South Africans were not enfranchised until 1994. During the 20th century, the black majority sought to recover its rights from the dominant white minority, with this struggle playing a large role in the country's recent history and politics. The National Party imposed apartheid in 1948, institutionalizing previous racial segregation. After a long and sometimes violent struggle by the African National Congress and other anti-apartheid activists both inside and outside the country, discriminatory laws began to be repealed or abolished from 1990 onwards. About 80 percent of South Africans are of Sub-Saharan African ancestry, divided among a variety of ethnic groups speaking different Bantu languages, nine of which have official status. The remaining population consists of Africa's largest communities of European (white), Asian (Indian), and multiracial (coloured) ancestry. Since 1994, all ethnic and linguistic groups have had political representation in the country's democracy, which comprises a parliamentary republic and nine provinces. South Africa is often referred to as the \"Rainbow Nation\" to describe the country's newly developing multicultural diversity in the wake of segregationist apartheid ideology. South Africa is ranked as an upper-middle income economy by the World Bank, and is considered to be a newly industrialised country. Its economy is the second-largest in Africa, and the 34th-largest in the world. In terms of purchasing power parity, South Africa has the seventh-highest per capita income in Africa. However, poverty and inequality remain widespread, with about a quarter of the population unemployed and living on less than US$1.25 a day. Nevertheless, South Africa has been identified as a middle power in international affairs, and maintains significant regional influence.", "mentions": {"official_language": [{"start_char": 948, "end_char": 957, "uri": "http://www.wikidata.org/entity/Q14196"}, {"start_char": 1055, "end_char": 1062, "uri": "http://www.wikidata.org/entity/Q1860"}], "capital": [], "continent": [{"start_char": 94, "end_char": 100, "uri": "http://www.wikidata.org/entity/Q15"}, {"start_char": 1247, "end_char": 1253, "uri": "http://www.wikidata.org/entity/Q15"}, {"start_char": 2162, "end_char": 2168, "uri": "http://www.wikidata.org/entity/Q15"}, {"start_char": 2777, "end_char": 2783, "uri": "http://www.wikidata.org/entity/Q15"}, {"start_char": 2915, "end_char": 2921, "uri": "http://www.wikidata.org/entity/Q15"}, {"start_char": 94, "end_char": 100, "uri": "http://www.wikidata.org/entity/Q15"}, {"start_char": 94, "end_char": 100, "uri": "http://www.wikidata.org/entity/Q15"}, {"start_char": 2915, "end_char": 2921, "uri": "http://www.wikidata.org/entity/Q15"}]}, "mentions_same_attribute_class": {"official_language": [], "capital": [], "continent": []}}