{"id": "Q27", "text": "Ireland (/\u02c8a\u026a\u0259rl\u0259nd/; Irish: \u00c9ire [\u02c8e\u02d0\u027e\u02b2\u0259]), also known as the Republic of Ireland (Poblacht na h\u00c9ireann), is a sovereign state in north-western Europe occupying about five-sixths of the island of Ireland. The capital and largest city is Dublin, which is located on the eastern part of the island, and whose metropolitan area is home to around a third of the country's 4.6 million inhabitants. The state shares its only land border with Northern Ireland, a part of the United Kingdom. It is otherwise surrounded by the Atlantic Ocean, with the Celtic Sea to the south, Saint George's Channel to the south-east and the Irish Sea to the east. It is a unitary, parliamentary republic. The Oireachtas (legislature) consists of a lower house, D\u00e1il \u00c9ireann (House of Representatives, lit. 'Assembly of Ireland'), an upper house, Seanad \u00c9ireann (Senate of Ireland), and an elected President (Uachtar\u00e1n) who serves as the largely ceremonial head of state, but with some important powers and duties. The head of government is the Taoiseach (Prime Minister, literally 'Chief', a title not used in English), who is elected by the D\u00e1il and appointed by the President, and appoints other government ministers. The state was created as the Irish Free State in 1922 as a result of the Anglo-Irish Treaty. It had the status of dominion until 1937 when a new constitution was adopted, in which the state was named \"Ireland\" and effectively became a republic, with an elected non-executive president as head of state. It was officially declared a republic in 1949, following the Republic of Ireland Act 1948. Ireland became a member of the United Nations in December 1955. It joined the European Economic Community (EEC), the predecessor of the European Union, in 1973. The state had no formal relations with Northern Ireland for most of the twentieth century, but during the 1980s and 1990s the British and Irish governments worked with the Northern Ireland parties towards a resolution to \"the Troubles\". Since the signing of the Good Friday Agreement in 1998, the Irish government and Northern Ireland Executive have co-operated on a number of policy areas under the North-South Ministerial Council created by the Agreement. Ireland ranks among the top twenty-five wealthiest countries in the world in terms of GDP per capita. After joining the EEC, Ireland enacted a series of liberal economic policies that resulted in rapid economic growth. The country achieved considerable prosperity from 1995 to 2007, during which it became known as the Celtic Tiger. This was halted by an unprecedented financial crisis that began in 2008, in conjunction with the concurrent global economic crash. In 2015, Ireland was ranked as the joint sixth (with Germany) most developed country in the world by the United Nations Human Development Index. It also performs well in several metrics of national performance, including freedom of the press, economic freedom and civil liberties. Ireland is a member of the European Union and is a founding member of the Council of Europe and the OECD. The Irish government has followed a policy of military neutrality through non-alignment since immediately prior to World War II and the country is consequently not a member of NATO, although it is a member in Partnership for Peace.", "mentions": {"official_language": [{"start_char": 22, "end_char": 27, "uri": "http://www.wikidata.org/entity/Q9142"}, {"start_char": 1087, "end_char": 1094, "uri": "http://www.wikidata.org/entity/Q1860"}, {"start_char": 1890, "end_char": 1895, "uri": "http://www.wikidata.org/entity/Q9142"}, {"start_char": 22, "end_char": 27, "uri": "http://www.wikidata.org/entity/Q9142"}, {"start_char": 22, "end_char": 27, "uri": "http://www.wikidata.org/entity/Q9142"}, {"start_char": 22, "end_char": 27, "uri": "http://www.wikidata.org/entity/Q9142"}], "capital": [], "continent": []}, "mentions_same_attribute_class": {"official_language": [], "capital": [], "continent": []}}