{"id": "Q29", "text": "Spain (/\u02c8spe\u026an/; Spanish: Espa\u00f1a [es\u02c8pa\u0272a]), officially the Kingdom of Spain (Spanish: Reino de Espa\u00f1a), is a sovereign state largely located on the Iberian Peninsula in southwestern Europe, with archipelagos in the Atlantic Ocean and Mediterranean Sea, and several small territories on and near the north African coast. Its mainland is bordered to the south and east by the Mediterranean Sea except for a small land boundary with Gibraltar; to the north and northeast by France, Andorra, and the Bay of Biscay; and to the west and northwest by Portugal and the Atlantic Ocean. Along with France and Morocco, it is one of only three countries to have both Atlantic and Mediterranean coastlines. Extending to 1,214 km (754 mi), the Portugal\u2013Spain border is the longest uninterrupted border within the European Union. Spanish territory includes two archipelagos: the Balearic Islands, in the Mediterranean Sea, and the Canary Islands, in the Atlantic Ocean off the African coast. It also includes two major exclaves, Ceuta and Melilla, in continental North Africa; and the islands and pe\u00f1ones (rocks) of Albor\u00e1n, Alhucemas, Chafarinas and V\u00e9lez de la Gomera. With an area of 505,990 km2 (195,360 sq mi), Spain is the second largest country in Western Europe and the European Union, and the fourth largest country in Europe. By population, Spain is the sixth largest in Europe and the fifth in the European Union. Modern humans first arrived in the Iberian Peninsula around 35,000 years ago. Iberian cultures along with ancient Phoenician, Greek and Carthaginian settlements developed on the peninsula until it came under Roman rule around 200 BCE, after which the region was named Hispania. In the Middle Ages, the area was conquered by Germanic tribes and later by the Moors. Spain emerged as a unified country in the 15th century, following the marriage of the Catholic Monarchs and the completion of the centuries-long reconquest, or Reconquista, of the peninsula from the Moors in 1492. In the early modern period, Spain became one of history's first global colonial empires, leaving a vast cultural and linguistic legacy that includes over 500 million Spanish speakers, making Spanish the world's second most spoken first language, after Chinese and before English. Spain is a democracy organised in the form of a parliamentary government under a constitutional monarchy. It is a middle power and a developed country with the world's fourteenth largest economy by nominal GDP and sixteenth largest by purchasing power parity. It is a member of the United Nations (UN), the European Union (EU), the Council of Europe (CoE), the Organization of Ibero-American States (OEI), the North Atlantic Treaty Organization (NATO), the Organisation for Economic Co-operation and Development (OECD), the World Trade Organization (WTO) and many other international organisations.", "mentions": {"official_language": [{"start_char": 17, "end_char": 24, "uri": "http://www.wikidata.org/entity/Q1321"}, {"start_char": 78, "end_char": 85, "uri": "http://www.wikidata.org/entity/Q1321"}, {"start_char": 816, "end_char": 823, "uri": "http://www.wikidata.org/entity/Q1321"}, {"start_char": 2155, "end_char": 2162, "uri": "http://www.wikidata.org/entity/Q1321"}, {"start_char": 2180, "end_char": 2187, "uri": "http://www.wikidata.org/entity/Q1321"}], "capital": [], "continent": []}, "mentions_same_attribute_class": {"official_language": [], "capital": [], "continent": []}}