{"id": "Q298", "text": "Chile (/\u02c8t\u0283\u026ali/; [\u02c8t\u0283ile]), officially the Republic of Chile (Spanish: About this sound Rep\u00fablica de Chile ), is a South American country occupying a long, narrow strip of land between the Andes to the east and the Pacific Ocean to the west. It borders Peru to the north, Bolivia to the northeast, Argentina to the east, and the Drake Passage in the far south. Chilean territory includes the Pacific islands of Juan Fern\u00e1ndez, Salas y G\u00f3mez, Desventuradas, and Easter Island in Oceania. Chile also claims about 1,250,000 square kilometres (480,000 sq mi) of Antarctica, although all claims are suspended under the Antarctic Treaty. The arid Atacama Desert in northern Chile contains great mineral wealth, principally copper. The relatively small central area dominates in terms of population and agricultural resources, and is the cultural and political center from which Chile expanded in the late 19th century when it incorporated its northern and southern regions. Southern Chile is rich in forests and grazing lands, and features a string of volcanoes and lakes. The southern coast is a labyrinth of fjords, inlets, canals, twisting peninsulas, and islands. Spain conquered and colonised Chile in the mid-16th century, replacing Inca rule in northern and central Chile, but failing to conquer the independent Mapuche that inhabited south-central Chile. After declaring its independence from Spain in 1818, Chile emerged in the 1830s as a relatively stable authoritarian republic. In the 19th century, Chile saw significant economic and territorial growth, ending Mapuche resistance in the 1880s and gaining its current northern territory in the War of the Pacific (1879\u201383) after defeating Peru and Bolivia. In the late 1960s and early 1970s, the country experienced severe left-right political polarization and turmoil. This development culminated with the 1973 Chilean coup d'\u00e9tat that overthrew Salvador Allende's democratically-elected left-wing government and instituted a brutal 16-year-long right-wing military dictatorship that left more than 3,000 people dead or missing. The regime headed by Augusto Pinochet ended in 1990 after it lost a referendum in 1988 and was succeeded by a centre-left coalition which ruled through four presidencies until 2010. Chile is today one of South America's most stable and prosperous nations. It leads Latin American nations in rankings of human development, competitiveness, income per capita, globalization, state of peace, economic freedom, and low perception of corruption. It also ranks high regionally in sustainability of the state, and democratic development. Chile is a founding member of the United Nations, the Union of South American Nations and the Community of Latin American and Caribbean States.", "mentions": {"official_language": [{"start_char": 62, "end_char": 69, "uri": "http://www.wikidata.org/entity/Q1321"}, {"start_char": 62, "end_char": 69, "uri": "http://www.wikidata.org/entity/Q1321"}, {"start_char": 62, "end_char": 69, "uri": "http://www.wikidata.org/entity/Q1321"}, {"start_char": 62, "end_char": 69, "uri": "http://www.wikidata.org/entity/Q1321"}], "capital": [], "continent": [{"start_char": 2289, "end_char": 2302, "uri": "http://www.wikidata.org/entity/Q18"}, {"start_char": 2289, "end_char": 2302, "uri": "http://www.wikidata.org/entity/Q18"}]}, "mentions_same_attribute_class": {"official_language": [], "capital": [], "continent": []}}