{"id": "Q29999", "text": "The Kingdom of the Netherlands (Dutch: Koninkrijk der Nederlanden; [\u02c8ko\u02d0n\u026a\u014bkr\u025bi\u0261 d\u025br \u02c8ne\u02d0d\u0259rl\u0251nd\u0259(n)]; Papiamento: Reino Hulandes), commonly known as the Netherlands, is a sovereign state and constitutional monarchy with territory in western Europe and in the Caribbean. The four parts of the Kingdom \u2013 Aruba, Cura\u00e7ao, Sint Maarten and the Netherlands \u2013 are constituent countries (landen in Dutch) and participate on a basis of equality as partners in the Kingdom. In practice, however, most of the Kingdom affairs are administered by the Netherlands \u2013 which comprises roughly 98% of the Kingdom's land area and population \u2013 on behalf of the entire Kingdom. Consequently, the countries of Aruba, Cura\u00e7ao, and Sint Maarten are dependent on the Netherlands for matters like foreign policy and defence, although they are autonomous to a certain degree with their own parliaments. The vast majority in land area of the constituent country of the Netherlands (as well as the Kingdom) is located in Europe, with the exception of the Caribbean Netherlands: its three special municipalities (Bonaire, Saba, and Sint Eustatius) that are located in the Caribbean. The constituent countries of Aruba, Cura\u00e7ao, and Sint Maarten are located in the Caribbean as well.", "mentions": {"official_language": [{"start_char": 32, "end_char": 37, "uri": "http://www.wikidata.org/entity/Q7411"}, {"start_char": 391, "end_char": 396, "uri": "http://www.wikidata.org/entity/Q7411"}, {"start_char": 32, "end_char": 37, "uri": "http://www.wikidata.org/entity/Q7411"}, {"start_char": 32, "end_char": 37, "uri": "http://www.wikidata.org/entity/Q7411"}, {"start_char": 32, "end_char": 37, "uri": "http://www.wikidata.org/entity/Q7411"}, {"start_char": 391, "end_char": 396, "uri": "http://www.wikidata.org/entity/Q7411"}, {"start_char": 391, "end_char": 396, "uri": "http://www.wikidata.org/entity/Q7411"}], "capital": [], "continent": []}, "mentions_same_attribute_class": {"official_language": [], "capital": [], "continent": []}}