{"id": "Q34", "text": "Sweden (/\u02c8swi\u02d0d\u0259n/ SWEE-d\u0259n; Swedish: Sverige [\u02c8sv\u00e6\u02d0rj\u0259] About this sound listen ), officially the Kingdom of Sweden (Swedish: About this sound Konungariket Sverige ), is a Scandinavian country in Northern Europe. It borders Norway to the west and Finland to the east, and is connected to Denmark in the southwest by a bridge-tunnel across the \u00d6resund. At 450,295 square kilometres (173,860 sq mi), Sweden is the third-largest country in the European Union by area, with a total population of over 9.8 million. Sweden consequently has a low population density of 21 inhabitants per square kilometre (54/sq mi), with the highest concentration in the southern half of the country. Approximately 85% of the population lives in urban areas. Southern Sweden is predominantly agricultural, while the north is heavily forested. Sweden is part of the geographical area of Fennoscandia. The climate is in general very mild for its northerly latitude due to significant maritime influence, that in spite of this still retains warm continental summers. Germanic peoples have inhabited Sweden since prehistoric times, emerging into history as the Geats/G\u00f6tar and Swedes/Svear and constituting the sea peoples known as the Norsemen. Sweden emerged as an independent and unified country during the Middle Ages. In the 17th century, it expanded its territories to form the Swedish Empire, which became one of the great powers of Europe until the early 18th century. Swedish territories outside the Scandinavian Peninsula were gradually lost during the 18th and 19th centuries, beginning with the annexation of present-day Finland by Russia in 1809. The last war in which Sweden was directly involved was in 1814, when Norway was militarily forced into personal union. Since then, Sweden has been at peace, maintaining an official policy of neutrality in foreign affairs. The union with Norway was peacefully dissolved in 1905, leading to Sweden's current borders. Though it was formally neutral through both world wars, Sweden engaged in humanitarian efforts, such as taking in refugees from German-occupied Europe. After the end of the Cold War, Sweden joined the European Union on 1 January 1995, but declined NATO membership. Today, Sweden is a constitutional monarchy and a parliamentary democracy, with the Monarch as the head of state. The capital city is Stockholm, which is also the most populous city in the country. Legislative power is vested in the 349-member unicameral Riksdag. Executive power is exercised by the Government, chaired by the Prime Minister. Sweden is a unitary state, currently divided into 21 counties and 290 municipalities. Sweden maintains a Nordic social welfare system that provides universal health care and tertiary education for its citizens. It has the world's eighth-highest per capita income and ranks highly in numerous metrics of national performance, including quality of life, health, education, protection of civil liberties, economic competitiveness, equality, prosperity and human development. Sweden has been a member of the European Union since 1 January 1995, but declined Eurozone membership following a referendum. It is also a member of the United Nations, the Nordic Council, Council of Europe, the World Trade Organization and the Organisation for Economic Co-operation and Development (OECD).", "mentions": {"official_language": [{"start_char": 29, "end_char": 36, "uri": "http://www.wikidata.org/entity/Q9027"}, {"start_char": 118, "end_char": 125, "uri": "http://www.wikidata.org/entity/Q9027"}, {"start_char": 1451, "end_char": 1458, "uri": "http://www.wikidata.org/entity/Q9027"}, {"start_char": 29, "end_char": 36, "uri": "http://www.wikidata.org/entity/Q9027"}, {"start_char": 118, "end_char": 125, "uri": "http://www.wikidata.org/entity/Q9027"}, {"start_char": 29, "end_char": 36, "uri": "http://www.wikidata.org/entity/Q9027"}, {"start_char": 118, "end_char": 125, "uri": "http://www.wikidata.org/entity/Q9027"}], "capital": [{"start_char": 2347, "end_char": 2356, "uri": "http://www.wikidata.org/entity/Q1754"}], "continent": [{"start_char": 1414, "end_char": 1420, "uri": "http://www.wikidata.org/entity/Q46"}]}, "mentions_same_attribute_class": {"official_language": [], "capital": [], "continent": []}}