{"id": "Q35", "text": "Denmark (/\u02c8d\u025bnm\u0251\u02d0rk/; Danish: Danmark [\u02c8d\u0325\u00e6nm\u0251\u0261\u030a]), officially the Kingdom of Denmark is a Scandinavian country in the European Union. The southernmost of the Nordic countries, it is southwest of Sweden and south of Norway, and bordered to the south by Germany. The country is a sovereign state that comprises Denmark proper and two autonomous constituent countries in the North Atlantic Ocean: the Faroe Islands and Greenland. Denmark proper has an area of 42,924 square kilometres (16,573 sq mi), and a population of 5,707,251 in January 2016. The country consists of a peninsula \u2013 Jutland \u2013 and an archipelago of 443 named islands, of which around 70 are inhabited. The islands are characterised by flat, arable land and sandy coasts, low elevation and a temperate climate. The unified kingdom of Denmark emerged in the 8th century as a proficient seafaring nation in the struggle for control of the Baltic Sea. Danish monarchs ruled the personal Kalmar Union, established in 1397 (of Denmark, Norway and Sweden), which ended with Swedish secession in 1523. Denmark and Norway remained under the same king until the union was dissolved by outside forces in 1814. Caused by the Black Death, the deterioration of the Kingdom of Norway made it possible for Denmark to inherit an expansive colonial empire from this union, of which the Faroe Islands and Greenland are remnants. Beginning in the 17th century, there were several cessions of territory; these culminated in the 1830s with a surge of nationalist movements, which were defeated in the 1864 Second Schleswig War. Denmark remained neutral during World War I. In April 1940, a German invasion saw brief military skirmishes while the Danish resistance movement was active from 1943 until the German surrender in May 1945. An industrialized exporter of agricultural produce in the second half of the 19th century, Denmark introduced social and labour-market reforms in the early 20th century that created the basis for the present welfare state model with a highly developed mixed economy. The Constitution of Denmark was signed on 5 June 1849, ending the absolute monarchy which had begun in 1660. It establishes a constitutional monarchy\u2014the current monarch is Queen Margrethe II\u2014organised as a parliamentary democracy. The government and national parliament are seated in Copenhagen, the nation's capital, largest city and main commercial centre. Denmark exercises hegemonic influence in the Danish Realm, devolving powers to handle internal affairs. Denmark became a member of the European Economic Community in 1973, maintaining certain opt-outs; it retains its own currency, the krone. It is among the founding members of NATO, the Nordic Council, the OECD, OSCE, and the United Nations; it is also part of the Schengen Area. Danes enjoy a high standard of living and the country ranks highly in some metrics of national performance, including education, health care, protection of civil liberties, democratic governance, prosperity and human development. Denmark is frequently ranked as one of the happiest countries in the world in cross-national studies of happiness. The country ranks as having the world's highest social mobility, a high level of income equality, has one of the world's highest per capita incomes, the least corrupt country in the world, and has one of the world's highest personal income tax rates. A large majority of Danes are members of the National Church, though the Constitution guarantees freedom of religion.", "mentions": {"official_language": [{"start_char": 22, "end_char": 28, "uri": "http://www.wikidata.org/entity/Q9035"}, {"start_char": 22, "end_char": 28, "uri": "http://www.wikidata.org/entity/Q9035"}, {"start_char": 22, "end_char": 28, "uri": "http://www.wikidata.org/entity/Q9035"}], "capital": [{"start_char": 2331, "end_char": 2341, "uri": "http://www.wikidata.org/entity/Q1748"}], "continent": []}, "mentions_same_attribute_class": {"official_language": [], "capital": [], "continent": []}}