{"id": "Q39", "text": "Switzerland (/\u02c8sw\u026ats\u0259rl\u0259nd/), officially the Swiss Confederation (Latin: Confoederatio Helvetica, hence its abbreviation CH), is a country in Europe. While still named the \"Swiss Confederation\" for historical reasons, modern Switzerland is a federal directorial republic consisting of 26 cantons, with Bern as the seat of the federal authorities, called Bundesstadt (\"federal city\"). The country is situated in Western and Central Europe, and is bordered by Italy to the south, France to the west, Germany to the north, and Austria and Liechtenstein to the east. Switzerland is a landlocked country geographically divided between the Alps, the Swiss Plateau and the Jura, spanning an area of 41,285 km2 (15,940 sq mi). While the Alps occupy the greater part of the territory, the Swiss population of approximately 8 million people is concentrated mostly on the Plateau, where the largest cities are to be found: among them are the two global and economic centres, Z\u00fcrich and Geneva. The establishment of the Swiss Confederation is traditionally dated to 1 August 1291, which is celebrated annually as the Swiss National Day. The country has a long history of armed neutrality\u2014it has not been in a state of war internationally since 1815\u2014and did not join the United Nations until 2002. Nevertheless, it pursues an active foreign policy and is frequently involved in peace-building processes around the world. In addition to being the birthplace of the Red Cross, Switzerland is home to numerous international organizations, including the second largest UN office. On the European level, it is a founding member of the European Free Trade Association, but notably it is not part of the European Union, nor the European Economic Area. However the country does participate in the Schengen Area and the EU's single market through a number of bilateral treaties. Straddling the intersection of Germanic and Romance Europe, Switzerland comprises four main linguistic and cultural regions: German, French, Italian and Romansh. Therefore, the Swiss, although predominantly German-speaking, do not form a nation in the sense of a common ethnicity or language; rather, Switzerland's strong sense of identity and community is founded on a common historical background, shared values such as federalism and direct democracy, and Alpine symbolism. Due to its linguistic diversity, Switzerland is known by a variety of native names: Schweiz [\u02c8\u0283va\u026ats] (German); Suisse [s\u0265is(\u0259)] (French); Svizzera [\u02c8zvittsera] (Italian); and Svizra [\u02c8\u0292vi\u02d0tsr\u0250] or [\u02c8\u0292vi\u02d0ts\u0281\u02d0\u0250] (Romansh). Switzerland is one of the richest and wealthiest countries in the world. Switzerland ranks top or close to the top in several metrics of national performance, including government transparency, civil liberties, quality of life, economic competitiveness, and human development. It has the highest nominal wealth (financial and non-financial assets) per adult in the world according to Credit Suisse and the eighth-highest per capita gross domestic product on the IMF list. Z\u00fcrich and Geneva have each been ranked among the top cities with the highest quality of life in the world, with the former ranked 2nd globally, according to Mercer.", "mentions": {"official_language": [{"start_char": 1990, "end_char": 1996, "uri": "http://www.wikidata.org/entity/Q150"}, {"start_char": 1998, "end_char": 2005, "uri": "http://www.wikidata.org/entity/Q652"}, {"start_char": 2464, "end_char": 2470, "uri": "http://www.wikidata.org/entity/Q150"}, {"start_char": 2496, "end_char": 2503, "uri": "http://www.wikidata.org/entity/Q652"}, {"start_char": 2464, "end_char": 2470, "uri": "http://www.wikidata.org/entity/Q150"}, {"start_char": 2496, "end_char": 2503, "uri": "http://www.wikidata.org/entity/Q652"}], "capital": [], "continent": []}, "mentions_same_attribute_class": {"official_language": [], "capital": [], "continent": []}}