{"id": "Q398", "text": "Bahrain (/b\u0251\u02d0\u02c8re\u026an/; Arabic: \u0627\u0644\u0628\u062d\u0631\u064a\u0646 About this sound al-Ba\u1e25rayn), officially the Kingdom of Bahrain (Arabic: \u0645\u0645\u0644\u0643\u0629 \u0627\u0644\u0628\u062d\u0631\u064a\u0646 About this sound Mamlakat al-Ba\u1e25rayn), is a small island country situated near the western shores of the Persian Gulf in the Middle East. It is an archipelago with Bahrain Island, the largest land mass, at 55 km (34 mi) long by 18 km (11 mi) wide. Saudi Arabia lies to the west and is connected to Bahrain by the King Fahd Causeway while Iran lies 200 km (124 mi) to the north across the Persian Gulf. The peninsula of Qatar is to the southeast across the Gulf of Bahrain. The population in 2010 stood at 1,234,571, including 666,172 non-nationals. Bahrain is the site of the ancient Dilmun civilisation. It has been famed since antiquity for its pearl fisheries, which were considered the best in the world into the 19th century. Bahrain was one of the earliest areas to convert to Islam (AD 628). Following a period of Arab rule, Bahrain was occupied by the Portuguese in 1521, who in turn were expelled in 1602 by Shah Abbas I of the Safavid dynasty under the Persian Empire. In 1783, the Bani Utbah clan captured Bahrain from Nasr Al-Madhkur and it has since been ruled by the Al Khalifa royal family, with Ahmed al Fateh as Bahrain's first hakim. In the late 1800s, following successive treaties with the British, Bahrain became a protectorate of the United Kingdom. In 1971, Bahrain declared independence. Formerly a state, Bahrain was declared a Kingdom in 2002. Since early 2011, the country has experienced sustained protests and unrest inspired by the regional Arab Spring, particularly by the majority Shia population. Bahrain had the first post-oil economy in the Persian Gulf. Since the late 20th century, Bahrain has invested in the banking and tourism sectors. The country's capital, Manama, is home to many large financial structures. Bahrain has a high Human Development Index and was recognised by the World Bank as a high income economy.", "mentions": {"official_language": [], "capital": [{"start_char": 1823, "end_char": 1829, "uri": "http://www.wikidata.org/entity/Q3882"}], "continent": []}, "mentions_same_attribute_class": {"official_language": [], "capital": [], "continent": []}}