{"id": "Q399", "text": "Armenia (/\u0251\u02d0r\u02c8mi\u02d0ni\u0259/, /-\u02c8mi\u02d0nj\u0259/; Armenian: \u0540\u0561\u0575\u0561\u057d\u057f\u0561\u0576, tr. Hayastan, [h\u0251j\u0251s\u02c8t\u0251n]), officially the Republic of Armenia (Armenian: \u0540\u0561\u0575\u0561\u057d\u057f\u0561\u0576\u056b \u0540\u0561\u0576\u0580\u0561\u057a\u0565\u057f\u0578\u0582\u0569\u0575\u0578\u0582\u0576, tr. Hayastani Hanrapetut\u2019yun), is a sovereign state in the South Caucasus region of Eurasia. Located in Western Asia, it is bordered by Turkey to the west, Georgia to the north, the de facto independent Nagorno-Karabakh Republic and Azerbaijan to the east, and Iran and the Azerbaijani exclave of Nakhchivan to the south. Armenia is a unitary, multi-party, democratic nation-state with an ancient cultural heritage. The Kingdom of Van was established in 860 BC and by the 6th century BC it was replaced by the Satrapy of Armenia. In the 1st century BC the Kingdom of Armenia reached its height under Tigranes the Great. Armenia became the first state in the world to adopt Christianity as its official religion. In between the late 3rd century to early years of the 4th century, the state became the first Christian nation. The official date of state adoption of Christianity is 301 AD. The ancient Armenian kingdom was split between the Byzantine and Sasanid empires around the early 5th century. Under the Bagratuni dynasty, the Armenian Kingdom was restored in the 9th century. Declining due to the wars against the Byzantines, the kingdom fell in 1045 and Armenia was soon after invaded by the Seljuk Turks. An Armenian principality and later a kingdom Cilician Armenia was located on the coast of the Mediterranean Sea between the 11th and 14th centuries. Between the 16th century and 19th century, the traditional Armenian homeland composed of Eastern Armenia and Western Armenia came under the rule of the Ottoman and successive Iranian empires, repeatedly ruled by either of the two over the centuries. By the 19th century, Eastern Armenia had been conquered by the Russian Empire, while most of the western parts of the traditional Armenian homeland remained under Ottoman rule. During World War I, Armenians living in their ancestral lands in the Ottoman Empire were systematically exterminated in the Armenian Genocide. In 1918, after the Russian Revolution, all non-Russian countries declared their independence from the Russian empire, leading to the establishment of the First Republic of Armenia. By 1920, the state was incorporated into the Transcaucasian Socialist Federative Soviet Republic, and in 1922 became a founding member of the Soviet Union. In 1936, the Transcaucasian state was dissolved, transforming its constituent states, including the Armenian Soviet Socialist Republic, into full Union republics. The modern Republic of Armenia became independent in 1991 during the dissolution of the Soviet Union. The Republic of Armenia recognizes the Armenian Apostolic Church, the world's oldest national church, as the country's primary religious establishment. The unique Armenian alphabet was invented by Mesrop Mashtots in 405 AD. Armenia is a member of the Eurasian Economic Union, the Council of Europe and the Collective Security Treaty Organization. Armenia supports the de facto independent Nagorno-Karabakh Republic, which was proclaimed in 1991.", "mentions": {"official_language": [{"start_char": 35, "end_char": 43, "uri": "http://www.wikidata.org/entity/Q8785"}, {"start_char": 119, "end_char": 127, "uri": "http://www.wikidata.org/entity/Q8785"}, {"start_char": 1055, "end_char": 1063, "uri": "http://www.wikidata.org/entity/Q8785"}, {"start_char": 1187, "end_char": 1195, "uri": "http://www.wikidata.org/entity/Q8785"}, {"start_char": 1371, "end_char": 1379, "uri": "http://www.wikidata.org/entity/Q8785"}, {"start_char": 1576, "end_char": 1584, "uri": "http://www.wikidata.org/entity/Q8785"}, {"start_char": 1897, "end_char": 1905, "uri": "http://www.wikidata.org/entity/Q8785"}, {"start_char": 35, "end_char": 43, "uri": "http://www.wikidata.org/entity/Q8785"}, {"start_char": 119, "end_char": 127, "uri": "http://www.wikidata.org/entity/Q8785"}], "capital": [], "continent": []}, "mentions_same_attribute_class": {"official_language": [], "capital": [], "continent": []}}