{"id": "Q403", "text": "Serbia (/\u02c8s\u025c\u02d0rbi\u0259/, Serbian: \u0421\u0440\u0431\u0438\u0458\u0430 / Srbija, [s\u0159\u0329bija]), officially the Republic of Serbia (Serbian: \u0420\u0435\u043f\u0443\u0431\u043b\u0438\u043a\u0430 \u0421\u0440\u0431\u0438\u0458\u0430 / Republika Srbija), is a sovereign state situated at the crossroads between Central and Southeast Europe, covering the southern part of the Pannonian Plain and the central Balkans. Serbia is landlocked and borders Hungary to the north; Romania and Bulgaria to the east; Macedonia to the south; and Croatia, Bosnia, and Montenegro to the west; it also claims a border with Albania through the disputed territory of Kosovo. The capital of Serbia, Belgrade, is one of the largest cities in Southeast Europe. Serbia numbers around 7 million residents. Following the Slavic migrations to the Balkans from the 6th century onwards, Serbs established several states in the early Middle Ages. The Serbian Kingdom obtained recognition by Rome and Constantinople in 1217; it reached its peak in 1346 as a relatively short-lived Serbian Empire. By the mid-16th century, the entire territory of modern-day Serbia was annexed by the Ottoman Empire, at times interrupted by the Habsburgs. In the early 19th century, the Serbian Revolution established the nation-state as the region's first constitutional monarchy, which subsequently expanded its territory. Following disastrous casualties in World War I, and subsequent unification of Habsburg crownland of Vojvodina with Serbia, the country co-founded Yugoslavia with other South Slavic peoples, which would exist in various political formations until the Yugoslav Wars of the 1990s, which had devastating effects for the region. As a result, Serbia formed a union with Montenegro in 1992, which broke apart in 2006, when Serbia again became an independent country. In 2008 the parliament of Kosovo, Serbia's southern province with an Albanian ethnic majority, declared independence, with mixed responses from the international community. Serbia is a member of the UN, CoE, OSCE, PfP, BSEC, and CEFTA. As a membership candidate, Serbia is currently negotiating its EU accession. The country is acceding to the WTO and is a militarily neutral state. Serbia is an upper-middle income economy with dominant service sector, followed by the industrial sector and agriculture. The country ranks high in Social Progress Index (45th) as well as Global Peace Index (46th), relatively high in Human Development Index (66th). and an economically moderately free country (77th).", "mentions": {"official_language": [{"start_char": 20, "end_char": 27, "uri": "http://www.wikidata.org/entity/Q9299"}, {"start_char": 93, "end_char": 100, "uri": "http://www.wikidata.org/entity/Q9299"}, {"start_char": 20, "end_char": 27, "uri": "http://www.wikidata.org/entity/Q9299"}, {"start_char": 93, "end_char": 100, "uri": "http://www.wikidata.org/entity/Q9299"}, {"start_char": 20, "end_char": 27, "uri": "http://www.wikidata.org/entity/Q9299"}, {"start_char": 93, "end_char": 100, "uri": "http://www.wikidata.org/entity/Q9299"}], "capital": [{"start_char": 565, "end_char": 573, "uri": "http://www.wikidata.org/entity/Q3711"}, {"start_char": 565, "end_char": 573, "uri": "http://www.wikidata.org/entity/Q3711"}, {"start_char": 565, "end_char": 573, "uri": "http://www.wikidata.org/entity/Q3711"}], "continent": []}, "mentions_same_attribute_class": {"official_language": [], "capital": [], "continent": []}}