{"id": "Q41", "text": "Greece (/\u0261ri\u02d0s/ GREESS; Greek: \u0395\u03bb\u03bb\u03ac\u03b4\u03b1, Ell\u00e1da [e\u02c8la\u00f0a]), officially the Hellenic Republic (Greek: \u0395\u03bb\u03bb\u03b7\u03bd\u03b9\u03ba\u03ae \u0394\u03b7\u03bc\u03bf\u03ba\u03c1\u03b1\u03c4\u03af\u03b1, Ell\u012bnik\u012b\u0301 D\u012bmokrat\u00eda [elini\u02c8ci \u00f0imokra\u02c8ti.a]) and known since ancient times as Hellas (/\u02c8h\u025bl\u0259s/; Greek: \u0395\u03bb\u03bb\u03ac\u03c2, Ell\u00e1s), is a country located in southeastern Europe. According to the 2011 census, Greece's population is around 10.8 million. Athens is the nation's capital and largest city, followed by Thessaloniki, which is commonly referred to as the co-capital. Greece is strategically located at the crossroads of Europe, Asia, and Africa. Situated on the southern tip of the Balkan peninsula, it shares land borders with Albania to the northwest, the Republic of Macedonia and Bulgaria to the north and Turkey to the northeast. Greece consists of nine geographic regions: Macedonia, Central Greece, the Peloponnese, Thessaly, Epirus, the Aegean Islands (including the Dodecanese and Cyclades), Thrace, Crete, and the Ionian Islands. The Aegean Sea lies to the east of the mainland, the Ionian Sea to the west, and the Mediterranean Sea to the south. Greece has the longest coastline on the Mediterranean Basin and the 11th longest coastline in the world at 13,676 km (8,498 mi) in length, featuring a vast number of islands, of which 227 are inhabited. Eighty percent of Greece is mountainous, with Mount Olympus being the highest peak at 2,918 metres (9,573 ft). Greece has one of the longest histories of any country, and is considered the cradle of Western civilization, and as such, is the birthplace of democracy, Western philosophy, the Olympic Games, Western literature, historiography, political science, major scientific and mathematical principles, and Western drama, including both tragedy and comedy. Greece was first unified under Philip of Macedon in the fourth century BC. His son Alexander the Great rapidly conquered much of the ancient world, spreading Greek culture and science from the eastern Mediterranean to the Indus River. Annexed by Rome in the second century BC, Greece became an integral part of the Roman Empire and its successor, the Byzantine Empire. The first century AD saw the establishment of the Greek Orthodox Church, which shaped the modern Greek identity and transmitted Greek traditions to the wider Orthodox World. Falling under Ottoman dominion in the mid-15th century, the modern nation state of Greece emerged in 1830 following the war of independence. Greece's rich historical legacy is reflected in large part by its 17 UNESCO World Heritage Sites, among the most in Europe and the world. Greece is a democratic and developed country with an advanced high-income economy, a high quality of life and a very high standard of living. A founding member of the United Nations, Greece was the tenth member to join the European Communities (precursor to the European Union) and has been part of the Eurozone since 2001. It is also a member of numerous other international institutions, including the Council of Europe, NATO, OECD, OIF, OSCE and the WTO. Greece, which is one of the world's largest shipping powers, middle powers and top tourist destinations, has the largest economy in the Balkans, where it is an important regional investor.", "mentions": {"official_language": [], "capital": [{"start_char": 357, "end_char": 363, "uri": "http://www.wikidata.org/entity/Q1524"}], "continent": [{"start_char": 534, "end_char": 540, "uri": "http://www.wikidata.org/entity/Q46"}, {"start_char": 2534, "end_char": 2540, "uri": "http://www.wikidata.org/entity/Q46"}]}, "mentions_same_attribute_class": {"official_language": [], "capital": [], "continent": []}}