{"id": "Q423", "text": "North Korea (About this sound listen), officially the Democratic People's Republic of Korea (DPRK; Chos\u014fn'g\u016dl: \uc870\uc120\ubbfc\uc8fc\uc8fc\uc758\uc778\ubbfc\uacf5\ud654\uad6d; hancha: \u671d\u9bae\u6c11\u4e3b\u4e3b\u7fa9\u4eba\u6c11\u5171\u548c\u570b; MR: Chos\u014fn Minjuju\u016di Inmin Konghwaguk), is a country in East Asia, in the northern part of the Korean Peninsula. The name Korea is derived from the Kingdom of Goguryeo, also spelled as Kory\u014f. The capital and largest city is Pyongyang. North Korea shares a land border with China to the north and northwest, along the Amnok (Yalu) and Tumen rivers, and a small section of the Tumen River also forms a border with Russia to the northeast. The Korean Demilitarized Zone marks the boundary between North Korea and South Korea. Korea was annexed by the Empire of Japan in 1910. After the Japanese surrender at the end of World War II in 1945, Korea was divided into two zones by the United States and the Soviet Union, with the north occupied by the Soviets and the south by the Americans. Negotiations on reunification failed, and in 1948 two separate governments were formed: the Democratic People's Republic of Korea in the north, and the Republic of Korea in the south. An invasion initiated by North Korea led to the Korean War (1950\u201353). Although the Korean Armistice Agreement brought about a ceasefire, no official peace treaty was ever signed. Both states were accepted into the United Nations in 1991. The DPRK officially describes itself as a self-reliant socialist state and holds elections. However, critics regard it as a totalitarian dictatorship. Various outlets have called it Stalinist, particularly noting the elaborate cult of personality around Kim Il-sung and his family. International organizations have also assessed human rights violations in North Korea as belonging to a category of their own, with no parallel in the contemporary world. The Workers' Party of Korea, led by a member of the ruling family, holds power in the state and leads the Democratic Front for the Reunification of the Fatherland of which all political officers are required to be members. Over time North Korea has gradually distanced itself from the world communist movement. Juche, an ideology of national self-reliance, was introduced into the constitution as a \"creative application of Marxism\u2013Leninism\" in 1972. The means of production are owned by the state through state-run enterprises and collectivized farms. Most services such as healthcare, education, housing and food production are subsidized or state-funded. In the late 1990s, North Korea suffered from a famine that resulted in the deaths of hundreds of thousands of civilians. North Korea continues to struggle with food production to this day. North Korea follows Songun, or \"military-first\" policy. It is the country with the highest number of military and paramilitary personnel, with a total of 9,495,000 active, reserve, and paramilitary personnel. Its active duty army of 1.21 million is the fourth largest in the world, after China, the U.S., and India. It also possesses nuclear weapons.", "mentions": {"official_language": [], "capital": [{"start_char": 369, "end_char": 378, "uri": "http://www.wikidata.org/entity/Q18808"}], "continent": []}, "mentions_same_attribute_class": {"official_language": [], "capital": [], "continent": []}}