{"id": "Q45", "text": "Portugal (Portuguese: [pu\u027etu\u02c8\u0263a\u026b]), officially the Portuguese Republic (Portuguese: Rep\u00fablica Portuguesa), is a country on the Iberian Peninsula, in Southwestern Europe. It is the westernmost country of mainland Europe, being bordered by the Atlantic Ocean to the west and south and by Spain to the north and east. The Portugal\u2013Spain border is 1,214 km (754 mi) long and considered the longest uninterrupted border within the European Union. The republic also includes the Atlantic archipelagos of the Azores and Madeira, both autonomous regions with their own regional governments. The land within the borders of current Portugal has been continuously settled and fought over since prehistoric times. The Celts and the Romans were followed by the Visigothic and the Suebi Germanic peoples, who were themselves later invaded by the Moors. These Muslim peoples were eventually expelled during the Christian Reconquista of the peninsula. By 1139, Portugal had established itself as a kingdom independent from Le\u00f3n. In the 15th and 16th centuries, as the result of pioneering the Age of Discovery, Portugal expanded Western influence and established the first global empire, becoming one of the world's major economic, political and military powers. Portugal lost much of its wealth and status with the destruction of Lisbon in a 1755 earthquake, occupation during the Napoleonic Wars, and the independence of Brazil, its wealthiest colony, in 1822. After the 1910 revolution deposed the monarchy, the democratic but unstable Portuguese First Republic was established, later being superseded by the \"Estado Novo\" right-wing authoritarian regime. Democracy was restored after the Portuguese Colonial War and the Carnation Revolution in 1974. Shortly after, independence was granted to all its colonies, with the exception of Macau, which was handed over to China in 1999. This marked the end of the longest-lived European colonial empire, leaving a profound cultural and architectural influence across the globe and a legacy of over 250 million Portuguese speakers today. Portugal maintains a unitary semi-presidential republican form of government and is a developed country with an advanced economy, and a high living standard, having the 18th highest Social Progress in the world, putting it ahead of other Western European countries like France, Spain and Italy. It is a member of numerous international organizations, including the United Nations, the European Union, the Eurozone, OECD, NATO and the Community of Portuguese Language Countries. Portugal is also known for having decriminalized the usage of all common drugs in 2001, the first country in the world to do so. However, drugs are still illegal in Portugal.", "mentions": {"official_language": [{"start_char": 10, "end_char": 20, "uri": "http://www.wikidata.org/entity/Q5146"}, {"start_char": 72, "end_char": 82, "uri": "http://www.wikidata.org/entity/Q5146"}, {"start_char": 2041, "end_char": 2051, "uri": "http://www.wikidata.org/entity/Q5146"}, {"start_char": 2515, "end_char": 2525, "uri": "http://www.wikidata.org/entity/Q5146"}, {"start_char": 10, "end_char": 20, "uri": "http://www.wikidata.org/entity/Q5146"}, {"start_char": 72, "end_char": 82, "uri": "http://www.wikidata.org/entity/Q5146"}, {"start_char": 2515, "end_char": 2525, "uri": "http://www.wikidata.org/entity/Q5146"}], "capital": [{"start_char": 1315, "end_char": 1321, "uri": "http://www.wikidata.org/entity/Q597"}], "continent": [{"start_char": 212, "end_char": 218, "uri": "http://www.wikidata.org/entity/Q46"}, {"start_char": 212, "end_char": 218, "uri": "http://www.wikidata.org/entity/Q46"}]}, "mentions_same_attribute_class": {"official_language": [], "capital": [], "continent": []}}