{"id": "Q574", "text": "East Timor (/\u02cci\u02d0st \u02c8ti\u02d0m\u0254\u02d0r/) or Timor-Leste (/ti\u02c8m\u0254\u02d0r \u02c8l\u025b\u0283te\u026a/), Tetum: Tim\u00f3r Lorosa'e, officially the Democratic Republic of Timor-Leste (Portuguese: Rep\u00fablica Democr\u00e1tica de Timor-Leste, Tetum: Rep\u00fablika Demokr\u00e1tika Tim\u00f3r-Leste), is a sovereign state in Maritime Southeast Asia. It comprises the eastern half of the island of Timor, the nearby islands of Atauro and Jaco, and Oecusse, an exclave on the northwestern side of the island, within Indonesian West Timor. The country's size is about 15,410 km (5,400 sq mi). East Timor was colonised by Portugal in the 16th century, and was known as Portuguese Timor until November 1975, when the Revolutionary Front for an Independent East Timor (FRETILIN) declared the territory's independence. Nine days later, it was invaded and occupied by Indonesia and was declared Indonesia's 27th province the following year. The Indonesian occupation of East Timor was characterised by a highly violent decades-long conflict between separatist groups (especially FRETILIN) and the Indonesian military. In 1999, following the United Nations-sponsored act of self-determination, Indonesia relinquished control of the territory. East Timor became the first new sovereign state of the 21st century on 20 May 2002 and joined the United Nations and the Community of Portuguese Language Countries. In 2011, East Timor announced its intention to gain membership status in the Association of Southeast Asian Nations by applying to become its eleventh member. It is one of only two predominantly Christian nations in Southeast Asia, the other being the Philippines.", "mentions": {"official_language": [{"start_char": 66, "end_char": 71, "uri": "http://www.wikidata.org/entity/Q34125"}, {"start_char": 140, "end_char": 150, "uri": "http://www.wikidata.org/entity/Q5146"}, {"start_char": 190, "end_char": 195, "uri": "http://www.wikidata.org/entity/Q34125"}, {"start_char": 1300, "end_char": 1310, "uri": "http://www.wikidata.org/entity/Q5146"}, {"start_char": 66, "end_char": 71, "uri": "http://www.wikidata.org/entity/Q34125"}, {"start_char": 140, "end_char": 150, "uri": "http://www.wikidata.org/entity/Q5146"}, {"start_char": 190, "end_char": 195, "uri": "http://www.wikidata.org/entity/Q34125"}, {"start_char": 66, "end_char": 71, "uri": "http://www.wikidata.org/entity/Q34125"}, {"start_char": 140, "end_char": 150, "uri": "http://www.wikidata.org/entity/Q5146"}, {"start_char": 190, "end_char": 195, "uri": "http://www.wikidata.org/entity/Q34125"}, {"start_char": 66, "end_char": 71, "uri": "http://www.wikidata.org/entity/Q34125"}, {"start_char": 140, "end_char": 150, "uri": "http://www.wikidata.org/entity/Q5146"}, {"start_char": 190, "end_char": 195, "uri": "http://www.wikidata.org/entity/Q34125"}, {"start_char": 66, "end_char": 71, "uri": "http://www.wikidata.org/entity/Q34125"}, {"start_char": 140, "end_char": 150, "uri": "http://www.wikidata.org/entity/Q5146"}, {"start_char": 190, "end_char": 195, "uri": "http://www.wikidata.org/entity/Q34125"}, {"start_char": 1300, "end_char": 1310, "uri": "http://www.wikidata.org/entity/Q5146"}], "capital": [], "continent": []}, "mentions_same_attribute_class": {"official_language": [], "capital": [], "continent": []}}