{"id": "Q657", "text": "Chad (/t\u0283\u00e6d/; Arabic: \u062a\u0634\u0627\u062f Tsh\u0101d; French: Tchad), officially the Republic of Chad (Arabic: \u062c\u0645\u0647\u0648\u0631\u064a\u0629 \u062a\u0634\u0627\u062f Jumh\u016br\u012byat Tsh\u0101d; French: R\u00e9publique du Tchad), is a landlocked country in Central Africa. It is bordered by Libya to the north, Sudan to the east, the Central African Republic to the south, Cameroon and Nigeria to the southwest and Niger to the west. It is the fifth largest country in Africa in terms of area. Chad has several regions: a desert zone in the north, an arid Sahelian belt in the centre and a more fertile Sudanian Savanna zone in the south. Lake Chad, after which the country is named, is the largest wetland in Chad and the second-largest in Africa. N'Djamena, the capital, is the largest city. Chad is home to over 200 different ethnic and linguistic groups. Arabic and French are the official languages. Islam and Christianity are the most widely practiced religions. Beginning in the 7th millennium BC, human populations moved into the Chadian basin in great numbers. By the end of the 1st millennium BC, a series of states and empires rose and fell in Chad's Sahelian strip, each focused on controlling the trans-Saharan trade routes that passed through the region. France conquered the territory by 1920 and incorporated it as part of French Equatorial Africa. In 1960, Chad obtained independence under the leadership of Fran\u00e7ois Tombalbaye. Resentment towards his policies in the Muslim north culminated in the eruption of a long-lasting civil war in 1965. In 1979, the rebels conquered the capital and put an end to the south's hegemony. However, the rebel commanders fought amongst themselves until Hiss\u00e8ne Habr\u00e9 defeated his rivals. He was overthrown in 1990 by his general Idriss D\u00e9by. Since 2003, the Darfur crisis in Sudan has spilt over the border and destabilised the nation, with hundreds of thousands of Sudanese refugees living in and around camps in eastern Chad. While many political parties are active, power lies firmly in the hands of President D\u00e9by and his political party, the Patriotic Salvation Movement. Chad remains plagued by political violence and recurrent attempted coups d'\u00e9tat. Chad is one of the poorest and most corrupt countries in the world; most inhabitants live in poverty as subsistence herders and farmers. Since 2003, crude oil has become the country's primary source of export earnings, superseding the traditional cotton industry.", "mentions": {"official_language": [{"start_char": 34, "end_char": 40, "uri": "http://www.wikidata.org/entity/Q150"}, {"start_char": 122, "end_char": 128, "uri": "http://www.wikidata.org/entity/Q150"}, {"start_char": 792, "end_char": 798, "uri": "http://www.wikidata.org/entity/Q150"}, {"start_char": 34, "end_char": 40, "uri": "http://www.wikidata.org/entity/Q150"}, {"start_char": 122, "end_char": 128, "uri": "http://www.wikidata.org/entity/Q150"}, {"start_char": 34, "end_char": 40, "uri": "http://www.wikidata.org/entity/Q150"}, {"start_char": 122, "end_char": 128, "uri": "http://www.wikidata.org/entity/Q150"}, {"start_char": 34, "end_char": 40, "uri": "http://www.wikidata.org/entity/Q150"}, {"start_char": 122, "end_char": 128, "uri": "http://www.wikidata.org/entity/Q150"}, {"start_char": 34, "end_char": 40, "uri": "http://www.wikidata.org/entity/Q150"}, {"start_char": 122, "end_char": 128, "uri": "http://www.wikidata.org/entity/Q150"}], "capital": [{"start_char": 671, "end_char": 680, "uri": "http://www.wikidata.org/entity/Q3659"}], "continent": [{"start_char": 391, "end_char": 397, "uri": "http://www.wikidata.org/entity/Q15"}, {"start_char": 663, "end_char": 669, "uri": "http://www.wikidata.org/entity/Q15"}, {"start_char": 391, "end_char": 397, "uri": "http://www.wikidata.org/entity/Q15"}, {"start_char": 663, "end_char": 669, "uri": "http://www.wikidata.org/entity/Q15"}]}, "mentions_same_attribute_class": {"official_language": [], "capital": [], "continent": []}}