{"id": "Q664", "text": "New Zealand (/nju\u02d0\u02c8zi\u02d0l\u0259nd/ new-ZEE-l\u0259nd, M\u0101ori: Aotearoa [a\u0254\u02c8t\u025ba\u027e\u0254a]) is an island country in the southwestern Pacific Ocean. The country geographically comprises two main landmasses \u2013 that of the North Island, or Te Ika-a-M\u0101ui, and the South Island, or Te Waipounamu \u2013 and numerous smaller islands. New Zealand is situated some 1,500 kilometres (900 mi) east of Australia across the Tasman Sea and roughly 1,000 kilometres (600 mi) south of the Pacific island areas of New Caledonia, Fiji, and Tonga. Because of its remoteness, it was one of the last lands to be settled by humans. During its long isolation, New Zealand developed a distinctive biodiversity of animal, fungal and plant life. The country's varied topography and its sharp mountain peaks, such as the Southern Alps, owe much to the tectonic uplift of land and volcanic eruptions. New Zealand's capital city is Wellington, while its most populous city is Auckland. Somewhere between 1250 and 1300 CE, Polynesians settled in the islands that were to become New Zealand, and developed a distinctive M\u0101ori culture. In 1642, Abel Tasman, a Dutch explorer, became the first European to sight New Zealand. In 1840, representatives of the British Crown and M\u0101ori Chiefs signed the Treaty of Waitangi, making New Zealand a British colony. Today, the majority of New Zealand's population of 4.5 million is of European descent; the indigenous M\u0101ori are the largest minority, followed by Asians and Pacific Islanders. Reflecting this, New Zealand's culture is mainly derived from M\u0101ori and early British settlers, with recent broadening arising from increased immigration. The official languages are English, M\u0101ori and New Zealand Sign Language, with English predominant. New Zealand is a developed country with a market economy that is dominated by the exports of dairy products, meat and wine, along with tourism. New Zealand is a high-income economy and ranks highly in international comparisons of national performance, such as health, education, economic freedom and quality of life. Nationally, legislative authority is vested in an elected, unicameral Parliament, while executive political power is exercised by the Cabinet, led by the Prime Minister, who is currently John Key. Queen Elizabeth II is the country's head of state and is represented by a Governor-General. In addition, New Zealand is organised into 11 regional councils and 67 territorial authorities for local government purposes. The Realm of New Zealand also includes Tokelau (a dependent territory); the Cook Islands and Niue (self-governing states in free association with New Zealand); and the Ross Dependency, which is New Zealand's territorial claim in Antarctica. New Zealand is a member of the United Nations, Commonwealth of Nations, ANZUS, Organisation for Economic Co-operation and Development, Pacific Islands Forum, and Asia-Pacific Economic Cooperation.", "mentions": {"official_language": [{"start_char": 1655, "end_char": 1662, "uri": "http://www.wikidata.org/entity/Q1860"}, {"start_char": 1674, "end_char": 1699, "uri": "http://www.wikidata.org/entity/Q36239"}, {"start_char": 1706, "end_char": 1713, "uri": "http://www.wikidata.org/entity/Q1860"}], "capital": [{"start_char": 877, "end_char": 887, "uri": "http://www.wikidata.org/entity/Q23661"}], "continent": []}, "mentions_same_attribute_class": {"official_language": [], "capital": [], "continent": []}}