{"id": "Q672", "text": "Tuvalu (/tu\u02d0\u02c8v\u0251\u02d0lu\u02d0/ too-VAH-loo or /\u02c8tu\u02d0v\u0259lu\u02d0/ TOO-v\u0259-loo), formerly known as the Ellice Islands, is a Polynesian island nation located in the Pacific Ocean, midway between Hawaii and Australia. It comprises three reef islands and six true atolls spread out between the latitude of 5\u00b0 to 10\u00b0 south and longitude of 176\u00b0 to 180\u00b0, west of the International Date Line.Its nearest neighbours are Kiribati, Nauru, Samoa and Fiji. Tuvalu has a population of 10,837 (2012 census). The total land area of the islands of Tuvalu is 26 square kilometres (10 sq mi). The first inhabitants of Tuvalu were Polynesians. The pattern of settlement that is believed to have occurred is that the Polynesians spread out from Samoa and Tonga into the Tuvaluan atolls, with Tuvalu providing a stepping stone to migration into the Polynesian Outlier communities in Melanesia and Micronesia. In 1568, Spanish navigator \u00c1lvaro de Menda\u00f1a was the first European to sail through the archipelago, sighting the island of Nui during his expedition in search of Terra Australis. In 1819 the island of Funafuti was named Ellice's Island; the name Ellice was applied to all nine islands after the work of English hydrographer Alexander George Findlay. The islands came under Britain's sphere of influence in the late 19th century, when each of the Ellice Islands was declared a British Protectorate by Captain Gibson of HMS Curacoa between 9 and 16 October 1892. The Ellice Islands were administered as British protectorate by a Resident Commissioner from 1892 to 1916 as part of the British Western Pacific Territories (BWPT), and then as part of the Gilbert and Ellice Islands colony from 1916 to 1974. A referendum was held in December 1974 to determine whether the Gilbert Islands and Ellice Islands should each have their own administration. As a consequence of the referendum, the Gilbert and Ellice Islands colony ceased to exist on 1 January 1976 and the separate British colonies of Kiribati and Tuvalu came into existence. Tuvalu became fully independent within the Commonwealth on 1 October 1978. On 5 September 2000 Tuvalu became the 189th member of the United Nations.", "mentions": {"official_language": [{"start_char": 731, "end_char": 739, "uri": "http://www.wikidata.org/entity/Q34055"}, {"start_char": 753, "end_char": 759, "uri": "http://www.wikidata.org/entity/Q34055"}, {"start_char": 1173, "end_char": 1180, "uri": "http://www.wikidata.org/entity/Q1860"}, {"start_char": 1173, "end_char": 1180, "uri": "http://www.wikidata.org/entity/Q1860"}, {"start_char": 1173, "end_char": 1180, "uri": "http://www.wikidata.org/entity/Q1860"}], "capital": [{"start_char": 1071, "end_char": 1079, "uri": "http://www.wikidata.org/entity/Q34126"}, {"start_char": 1071, "end_char": 1079, "uri": "http://www.wikidata.org/entity/Q34126"}, {"start_char": 1071, "end_char": 1079, "uri": "http://www.wikidata.org/entity/Q34126"}], "continent": []}, "mentions_same_attribute_class": {"official_language": [], "capital": [], "continent": []}}