{"id": "Q678", "text": "Tonga ([\u02c8to\u014ba]; Tongan: Pule\u02bbanga Fakatu\u02bbi \u02bbo Tonga), officially the Kingdom of Tonga, is a Polynesian sovereign state and archipelago comprising 177 islands of which 52 islands are inhabited. The total surface area is about 750 square kilometres (290 sq mi) scattered over 700,000 square kilometres (270,000 sq mi) of the southern Pacific Ocean. It has a population 103,000 people of whom 70% reside on the main island of Tongatapu. Tonga stretches over about 800 kilometres (500 mi) in a north-south line \u2013 about a third of the distance from New Zealand to Hawaii. It is surrounded by Fiji and Wallis and Futuna (France) to the northwest, Samoa to the northeast, Niue to the east, Kermadec (part of New Zealand) to the southwest, and New Caledonia (France) and Vanuatu to the farther west. Tonga became known as the Friendly Islands because of the congenial reception accorded to Captain James Cook on his first visit in 1773. He arrived at the time of the \u02bbinasi festival, the yearly donation of the First Fruits to the Tu\u02bbi Tonga (the islands' paramount chief) and so received an invitation to the festivities. According to the writer William Mariner, the chiefs wanted to kill Cook during the gathering but could not agree on a plan. Tonga became fully independent from Britain in May 1970, but had never relinquished its sovereignty to any foreign power. In 2010, Tonga took a decisive step towards becoming a fully functioning constitutional monarchy, after legislative reforms paved the way for its first partial representative elections.", "mentions": {"official_language": [{"start_char": 16, "end_char": 22, "uri": "http://www.wikidata.org/entity/Q34094"}, {"start_char": 16, "end_char": 22, "uri": "http://www.wikidata.org/entity/Q34094"}, {"start_char": 16, "end_char": 22, "uri": "http://www.wikidata.org/entity/Q34094"}, {"start_char": 16, "end_char": 22, "uri": "http://www.wikidata.org/entity/Q34094"}], "capital": [], "continent": []}, "mentions_same_attribute_class": {"official_language": [], "capital": [], "continent": []}}