{"id": "Q683", "text": "Samoa (/s\u0259\u02c8mo\u028a.\u0259/; Samoan: S\u0101moa, [\u02ccsa\u02d0\u02c8moa]), officially the Independent State of Samoa (Samoan: Malo Sa'oloto Tuto'atasi o S\u0101moa), formerly known as Western Samoa, is a sovereign state in Polynesia, encompassing the western part of the Samoan Islands in the South Pacific Ocean. It became independent from New Zealand in 1962. The two main islands of Samoa are Upolu and Savai'i, one of the biggest islands in Polynesia. The capital city, Apia, and Faleolo International Airport are situated on the island of Upolu. Samoa was admitted to the United Nations on 15 December 1976. The entire island group, which includes American Samoa, was called \"Navigator Islands\" by European explorers before the 20th century because of the Samoans' seafaring skills. Official languages are English and Samoan (Gagana Fa'as\u0101moa), which is also spoken in American Samoa.", "mentions": {"official_language": [{"start_char": 778, "end_char": 785, "uri": "http://www.wikidata.org/entity/Q1860"}, {"start_char": 790, "end_char": 796, "uri": "http://www.wikidata.org/entity/Q34011"}], "capital": [], "continent": []}, "mentions_same_attribute_class": {"official_language": [], "capital": [], "continent": []}}