{"id": "Q685", "text": "Solomon Islands is a sovereign country consisting of six major islands and over 900 smaller islands in Oceania lying to the east of Papua New Guinea and northwest of Vanuatu and covering a land area of 28,400 square kilometres (11,000 sq mi). The country's capital, Honiara, is located on the island of Guadalcanal. The country takes its name from the Solomon Islands archipelago, which is a collection of Melanesian islands that also includes the North Solomon Islands (part of Papua New Guinea), but excludes outlying islands, such as Rennell and Bellona, and the Santa Cruz Islands. The islands have been inhabited for thousands of years. In 1568, the Spanish navigator \u00c1lvaro de Menda\u00f1a was the first European to visit them, naming them the Islas Salom\u00f3n. Britain defined its area of interest in the Solomon Islands archipelago in June 1893, when Captain Gibson R.N., of HMS Curacoa, declared the southern Solomon Islands as a British Protectorate with the proclamation of the British Solomon Islands Protectorate. During World War II, the Solomon Islands campaign (1942\u20131945) saw fierce fighting between the United States and the Empire of Japan, such as in the Battle of Guadalcanal. The official name of the then British overseas territory was changed from \"the British Solomon Islands Protectorate\" to \"Solomon Islands\" in 1975. Self-government was achieved in 1976. Independence was obtained two years later. Today, Solomon Islands is a constitutional monarchy with the Queen of Solomon Islands, currently Queen Elizabeth II, as its head of state. Manasseh Sogavare is the current Prime Minister of Solomon Islands.", "mentions": {"official_language": [], "capital": [{"start_char": 266, "end_char": 273, "uri": "http://www.wikidata.org/entity/Q40921"}], "continent": [{"start_char": 103, "end_char": 110, "uri": "http://www.wikidata.org/entity/Q538"}, {"start_char": 103, "end_char": 110, "uri": "http://www.wikidata.org/entity/Q538"}]}, "mentions_same_attribute_class": {"official_language": [], "capital": [], "continent": []}}