{"id": "Q686", "text": "Vanuatu (/\u02ccv\u0251\u02d0nu\u02d0\u02c8\u0251\u02d0tu\u02d0/ vah-noo-AH-too or /v\u00e6n\u02c8w\u0251\u02d0tu\u02d0/ van-WAH-too; Bislama [vanua\u02c8tu]), officially the Republic of Vanuatu (French: R\u00e9publique de Vanuatu, Bislama: Ripablik blong Vanuatu), is a Pacific island nation located in the South Pacific Ocean. The archipelago, which is of volcanic origin, is some 1,750 kilometres (1,090 mi) east of northern Australia, 500 kilometres (310 mi) northeast of New Caledonia, east of New Guinea, southeast of the Solomon Islands, and west of Fiji. Vanuatu was first inhabited by Melanesian people. The first Europeans to visit the islands were a Spanish expedition led by Portuguese navigator Fernandes de Queir\u00f3s, who arrived on the largest island in 1606. He then claimed the archipelago for Spain, as part of the colonial Spanish East Indies, and named it Austrialia del Espiritu Santo. In the 1880s, France and Great Britain claimed parts of the archipelago, and in 1906 they agreed on a framework for jointly managing the archipelago as the New Hebrides through a British\u2013French Condominium. An independence movement arose in the 1970s, and the Republic of Vanuatu was founded in 1980.", "mentions": {"official_language": [{"start_char": 69, "end_char": 76, "uri": "http://www.wikidata.org/entity/Q35452"}, {"start_char": 126, "end_char": 132, "uri": "http://www.wikidata.org/entity/Q150"}, {"start_char": 157, "end_char": 164, "uri": "http://www.wikidata.org/entity/Q35452"}, {"start_char": 69, "end_char": 76, "uri": "http://www.wikidata.org/entity/Q35452"}, {"start_char": 126, "end_char": 132, "uri": "http://www.wikidata.org/entity/Q150"}, {"start_char": 157, "end_char": 164, "uri": "http://www.wikidata.org/entity/Q35452"}, {"start_char": 69, "end_char": 76, "uri": "http://www.wikidata.org/entity/Q35452"}, {"start_char": 126, "end_char": 132, "uri": "http://www.wikidata.org/entity/Q150"}, {"start_char": 157, "end_char": 164, "uri": "http://www.wikidata.org/entity/Q35452"}, {"start_char": 69, "end_char": 76, "uri": "http://www.wikidata.org/entity/Q35452"}, {"start_char": 126, "end_char": 132, "uri": "http://www.wikidata.org/entity/Q150"}, {"start_char": 157, "end_char": 164, "uri": "http://www.wikidata.org/entity/Q35452"}, {"start_char": 69, "end_char": 76, "uri": "http://www.wikidata.org/entity/Q35452"}, {"start_char": 126, "end_char": 132, "uri": "http://www.wikidata.org/entity/Q150"}, {"start_char": 157, "end_char": 164, "uri": "http://www.wikidata.org/entity/Q35452"}], "capital": [], "continent": [{"start_char": 196, "end_char": 203, "uri": "http://www.wikidata.org/entity/Q538"}, {"start_char": 196, "end_char": 203, "uri": "http://www.wikidata.org/entity/Q538"}, {"start_char": 196, "end_char": 203, "uri": "http://www.wikidata.org/entity/Q538"}, {"start_char": 196, "end_char": 203, "uri": "http://www.wikidata.org/entity/Q538"}, {"start_char": 196, "end_char": 203, "uri": "http://www.wikidata.org/entity/Q538"}]}, "mentions_same_attribute_class": {"official_language": [], "capital": [], "continent": []}}