{"id": "Q709", "text": "The Marshall Islands, officially the Republic of the Marshall Islands (Marshallese: Aolep\u0101n Aor\u014dkin M\u0327aje\u013c), is an island country located near the equator in the Pacific Ocean, slightly west of the International Date Line. Geographically, the country is part of the larger island group of Micronesia. The country's population of 53,158 people (at the 2011 Census) is spread out over 29 coral atolls, comprising 1,156 individual islands and islets. The islands share maritime boundaries with the Federated States of Micronesia to the west, Wake Island to the north, Kiribati to the south-east, and Nauru to the south. About 27,797 of the islanders (at the 2011 Census) live on Majuro, which contains the capital. Micronesian colonists gradually settled the Marshall Islands during the 2nd millennium BC, with inter-island navigation made possible using traditional stick charts. Islands in the archipelago were first explored by Europeans in the 1520s, with Spanish explorer Alonso de Salazar sighting an atoll in August 1526. Other expeditions by Spanish and English ships followed. The islands derive their name from British explorer John Marshall, who visited in 1788. The islands were historically known by the inhabitants as \"jolet jen Anij\" (Gifts from God). The European powers recognized the islands as part of the Spanish East Indies in 1874. However, Spain sold the islands to the German Empire in 1884, and they became part of German New Guinea in 1885. In World War I the Empire of Japan occupied the Marshall Islands, which in 1919 the League of Nations combined with other former German territories to form the South Pacific Mandate. In World War II, the United States conquered the islands in the Gilbert and Marshall Islands campaign. Along with other Pacific Islands, the Marshall Islands were then consolidated into the Trust Territory of the Pacific Islands governed by the US. Self-government was achieved in 1979, and full sovereignty in 1986, under a Compact of Free Association with the United States. Marshall Islands has been a United Nations member state since 1991. Politically, the Marshall Islands is a presidential republic in free association with the United States, with the US providing defense, subsidies, and access to U.S. based agencies such as the FCC and the USPS. With few natural resources, the islands' wealth is based on a service economy, as well as some fishing and agriculture; aid from the United States represents a large percentage of the islands' gross domestic product. The country uses the United States dollar as its currency. The majority of the citizens of the Marshall Islands are of Marshallese descent, though there are small numbers of immigrants from the United States, China, Philippines and other Pacific islands. The two official languages are Marshallese, which is a member of the Malayo-Polynesian languages, and English. Almost the entire population of the islands practises some religion, with three-quarters of the country either following the United Church of Christ \u2013 Congregational in the Marshall Islands (UCCCMI) or the Assemblies of God.", "mentions": {"official_language": [{"start_char": 71, "end_char": 82, "uri": "http://www.wikidata.org/entity/Q36280"}, {"start_char": 1059, "end_char": 1066, "uri": "http://www.wikidata.org/entity/Q1860"}, {"start_char": 2639, "end_char": 2650, "uri": "http://www.wikidata.org/entity/Q36280"}, {"start_char": 2806, "end_char": 2817, "uri": "http://www.wikidata.org/entity/Q36280"}, {"start_char": 2877, "end_char": 2884, "uri": "http://www.wikidata.org/entity/Q1860"}, {"start_char": 71, "end_char": 82, "uri": "http://www.wikidata.org/entity/Q36280"}, {"start_char": 71, "end_char": 82, "uri": "http://www.wikidata.org/entity/Q36280"}, {"start_char": 2639, "end_char": 2650, "uri": "http://www.wikidata.org/entity/Q36280"}], "capital": [{"start_char": 676, "end_char": 682, "uri": "http://www.wikidata.org/entity/Q12919"}], "continent": []}, "mentions_same_attribute_class": {"official_language": [], "capital": [], "continent": []}}