{"id": "Q710", "text": "Kiribati (/\u02cck\u026ar\u026a\u02c8b\u00e6s/; KEER-\u0259-bahss or /\u02cck\u026ar\u026a\u02c8b\u0251\u02d0ti/; KEER-\u0259-BAH-tee), officially the Republic of Kiribati (Gilbertese: Ribaberiki Kiribati), is an island nation in the central Pacific Ocean. The nation comprises 33 atolls and reef islands and one raised coral island; Banaba. They have a total land area of 800 square kilometres (310 sq mi) and are dispersed over 3.5 million square kilometres (1,351,000 square miles). Their spread straddles the equator and the International Date Line, although the Date Line is indented to bring the Line Islands in the same day as the Kiribati Islands. The permanent population is just over 100,000 (2011), half of whom live on Tarawa Atoll. Kiribati became independent from the United Kingdom in 1979. The capital and now most populated area, South Tarawa, consists of a number of islets, connected by a series of causeways. These comprise about half the area of Tarawa Atoll. Kiribati is a member of the Commonwealth of Nations, the IMF and the World Bank, and became a full member of the United Nations in 1999.", "mentions": {"official_language": [{"start_char": 0, "end_char": 8, "uri": "http://www.wikidata.org/entity/Q30898"}, {"start_char": 98, "end_char": 106, "uri": "http://www.wikidata.org/entity/Q30898"}, {"start_char": 108, "end_char": 118, "uri": "http://www.wikidata.org/entity/Q30898"}, {"start_char": 131, "end_char": 139, "uri": "http://www.wikidata.org/entity/Q30898"}], "capital": [{"start_char": 782, "end_char": 794, "uri": "http://www.wikidata.org/entity/Q131233"}], "continent": []}, "mentions_same_attribute_class": {"official_language": [], "capital": [], "continent": []}}