{"id": "Q711", "text": "Mongolia /m\u0252\u014b\u02c8\u0261o\u028ali\u0259/ (Mongolian: \u182e\u1824\u1829\u182d\u1824\u182f\u1824\u182f\u1824\u1830 [Monggol Ulus] in Mongolian script; \u041c\u043e\u043d\u0433\u043e\u043b \u0423\u043b\u0441 [Mongol Uls] in Mongolian Cyrillic) is a landlocked sovereign state in East Asia. It is bordered by China to the south and Russia to the north. While it does not share a border with Kazakhstan, Mongolia is separated from Kazakhstan by only 36.76 kilometres (22.84 mi). Ulaanbaatar, the capital and largest city, is home to about 45% of the country's population. The area of what is now Mongolia has been ruled by various nomadic empires, including the Xiongnu, the Xianbei, the Rouran, the Turkic Khaganate, and others. In 1206, Genghis Khan founded the Mongol Empire, and his grandson Kublai Khan conquered China to establish the Yuan dynasty. After the collapse of the Yuan, the Mongols retreated to Mongolia and resumed their earlier pattern of factional conflict, except during the era of Dayan Khan and Tumen Zasagt Khan. In the 16th century, Tibetan Buddhism began to spread in Mongolia, being further led by the Manchu-founded Qing dynasty, which absorbed the country in the 17th century. By the early 1900s, almost one-third of the adult male population were Buddhist monks. During the collapse of the Qing dynasty in 1911, Mongols established the Temporary Government of Khalkha on November 30, 1911. This was before the abdication of the last Qing emperor and the establishment of the Republic of China. On December 29, 1911, Mongolia declared independence from the Qing dynasty; the National Revolution of 1911 ended over 200 years of Qing rule, though it was not until the Revolution of 1921 that de facto independence from the Republic of China was firmly established. Shortly thereafter, the country came under the control of the Soviet Union, which had aided its independence from China. In 1924, the Mongolian People's Republic was declared as a Soviet satellite state. After the anti-Communist revolutions of 1989, Mongolia conducted its own peaceful democratic revolution in early 1990. This led to a multi-party system, a new constitution of 1992, and transition to a market economy. At 1,564,116 square kilometres (603,909 sq mi), Mongolia is the 19th largest and one of the most sparsely populated independent countries in the world, with a population of around 3 million people. It is also the world's second-largest landlocked country. The country contains very little arable land, as much of its area is covered by grassy steppe, with mountains to the north and west and the Gobi Desert to the south. Approximately 30% of the population is nomadic or semi-nomadic; horse culture is still integral. The majority of its population are Buddhists. The non-religious population is the second largest group. Islam is the dominant religion among ethnic Kazakhs. The majority of the state's citizens are of Mongol ethnicity, although Kazakhs, Tuvans, and other minorities also live in the country, especially in the west. Mongolia joined the World Trade Organization in 1997 and seeks to expand its participation in regional economic and trade groups.", "mentions": {"official_language": [{"start_char": 23, "end_char": 32, "uri": "http://www.wikidata.org/entity/Q9246"}, {"start_char": 93, "end_char": 99, "uri": "http://www.wikidata.org/entity/Q9246"}, {"start_char": 1808, "end_char": 1817, "uri": "http://www.wikidata.org/entity/Q9246"}, {"start_char": 23, "end_char": 32, "uri": "http://www.wikidata.org/entity/Q9246"}, {"start_char": 93, "end_char": 99, "uri": "http://www.wikidata.org/entity/Q9246"}], "capital": [], "continent": []}, "mentions_same_attribute_class": {"official_language": [], "capital": [], "continent": []}}