{"id": "Q712", "text": "Fiji (/\u02c8fi\u02d0d\u0292i\u02d0/ FEE-jee Fijian: Viti; Fiji Hindi: \u092b\u093c\u093f\u091c\u0940), officially the Republic of Fiji (Fijian: Matanitu Tugalala o Viti; Fiji Hindi: \u0930\u093f\u092a\u092c\u094d\u0932\u093f\u0915 \u0911\u092b \u092b\u0940\u091c\u0940 Fiji Hindi: Ripablik \u0103ph Ph\u012bj\u012b), is an island country in Melanesia in the South Pacific Ocean about 1,100 nautical miles (2,000 km; 1,300 mi) northeast of New Zealand's North Island. Its closest neighbours are Vanuatu to the west, New Caledonia to the southwest, New Zealand's Kermadec Islands to the southeast, Tonga to the east, the Samoas and France's Wallis and Futuna to the northeast, and Tuvalu to the north. Fiji is an archipelago of more than 330 islands, of which 110 are permanently inhabited, and more than 500 islets, amounting to a total land area of about 18,300 square kilometres (7,100 sq mi). The farthest island is Ono-i-Lau. The two major islands, Viti Levu and Vanua Levu, account for 87% of the population of almost 860,000. The capital and largest city, Suva, is on Viti Levu. About three-quarters of Fijians live on Viti Levu's coasts, either in Suva or in smaller urban centres like Nadi (tourism) or Lautoka (sugar cane industry). Viti Levu's interior is sparsely inhabited due to its terrain. Fiji has one of the most developed economies in the Pacific due to an abundance of forest, mineral, and fish resources. Today, the main sources of foreign exchange are its tourist industry and sugar exports. The country's currency is the Fijian dollar. Fiji's local government, in the form of city and town councils, is supervised by the Ministry of Local Government and Urban Development. The majority of Fiji's islands were formed through volcanic activity starting around 150 million years ago. Today, some geothermal activity still occurs on the islands of Vanua Levu and Taveuni. Fiji has been inhabited since the second millennium BC, and was settled first by Austronesians and later by Melanesians, with some Polynesian influences. Europeans visited Fiji from the 17th century, and, after a brief period as an independent kingdom, the British established the Colony of Fiji in 1874. Fiji was a Crown colony until 1970, when it gained independence as a Commonwealth realm. A republic was declared in 1987, following a series of coups d'\u00e9tat. In a coup in 2006, Commodore Frank Bainimarama seized power. When the High Court ruled in 2009 that the military leadership was unlawful, President Ratu Josefa Iloilo, whom the military had retained as the nominal Head of State, formally abrogated the Constitution and reappointed Bainimarama. Later in 2009, Iloilo was replaced as President by Ratu Epeli Nailatikau. After years of delays, a democratic election was held on 17 September 2014. Bainimarama's FijiFirst party won with 59.2% of the vote, and the election was deemed credible by international observers. In February 2016, Fiji was hit by tropical cyclone Winston, one of the strongest tropical cyclones recorded in the South Pacific waters east of Australia.", "mentions": {"official_language": [{"start_char": 39, "end_char": 49, "uri": "http://www.wikidata.org/entity/Q46728"}, {"start_char": 126, "end_char": 136, "uri": "http://www.wikidata.org/entity/Q46728"}, {"start_char": 155, "end_char": 165, "uri": "http://www.wikidata.org/entity/Q46728"}, {"start_char": 39, "end_char": 49, "uri": "http://www.wikidata.org/entity/Q46728"}, {"start_char": 126, "end_char": 136, "uri": "http://www.wikidata.org/entity/Q46728"}, {"start_char": 155, "end_char": 165, "uri": "http://www.wikidata.org/entity/Q46728"}, {"start_char": 39, "end_char": 49, "uri": "http://www.wikidata.org/entity/Q46728"}, {"start_char": 126, "end_char": 136, "uri": "http://www.wikidata.org/entity/Q46728"}, {"start_char": 155, "end_char": 165, "uri": "http://www.wikidata.org/entity/Q46728"}], "capital": [{"start_char": 932, "end_char": 936, "uri": "http://www.wikidata.org/entity/Q38807"}, {"start_char": 1025, "end_char": 1029, "uri": "http://www.wikidata.org/entity/Q38807"}], "continent": []}, "mentions_same_attribute_class": {"official_language": [], "capital": [], "continent": []}}