{"id": "Q730", "text": "Suriname (/\u02c8s\u028ar\u1d7bn\u00e6m/, /\u02c8s\u028ar\u1d7bn\u0251\u02d0m/ or /\u02c8s\u028ar\u1d7bn\u0259m/, also spelled Surinam), officially known as the Republic of Suriname (Dutch: Republiek Suriname, [\u02ccre\u02d0py\u02c8blik \u02ccsy\u02d0ri\u02c8na\u02d0m\u0259]), is a sovereign state on the northeastern Atlantic coast of South America. It is bordered by French Guiana to the east, Guyana to the west and Brazil to the south. At just under 165,000 km2 (64,000 sq mi), it is the smallest country in South America. Suriname has a population of approximately 566,000, most of whom live on the country's north coast, in and around the capital and largest city, Paramaribo. Originally inhabited by a number of indigenous tribes, Suriname was explored and contested by European powers before coming under Dutch rule in the late 17th century. In 1948 the country gained autonomy and in 1954 it became one of the constituent countries of the Kingdom of the Netherlands. On 25 November 1975, the country of Suriname left the Kingdom of the Netherlands to become an independent state, nonetheless maintaining close economic, diplomatic, and cultural ties to its former colonizer. Suriname is considered to be a culturally Caribbean country, and is a member of the Caribbean Community (CARICOM). It is an officially Dutch-speaking country, at the same time, Sranan, an English-based creole language, is the most widely used lingua franca. Suriname is the only territory outside Europe where Dutch is spoken by a majority of the population. The people of Suriname are among the most diverse in the world, spanning a multitude of ethnic, religious, and linguistic groups.", "mentions": {"official_language": [{"start_char": 118, "end_char": 123, "uri": "http://www.wikidata.org/entity/Q7411"}, {"start_char": 710, "end_char": 715, "uri": "http://www.wikidata.org/entity/Q7411"}, {"start_char": 1391, "end_char": 1396, "uri": "http://www.wikidata.org/entity/Q7411"}, {"start_char": 118, "end_char": 123, "uri": "http://www.wikidata.org/entity/Q7411"}, {"start_char": 710, "end_char": 715, "uri": "http://www.wikidata.org/entity/Q7411"}, {"start_char": 1391, "end_char": 1396, "uri": "http://www.wikidata.org/entity/Q7411"}], "capital": [{"start_char": 568, "end_char": 578, "uri": "http://www.wikidata.org/entity/Q3001"}], "continent": [{"start_char": 233, "end_char": 246, "uri": "http://www.wikidata.org/entity/Q18"}, {"start_char": 409, "end_char": 422, "uri": "http://www.wikidata.org/entity/Q18"}, {"start_char": 233, "end_char": 246, "uri": "http://www.wikidata.org/entity/Q18"}]}, "mentions_same_attribute_class": {"official_language": [], "capital": [], "continent": []}}