{"id": "Q733", "text": "Paraguay (/\u02c8p\u00e6r\u0259\u0261wa\u026a/; [pa\u027ea\u02c8\u0263wai]; Guarani: Paragu\u00e1i [pa\u027ea\u02c8\u0263waj]), officially the Republic of Paraguay (Spanish: Rep\u00fablica del Paraguay, Guarani: Tet\u00e3 Paragu\u00e1i), is a landlocked country in central South America, bordered by Argentina to the south and southwest, Brazil to the east and northeast, and Bolivia to the northwest. Paraguay lies on both banks of the Paraguay River, which runs through the center of the country from north to south. Due to its central location in South America, it is sometimes referred to as Coraz\u00f3n de Sudam\u00e9rica (\"Heart of South America\"). The indigenous Guaran\u00ed had been living in Paraguay for at least a millennium before the Spanish conquered the territory in the 16th century. Spanish settlers and Jesuit missions introduced Christianity and Spanish culture to the region. Paraguay was a peripheral colony of the Spanish Empire, with few urban centers and settlers. Following independence from Spain in 1811, Paraguay was ruled by a series of dictators who generally implemented isolationist and protectionist policies. Following the disastrous Paraguayan War (1864\u20131870), the country lost 60 to 70 percent of its population through war and disease, and about 140,000 square kilometers (54,054 sq mi) of territory to Argentina and Brazil. Through the 20th century, Paraguay continued to endure a succession of authoritarian governments, culminating in the regime of Alfredo Stroessner, who led South America's longest-lived military dictatorship from 1954 to 1989. He was toppled in an internal military coup, and free multi-party elections were organized and held for the first time in 1993. A year later, Paraguay joined Argentina, Brazil and Uruguay to found Mercosur, a regional economic collaborative. As of 2009, Paraguay's population was estimated to be at around 6.5 million, most of whom are concentrated in the southeast region of the country. The capital and largest city is Asunci\u00f3n, of which the metropolitan area is home to nearly a third of Paraguay's population. In contrast to most Latin American nations, Paraguay's indigenous language and culture, Guaran\u00ed, remains highly influential. In each census, residents predominantly identify as mestizo, reflecting years of intermarriage among the different ethnic groups. Guaran\u00ed is recognized as an official language alongside Spanish, and both languages are widely spoken in the country.", "mentions": {"official_language": [{"start_char": 36, "end_char": 43, "uri": "http://www.wikidata.org/entity/Q35876"}, {"start_char": 105, "end_char": 112, "uri": "http://www.wikidata.org/entity/Q1321"}, {"start_char": 138, "end_char": 145, "uri": "http://www.wikidata.org/entity/Q35876"}, {"start_char": 586, "end_char": 593, "uri": "http://www.wikidata.org/entity/Q35876"}, {"start_char": 659, "end_char": 666, "uri": "http://www.wikidata.org/entity/Q1321"}, {"start_char": 712, "end_char": 719, "uri": "http://www.wikidata.org/entity/Q1321"}, {"start_char": 2102, "end_char": 2109, "uri": "http://www.wikidata.org/entity/Q35876"}, {"start_char": 2269, "end_char": 2276, "uri": "http://www.wikidata.org/entity/Q35876"}, {"start_char": 2325, "end_char": 2332, "uri": "http://www.wikidata.org/entity/Q1321"}, {"start_char": 36, "end_char": 43, "uri": "http://www.wikidata.org/entity/Q35876"}, {"start_char": 105, "end_char": 112, "uri": "http://www.wikidata.org/entity/Q1321"}, {"start_char": 138, "end_char": 145, "uri": "http://www.wikidata.org/entity/Q35876"}, {"start_char": 36, "end_char": 43, "uri": "http://www.wikidata.org/entity/Q35876"}, {"start_char": 105, "end_char": 112, "uri": "http://www.wikidata.org/entity/Q1321"}, {"start_char": 138, "end_char": 145, "uri": "http://www.wikidata.org/entity/Q35876"}, {"start_char": 36, "end_char": 43, "uri": "http://www.wikidata.org/entity/Q35876"}, {"start_char": 105, "end_char": 112, "uri": "http://www.wikidata.org/entity/Q1321"}, {"start_char": 138, "end_char": 145, "uri": "http://www.wikidata.org/entity/Q35876"}, {"start_char": 586, "end_char": 593, "uri": "http://www.wikidata.org/entity/Q35876"}, {"start_char": 659, "end_char": 666, "uri": "http://www.wikidata.org/entity/Q1321"}, {"start_char": 2102, "end_char": 2109, "uri": "http://www.wikidata.org/entity/Q35876"}], "capital": [], "continent": [{"start_char": 198, "end_char": 211, "uri": "http://www.wikidata.org/entity/Q18"}, {"start_char": 475, "end_char": 488, "uri": "http://www.wikidata.org/entity/Q18"}, {"start_char": 554, "end_char": 567, "uri": "http://www.wikidata.org/entity/Q18"}, {"start_char": 1429, "end_char": 1442, "uri": "http://www.wikidata.org/entity/Q18"}, {"start_char": 198, "end_char": 211, "uri": "http://www.wikidata.org/entity/Q18"}, {"start_char": 198, "end_char": 211, "uri": "http://www.wikidata.org/entity/Q18"}, {"start_char": 198, "end_char": 211, "uri": "http://www.wikidata.org/entity/Q18"}, {"start_char": 1429, "end_char": 1442, "uri": "http://www.wikidata.org/entity/Q18"}]}, "mentions_same_attribute_class": {"official_language": [], "capital": [], "continent": []}}