{"id": "Q734", "text": "Guyana (pronounced /\u0261a\u026a\u02c8\u0251\u02d0n\u0259/ or /\u0261a\u026a\u02c8\u00e6n\u0259/), officially the Co-operative Republic of Guyana, is a sovereign state on the northern mainland of South America. It is bordered by the Atlantic Ocean to the north, Brazil to the south and southwest, Suriname to the east and Venezuela to the west. With 215,000 square kilometres (83,000 sq mi), Guyana is the fourth-smallest country on mainland South America after Uruguay and Suriname and French Guiana. The region known as \"Guyana\" comprised the large shield landmass north of the Amazon River and east of the Orinoco River known as the \"Land of many waters\". Originally inhabited by several indigenous groups, Guyana was settled by the Dutch before coming under British control in the late 18th century. It was governed as the plantation economy of British Guiana until independence in 1966, and officially became a republic within the British Commonwealth of Nations in 1970. The legacy of British rule is reflected in the country's diverse population, which includes Indian, African, Amerindian, and multiracial groups. Guyana also has the distinction of being the only South American nation in which English is the official language. The majority of the population, however, speak Guyanese Creole, an English-based creole language with slight Dutch, Arawakan and Caribbean influences. In addition to being part of the Anglophone Caribbean, Guyana is one of the few Caribbean countries that is not an island in the West Indies. The Caribbean Community (CARICOM), of which Guyana is a member, is headquartered in Guyana's capital and largest city, Georgetown. In 2008, the country joined the Union of South American Nations as a founding member.", "mentions": {"official_language": [{"start_char": 1149, "end_char": 1156, "uri": "http://www.wikidata.org/entity/Q1860"}, {"start_char": 1149, "end_char": 1156, "uri": "http://www.wikidata.org/entity/Q1860"}, {"start_char": 1149, "end_char": 1156, "uri": "http://www.wikidata.org/entity/Q1860"}], "capital": [], "continent": [{"start_char": 142, "end_char": 155, "uri": "http://www.wikidata.org/entity/Q18"}, {"start_char": 388, "end_char": 401, "uri": "http://www.wikidata.org/entity/Q18"}]}, "mentions_same_attribute_class": {"official_language": [], "capital": [], "continent": []}}