{"id": "Q736", "text": "Ecuador (/\u02c8\u025bkw\u0259d\u0254\u02d0r/ E-kw\u0259-dawr, [ekwa\u02c8\u00f0or]), officially the Republic of Ecuador (Spanish: Rep\u00fablica del Ecuador, which literally translates as \"Republic of the Equator\"), is a representative democratic republic in northwestern South America, bordered by Colombia on the north, Peru on the east and south, and the Pacific Ocean to the west. Ecuador also includes the Gal\u00e1pagos Islands in the Pacific, about 1,000 kilometres (620 mi) west of the mainland. What is now Ecuador was home to a variety of Amerindian groups that were gradually incorporated into the Inca Empire during the fifteenth century. The territory was colonized by Spain during the sixteenth century, achieving independence in 1820 as part of Gran Colombia, from which it emerged as its own sovereign state in 1830. The legacy of both empires is reflected in Ecuador's ethnically diverse population, with most of its 15.2 million people being mestizos, followed by large minorities of European, Amerindian, and African descendants. Spanish is the official language and is spoken by a majority of the population, though thirteen Amerindian languages are also recognized, including Quichua and Shuar. The capital city is Quito, while the largest city is Guayaquil. In reflection of the country's rich cultural heritage, the historical center of Quito was declared a UNESCO World Heritage Site in 1978. Cuenca, the third-largest city, was also declared a World Heritage Site in 1999 as an outstanding example of a planned, inland Spanish-style colonial city in the Americas. Ecuador has a developing economy that is highly dependent on commodities, namely petroleum and agricultural products. The country is classified as a medium-income country. Ecuador is a democratic presidential republic. The new constitution of 2008 is the first in the world to recognize legally enforceable Rights of Nature, or ecosystem rights. Ecuador is also known for its rich ecology, hosting many endemic plants and animals, such as those of the Gal\u00e1pagos Islands. It is one of seventeen megadiverse countries in the world,.", "mentions": {"official_language": [{"start_char": 82, "end_char": 89, "uri": "http://www.wikidata.org/entity/Q1321"}, {"start_char": 1000, "end_char": 1007, "uri": "http://www.wikidata.org/entity/Q1321"}, {"start_char": 1148, "end_char": 1155, "uri": "http://www.wikidata.org/entity/Q1740805"}, {"start_char": 82, "end_char": 89, "uri": "http://www.wikidata.org/entity/Q1321"}, {"start_char": 82, "end_char": 89, "uri": "http://www.wikidata.org/entity/Q1321"}, {"start_char": 82, "end_char": 89, "uri": "http://www.wikidata.org/entity/Q1321"}], "capital": [{"start_char": 1187, "end_char": 1192, "uri": "http://www.wikidata.org/entity/Q2900"}, {"start_char": 1311, "end_char": 1316, "uri": "http://www.wikidata.org/entity/Q2900"}], "continent": [{"start_char": 228, "end_char": 241, "uri": "http://www.wikidata.org/entity/Q18"}, {"start_char": 228, "end_char": 241, "uri": "http://www.wikidata.org/entity/Q18"}, {"start_char": 228, "end_char": 241, "uri": "http://www.wikidata.org/entity/Q18"}, {"start_char": 228, "end_char": 241, "uri": "http://www.wikidata.org/entity/Q18"}]}, "mentions_same_attribute_class": {"official_language": [], "capital": [], "continent": []}}