{"id": "Q739", "text": "Colombia (/k\u0259\u02c8l\u028cmbi\u0259/ k\u0259-LUM-bi\u0259 or /k\u0259\u02c8l\u0252mbi\u0259/ k\u0259-LOM-bi\u0259; [ko\u02c8lombja]), officially the Republic of Colombia (Spanish: About this sound Rep\u00fablica de Colombia ), is a country situated in the northwest of South America, bordered to the northwest by Panama; to the east by Venezuela and Brazil; to the south by Ecuador and Peru; and it shares maritime limits with Costa Rica, Nicaragua, Honduras, Jamaica, Dominican Republic and Haiti. It is a unitary, constitutional republic comprising thirty-two departments. The territory of what is now Colombia was originally inhabited by indigenous peoples including the Muisca, Quimbaya, and Tairona. The Spanish arrived in 1499 and initiated a period of conquest and colonization ultimately creating the Viceroyalty of New Granada, with its capital at Bogot\u00e1. Independence from Spain was won in 1819, but by 1830 \"Gran Colombia\" had collapsed with the secession of Venezuela and Ecuador. What is now Colombia and Panama emerged as the Republic of New Granada. The new nation experimented with federalism as the Granadine Confederation (1858), and then the United States of Colombia (1863), before the Republic of Colombia was finally declared in 1886. Panama seceded in 1903. Since the 1960s, the country has suffered from an asymmetric low-intensity armed conflict, which escalated in the 1990s, but then decreased from 2005 onward. Colombia is ethnically diverse, its people descending from the original native inhabitants, Spanish colonists, Africans originally brought to the country as slaves, and 20th-century immigrants from Europe and the Middle East, all contributing to a diverse cultural heritage. This has also been influenced by Colombia's varied geography, and the imposing landscape of the country has resulted in the development of very strong regional identities. The majority of the urban centres are located in the highlands of the Andes mountains, but Colombian territory also encompasses Amazon rainforest, tropical grassland and both Caribbean and Pacific coastlines. Ecologically, Colombia is considered one of the world's 17 megadiverse countries, and of these, the most biodiverse per square kilometer. Colombia is a middle power and a regional actor with the fourth largest economy in Latin America, is part of the CIVETS group of six leading emerging markets and is an accessing member to the OECD. Colombia has a diversified economy with macroeconomic stability and favorable growth prospects in the long run.", "mentions": {"official_language": [{"start_char": 111, "end_char": 118, "uri": "http://www.wikidata.org/entity/Q1321"}, {"start_char": 1466, "end_char": 1473, "uri": "http://www.wikidata.org/entity/Q1321"}, {"start_char": 1466, "end_char": 1473, "uri": "http://www.wikidata.org/entity/Q1321"}], "capital": [], "continent": [{"start_char": 204, "end_char": 217, "uri": "http://www.wikidata.org/entity/Q18"}]}, "mentions_same_attribute_class": {"official_language": [], "capital": [], "continent": []}}