{"id": "Q750", "text": "Bolivia (/b\u0259\u02c8l\u026avi\u0259/; [bo\u02c8li\u03b2ja]; Quechua: Buliwya [b\u028al\u026awja]; Aymara: Wuliwya [w\u028al\u026awja]; Guarani: Vol\u00edvia [\u028bo\u02c8li\u028bja]), officially known as the Plurinational State of Bolivia (Spanish: Estado Plurinacional de Bolivia), is a landlocked country located in western-central South America. It is bordered to the north and east by Brazil, to the southeast by Paraguay, to the south by Argentina, to the southwest by Chile, and to the northwest by Peru. One-third of the country is the Andean mountain range, with its largest city and principal economic centers located in the Altiplano. Before Spanish colonization, the Andean region of Bolivia was part of the Inca Empire, while the northern and eastern lowlands were inhabited by independent tribes. Spanish conquistadors arriving from Cuzco and Asunci\u00f3n took control of the region in the 16th century. During most of the Spanish colonial period, Bolivia was known as Upper Peru and administered by the Royal Court of Charcas. Spain built its empire in great part upon the silver that was extracted from Bolivia's mines. After the first call for independence in 1809, 16 years of war followed before the establishment of the Republic, named for Sim\u00f3n Bol\u00edvar, on 6 August 1825. Since independence, Bolivia has endured periods of political and economic instability, including the loss of various peripheral territories to its neighbors, such as Acre and parts of the Gran Chaco. It has been landlocked since the annexation of its Pacific coast territory by Chile following the War of the Pacific (1879\u201384), but agreements with neighbouring countries have granted it indirect access to the Pacific and Atlantic oceans. The country's population, estimated at 10 million, is multiethnic, including Amerindians, Mestizos, Europeans, Asians and Africans. The racial and social segregation that arose from Spanish colonialism has continued to the modern era. Spanish is the official and predominant language, although 36 indigenous languages also have official status, of which the most commonly spoken are Guarani, Aymara and Quechua languages. Modern Bolivia is constitutionally a democratic republic, divided into nine departments. Its geography varies from the peaks of the Andes in the West, to the Eastern Lowlands, situated within the Amazon Basin. It is a developing country, with a medium ranking in the Human Development Index and a poverty level of 53 percent. Its main economic activities include agriculture, forestry, fishing, mining, and manufacturing goods such as textiles, clothing, refined metals, and refined petroleum. Bolivia is very wealthy in minerals, especially tin.", "mentions": {"official_language": [{"start_char": 88, "end_char": 95, "uri": "http://www.wikidata.org/entity/Q35876"}, {"start_char": 174, "end_char": 181, "uri": "http://www.wikidata.org/entity/Q1321"}, {"start_char": 1896, "end_char": 1903, "uri": "http://www.wikidata.org/entity/Q1321"}, {"start_char": 2044, "end_char": 2051, "uri": "http://www.wikidata.org/entity/Q35876"}, {"start_char": 2053, "end_char": 2059, "uri": "http://www.wikidata.org/entity/Q4627"}, {"start_char": 2064, "end_char": 2081, "uri": "http://www.wikidata.org/entity/Q5218"}, {"start_char": 88, "end_char": 95, "uri": "http://www.wikidata.org/entity/Q35876"}, {"start_char": 174, "end_char": 181, "uri": "http://www.wikidata.org/entity/Q1321"}, {"start_char": 88, "end_char": 95, "uri": "http://www.wikidata.org/entity/Q35876"}, {"start_char": 174, "end_char": 181, "uri": "http://www.wikidata.org/entity/Q1321"}, {"start_char": 88, "end_char": 95, "uri": "http://www.wikidata.org/entity/Q35876"}, {"start_char": 174, "end_char": 181, "uri": "http://www.wikidata.org/entity/Q1321"}], "capital": [], "continent": [{"start_char": 268, "end_char": 281, "uri": "http://www.wikidata.org/entity/Q18"}, {"start_char": 268, "end_char": 281, "uri": "http://www.wikidata.org/entity/Q18"}, {"start_char": 268, "end_char": 281, "uri": "http://www.wikidata.org/entity/Q18"}, {"start_char": 268, "end_char": 281, "uri": "http://www.wikidata.org/entity/Q18"}]}, "mentions_same_attribute_class": {"official_language": [], "capital": [], "continent": []}}