{"id": "Q757", "text": "Saint Vincent and the Grenadines /se\u026ant \u02c8v\u026ans\u0259nt \u00e6nd \u00f0\u0259 \u0261r\u025bn\u0259\u02c8di\u02d0nz/ is an island country in the Lesser Antilles island arc, in the southern portion of the Windward Islands, which lie at the southern end of the eastern border of the Caribbean Sea where the latter meets the Atlantic Ocean. The country is also known as St. Vincent. Its 389 km2 (150 sq mi) territory consists of the main island of Saint Vincent and the northern two-thirds of the Grenadines, which are a chain of smaller islands stretching south from Saint Vincent Island to Grenada. Most of Saint Vincent lies within the Hurricane Belt. To the north of Saint Vincent lies Saint Lucia, to the east Barbados. Saint Vincent and the Grenadines is a densely populated country (over 300 inhabitants/km2) with approximately 102,000 inhabitants. Its capital is Kingstown, also its main port. Saint Vincent has a French and British colonial history and is now part of the Organisation of Eastern Caribbean States, CARICOM, the Commonwealth of Nations, the Bolivarian Alliance for the Americas and the Community of Latin American and Caribbean States (CELAC).", "mentions": {"official_language": [], "capital": [{"start_char": 820, "end_char": 829, "uri": "http://www.wikidata.org/entity/Q41474"}], "continent": []}, "mentions_same_attribute_class": {"official_language": [], "capital": [], "continent": []}}