{"id": "Q763", "text": "The Federation of Saint Kitts and Nevis /se\u026ant \u02cck\u026ats \u00e6nd \u02c8ni\u02d0v\u026as/, also known as the Federation of Saint Christopher and Nevis, is a two-island country in the West Indies. Located in the Leeward Islands chain of the Lesser Antilles, it is the smallest sovereign state in the Americas, in both area and population. The country is a Commonwealth realm, with the British Monarch (currently, Elizabeth II) as its head of state. The capital city is Basseterre on the larger island of Saint Kitts. The smaller island of Nevis lies about 2 miles (3 km) southeast of Saint Kitts across a shallow channel called \"The Narrows.\" The British dependency of Anguilla was historically also a part of this union, which was then known collectively as Saint Kitts-Nevis-Anguilla. To the north-northwest lie the islands of Sint Eustatius, Saba (the Netherlands), Saint Barth\u00e9lemy, Saint-Martin/Sint Maarten and Anguilla. To the east and northeast are Antigua and Barbuda, and to the southeast is the small uninhabited island of Redonda, and the island of Montserrat, which currently has an active volcano (see Soufri\u00e8re Hills). Saint Kitts and Nevis were among the first islands in the Caribbean to be settled by Europeans. Saint Kitts was home to the first British and French colonies in the Caribbean, and thus has also been titled \"The Mother Colony of the West Indies.\"", "mentions": {"official_language": [], "capital": [{"start_char": 444, "end_char": 454, "uri": "http://www.wikidata.org/entity/Q41295"}], "continent": []}, "mentions_same_attribute_class": {"official_language": [], "capital": [], "continent": []}}