{"id": "Q769", "text": "Grenada (/\u0261r\u1d7b\u02c8ne\u026ad\u0259/; French: La Grenade) is an island country consisting of Grenada itself and six smaller islands at the southern end of the Grenadines in the southeastern Caribbean Sea. Grenada is located northwest of Trinidad and Tobago, northeast of Venezuela, and southwest of Saint Vincent and the Grenadines. Grenada is also known as the \"Island of Spice\" because of the production of nutmeg and mace crops, of which it is one of the world's largest exporters. Its size is 344 square kilometres (133 sq mi), with an estimated population of 110,000. Its capital is St. George's. The national bird of Grenada is the critically endangered Grenada dove.", "mentions": {"official_language": [], "capital": [], "continent": []}, "mentions_same_attribute_class": {"official_language": [], "capital": [], "continent": []}}