{"id": "Q77", "text": "Uruguay (/\u02c8j\u028a\u0259r\u0259\u0261wa\u026a/; [u\u027eu\u02c8\u0263wai]), officially the Eastern Republic of Uruguay (Spanish: Rep\u00fablica Oriental del Uruguay), is a country in the southeastern region of South America. It is bordered by Argentina to its west and Brazil to its north and east, with the Atlantic Ocean to the south and southeast. Uruguay is home to 3.3 million people, of whom 1.8 million live in the metropolitan area of its capital and largest city, Montevideo. With an area of approximately 176,000 square kilometres (68,000 sq mi), Uruguay is geographically the second-smallest nation in South America after Suriname. Uruguay was inhabited by the Charr\u00faa people for approximately 4000 years before the Portuguese invaded. Portugal established Colonia del Sacramento, one of the oldest European settlements in the country, in 1680. Montevideo was founded as a military stronghold by the Spanish in the early 18th century, signifying the competing claims over the region. Uruguay won its independence between 1811 and 1828, following a four-way struggle between Spain, Portugal, Argentina and Brazil. It remained subject to foreign influence and intervention throughout the 19th century, with the military playing a recurring role in domestic politics until the late 20th century. Modern Uruguay is a democratic constitutional republic, with a president who serves as both head of state and head of government. Uruguay is ranked first in Latin America in democracy, peace, lack of corruption, quality of living, e-government, and equally first in South America when it comes to press freedom, size of the middle class and prosperity. Security became a serious problem during the past several years On a per-capita basis, Uruguay contributes more troops to United Nations peace-keeping missions than any other country. It ranks second in the region on economic freedom, income equality, per-capita income and inflows of FDI. Uruguay is the third-best country on the continent in terms of HDI, GDP growth, innovation and infrastructure. It is regarded as a high-income country (top group) by the UN, the only one in Latin America. Uruguay is also the third-best ranked in the world in e-Participation.Uruguay is an important global exporter of combed wool, rice, soybeans, frozen beef, malt and milk. The Economist named Uruguay \"country of the year\" in 2013 acknowledging the innovative policy of legalizing the production, sale and consumption of cannabis. Same-sex marriage and abortion are also legal, leading Uruguay to be regarded as one of the most liberal nations in the world, and one of the most socially developed, outstanding regionally and performing well globally on personal rights, tolerance and inclusion issues.", "mentions": {"official_language": [{"start_char": 80, "end_char": 87, "uri": "http://www.wikidata.org/entity/Q1321"}, {"start_char": 866, "end_char": 873, "uri": "http://www.wikidata.org/entity/Q1321"}, {"start_char": 80, "end_char": 87, "uri": "http://www.wikidata.org/entity/Q1321"}, {"start_char": 80, "end_char": 87, "uri": "http://www.wikidata.org/entity/Q1321"}, {"start_char": 80, "end_char": 87, "uri": "http://www.wikidata.org/entity/Q1321"}], "capital": [{"start_char": 428, "end_char": 438, "uri": "http://www.wikidata.org/entity/Q1335"}, {"start_char": 811, "end_char": 821, "uri": "http://www.wikidata.org/entity/Q1335"}, {"start_char": 428, "end_char": 438, "uri": "http://www.wikidata.org/entity/Q1335"}, {"start_char": 428, "end_char": 438, "uri": "http://www.wikidata.org/entity/Q1335"}], "continent": [{"start_char": 165, "end_char": 178, "uri": "http://www.wikidata.org/entity/Q18"}, {"start_char": 568, "end_char": 581, "uri": "http://www.wikidata.org/entity/Q18"}, {"start_char": 1525, "end_char": 1538, "uri": "http://www.wikidata.org/entity/Q18"}, {"start_char": 165, "end_char": 178, "uri": "http://www.wikidata.org/entity/Q18"}, {"start_char": 165, "end_char": 178, "uri": "http://www.wikidata.org/entity/Q18"}, {"start_char": 165, "end_char": 178, "uri": "http://www.wikidata.org/entity/Q18"}, {"start_char": 1525, "end_char": 1538, "uri": "http://www.wikidata.org/entity/Q18"}]}, "mentions_same_attribute_class": {"official_language": [], "capital": [], "continent": []}}