{"id": "Q774", "text": "Guatemala (/\u02cc\u0261w\u0251\u02d0t\u1d7b\u02c8m\u0251\u02d0l\u0259\u02cc \u0261w\u00e6-\u02cc \u0261\u0251\u02d0-/ GWAH-t\u0259-MAH-l\u0259, GWAT-\u0259-MAH-l\u0259 or GAH-t\u0259-MAH-l\u0259; [gwate\u02c8mala]), officially the Republic of Guatemala (Spanish: Rep\u00fablica de Guatemala), is a country in Central America bordered by Mexico to the north and west, the Pacific Ocean to the southwest, Belize to the northeast, the Caribbean to the east, Honduras to the east and El Salvador to the southeast. With an estimated population of around 15.8 million, it is the most populous state in Central America. A representative democracy, Guatemala's capital and largest city is Nueva Guatemala de la Asunci\u00f3n, also known as Guatemala City. The territory of modern Guatemala once formed the core of the Mayan civilization, which extended across Mesoamerica. Most of the country was conquered by the Spanish in the 16th century, becoming part of the viceroyalty of New Spain. Guatemala attained independence in 1821 as part of the Federal Republic of Central America, which dissolved in 1841. From the mid to late 19th century, Guatemala experienced chronic instability and civil strife. Beginning in the early 20th century, it was ruled by a series of dictators backed by the United Fruit Company and the United States government. In 1944, authoritarian leader Jorge Ubico was overthrown by a pro-democratic military coup, initiating a decade-long revolution that led to sweeping social and economic reforms. A U.S.-backed military coup in 1954 ended the revolution and installed a dictatorship. From 1960 to 1996, Guatemala endured a bloody civil war fought between the U.S.-backed government and leftist rebels, which included massacres of the Mayan population perpetrated by the military. Since a United Nations-negotiated peace accord, Guatemala has witnessed both economic growth and successful democratic elections, though it continues to struggle with high rates of poverty, crime, drug trade, and instability. Guatemala's abundance of biologically significant and unique ecosystems, which includes a large number of endemic species, contributes to Mesoamerica's designation as a biodiversity hotspot. The country is also known for its rich and distinct culture, which is characterized by a fusion of Spanish and Indigenous influences.", "mentions": {"official_language": [{"start_char": 140, "end_char": 147, "uri": "http://www.wikidata.org/entity/Q1321"}, {"start_char": 2191, "end_char": 2198, "uri": "http://www.wikidata.org/entity/Q1321"}, {"start_char": 140, "end_char": 147, "uri": "http://www.wikidata.org/entity/Q1321"}, {"start_char": 140, "end_char": 147, "uri": "http://www.wikidata.org/entity/Q1321"}, {"start_char": 140, "end_char": 147, "uri": "http://www.wikidata.org/entity/Q1321"}], "capital": [{"start_char": 562, "end_char": 592, "uri": "http://www.wikidata.org/entity/Q1555"}, {"start_char": 608, "end_char": 622, "uri": "http://www.wikidata.org/entity/Q1555"}, {"start_char": 562, "end_char": 592, "uri": "http://www.wikidata.org/entity/Q1555"}, {"start_char": 608, "end_char": 622, "uri": "http://www.wikidata.org/entity/Q1555"}, {"start_char": 562, "end_char": 592, "uri": "http://www.wikidata.org/entity/Q1555"}, {"start_char": 608, "end_char": 622, "uri": "http://www.wikidata.org/entity/Q1555"}], "continent": [{"start_char": 190, "end_char": 205, "uri": "http://www.wikidata.org/entity/Q27611"}, {"start_char": 477, "end_char": 492, "uri": "http://www.wikidata.org/entity/Q27611"}, {"start_char": 190, "end_char": 205, "uri": "http://www.wikidata.org/entity/Q27611"}, {"start_char": 190, "end_char": 205, "uri": "http://www.wikidata.org/entity/Q27611"}, {"start_char": 190, "end_char": 205, "uri": "http://www.wikidata.org/entity/Q27611"}]}, "mentions_same_attribute_class": {"official_language": [], "capital": [], "continent": []}}