{"id": "Q781", "text": "Antigua and Barbuda (/\u00e6n\u02c8ti\u02d0\u0261\u0259 \u0259n\u1d48 b\u0251\u02d0r\u02c8bju\u02d0d\u0259/; an-TEE-g\u01dd \u01ddnd bar-BYOO-d\u01dd;) is a twin-island country in the Americas, lying between the Caribbean Sea and the Atlantic Ocean. It consists of two major inhabited islands, Antigua and Barbuda, and a number of smaller islands (including Great Bird, Green, Guinea, Long, Maiden and York Islands and further south, the island of Redonda). The permanent population numbers about 81,800 (at the 2011 Census) and the capital and largest port and city is St. John's, on Antigua. Separated by a few nautical miles, Antigua and Barbuda are in the middle of the Leeward Islands, part of the Lesser Antilles, roughly at 17\u00b0N of the equator. The country's name was given by Christopher Columbus in 1493 after discovering the island, in honor of the Virgin of La Antigua in the Seville Cathedral. The country is nicknamed \"Land of 365 Beaches\" due to the many beaches surrounding the islands. Its governance, language, and culture have all been strongly influenced by the British Empire, of which the country was formerly a part.", "mentions": {"official_language": [], "capital": [], "continent": [{"start_char": 109, "end_char": 117, "uri": "http://www.wikidata.org/entity/Q49"}]}, "mentions_same_attribute_class": {"official_language": [], "capital": [], "continent": []}}