{"id": "Q783", "text": "Honduras (/h\u0252n\u02c8d\u028a\u0259r\u0259s/; [on\u02c8du\u027eas]), officially the Republic of Honduras (Spanish: Rep\u00fablica de Honduras), is a republic in Central America. It was at times referred to as Spanish Honduras to differentiate it from British Honduras, which became the modern-day state of Belize. Honduras is bordered to the west by Guatemala, to the southwest by El Salvador, to the southeast by Nicaragua, to the south by the Pacific Ocean at the Gulf of Fonseca, and to the north by the Gulf of Honduras, a large inlet of the Caribbean Sea. Honduras was home to several important Mesoamerican cultures, most notably the Maya, prior to being conquered by Spain in the sixteenth century. The Spanish introduced Roman Catholicism and the now predominant Spanish language, along with numerous customs that have blended with the indigenous culture. Honduras became independent in 1821 and has since been a republic, although it has consistently endured much social strife and political instability, remaining one of the poorest countries in the Western Hemisphere. Honduras has the highest murder rate in the world. Honduras spans an area of about 112,492 km2 and has a population exceeding 8 million. Its northern portions are part of the Western Caribbean Zone, as reflected in the area's demographics and culture. Honduras is known for its rich natural resources, including various minerals, coffee, tropical fruit, and sugar cane, as well as for its growing textiles industry, which serves the international market.", "mentions": {"official_language": [{"start_char": 74, "end_char": 81, "uri": "http://www.wikidata.org/entity/Q1321"}, {"start_char": 673, "end_char": 680, "uri": "http://www.wikidata.org/entity/Q1321"}, {"start_char": 734, "end_char": 750, "uri": "http://www.wikidata.org/entity/Q1321"}, {"start_char": 74, "end_char": 81, "uri": "http://www.wikidata.org/entity/Q1321"}, {"start_char": 74, "end_char": 81, "uri": "http://www.wikidata.org/entity/Q1321"}, {"start_char": 74, "end_char": 81, "uri": "http://www.wikidata.org/entity/Q1321"}], "capital": [], "continent": []}, "mentions_same_attribute_class": {"official_language": [], "capital": [], "continent": []}}