{"id": "Q784", "text": "Dominica (/\u02ccd\u0252m\u026a\u02c8ni\u02d0k\u0259/ DOM-i-NEE-k\u0259; French: Dominique; Island Carib: Wai\u2018tu kubuli), officially the Commonwealth of Dominica, is an island country in the Lesser Antilles region of the Caribbean Sea, south-southeast of Guadeloupe and northwest of Martinique. Its area is 750 square kilometres (290 sq mi) and the highest point is Morne Diablotins, at 1,447 metres (4,747 ft) elevation. The population was 72,301 at the 2014 census. The capital is Roseau, located on the leeward side of the island. The island was originally inhabited by the Kalinago/Arawak and later colonised by the Europeans, predominately by the French, who arrived at the island on Sunday, 3 November 1493 (\"Sunday\" = \"Domenica\" in Italian). Great Britain took it over in 1763 after the Seven Years' War and gradually established English as the official language. The island republic gained independence in 1978. Its name is pronounced with emphasis on the third syllable, related to its former Dominique. Dominica has been nicknamed the \"Nature Isle of the Caribbean\" for its unspoiled natural beauty. It is the youngest island in the Lesser Antilles, still being formed by geothermal-volcanic activity, as evidenced by the world's second-largest hot spring, Boiling Lake. The island has lush mountainous rainforests, and is the home of many rare plants, animals, and bird species. There are xeric areas in some of the western coastal regions, but heavy rainfall occurs inland. The Sisserou parrot (also known as the imperial amazon), is found only on Dominica and is the island's national bird and features on the national flag. Dominica's economy depends on tourism and agriculture.", "mentions": {"official_language": [{"start_char": 802, "end_char": 809, "uri": "http://www.wikidata.org/entity/Q1860"}], "capital": [{"start_char": 448, "end_char": 454, "uri": "http://www.wikidata.org/entity/Q36281"}], "continent": []}, "mentions_same_attribute_class": {"official_language": [], "capital": [], "continent": []}}