{"id": "Q786", "text": "The Dominican Republic (; Spanish: Rep\u00fablica Dominicana [re\u02c8pu\u03b2lika \u00f0omini\u02c8kana]) is a sovereign state on the island of Hispaniola, in the Greater Antilles archipelago in the Caribbean region. The western three-eighths of the island is occupied by the nation of Haiti, making Hispaniola one of two Caribbean islands, along with Saint Martin, that are shared by two countries. Both by area and population the Dominican Republic is the second-largest Caribbean nation (after Cuba), with 48,445 square kilometres (18,705 sq mi) and nearly 10 million people, one million of whom live in the capital city Santo Domingo. Christopher Columbus landed on the island on December 5, 1492, which the Ta\u00edno people had inhabited since the 7th century. It became the site of the first permanent European settlement in the Americas; namely Santo Domingo, the oldest continuously inhabited city and the first seat of the Spanish colonial rule in the New World. After three centuries of Spanish rule, with French and Haitian interludes, the Dominican Republic became independent in 1821. The ruler, Jos\u00e9 N\u00fa\u00f1ez de C\u00e1ceres, intended that the Dominican Republic be part of the nation of Gran Colombia, but he was quickly removed by the Haitian government and Dominican slave revolts. Victorious in the Dominican War of Independence against Haitian rule in 1844, the Dominican Republic over the next 72 years, experienced mostly internal strife and a brief return to colonial status, the only nation in the hemisphere to do so after gaining its independence, before permanently ousting Spaniard rule during the Dominican War of Restoration of 1865. A United States occupation lasted eight years between 1916\u20131924, and a subsequent calm and prosperous six-year period under Horacio V\u00e1squez Lajara, were followed by the dictatorship of Rafael Le\u00f3nidas Trujillo Molina until 1961. A civil war in 1965, the country's last, was ended by U.S. military occupation, and was followed by the authoritarian rule of Joaqu\u00edn Balaguer, 1966\u20131978. Since then, the Dominican Republic has moved toward representative democracy, and has been led by Leonel Fern\u00e1ndez for most of the time after 1996. Danilo Medina, the Dominican Republic's current president, succeeded Fernandez in 2012, winning 51% of the electoral vote over his opponent ex-president Hip\u00f3lito Mej\u00eda. The Dominican Republic has the tenth largest economy in Latin America and is the second largest economy in the Caribbean and Central American region. Though long known for agriculture and mining, the economy is now dominated by services. The Dominican Republic has a vibrant national stock market, Bolsa de Valores de la Republica Dominicana (BVRD). The Dominican Republic's economic progress is exemplified by its advanced telecommunication system and transportation infrastructure. Nevertheless, unemployment, government corruption, and inconsistent electric service remain major Dominican problems. The country also has \"marked income inequality\". International migration affects the Dominican Republic greatly, as it receives and sends large flows of migrants. Mass illegal Haitian immigration and the integration of Dominicans of Haitian descent are major issues. A large Dominican diaspora exists, mostly in the United States. They contribute to the Dominican Republic's development as they send billions of dollars to their families in remittances. The Dominican Republic is the most visited destination in the Caribbean. The year-round golf courses are among the top attractions on the island. A geographically diverse nation, the Dominican Republic is home to the region's tallest mountain peak, Pico Duarte, as well as the Caribbean's largest lake and lowest elevation, Lake Enriquillo. The island has an average temperature of 26 \u00b0C (78.8 \u00b0F) and great climatic and biological diversity. The country is also the site of the first cathedral, castle, monastery, and fortress built in all of the Americas, located in Santo Domingo's Colonial Zone, an area declared as a World Heritage Site by UNESCO. Music and sport are of great importance in the Dominican culture, with Merengue and Bachata as the national dance and music, and baseball as the favorite sport.", "mentions": {"official_language": [{"start_char": 26, "end_char": 33, "uri": "http://www.wikidata.org/entity/Q1321"}, {"start_char": 969, "end_char": 976, "uri": "http://www.wikidata.org/entity/Q1321"}, {"start_char": 26, "end_char": 33, "uri": "http://www.wikidata.org/entity/Q1321"}, {"start_char": 969, "end_char": 976, "uri": "http://www.wikidata.org/entity/Q1321"}], "capital": [{"start_char": 600, "end_char": 613, "uri": "http://www.wikidata.org/entity/Q34820"}, {"start_char": 3953, "end_char": 3966, "uri": "http://www.wikidata.org/entity/Q34820"}], "continent": []}, "mentions_same_attribute_class": {"official_language": [], "capital": [], "continent": []}}