{"id": "Q79", "text": "Egypt (/\u02c8i\u02d0d\u0292\u026apt/; Arabic: \u0645\u0650\u0635\u0631 Mi\u1e63r, Egyptian Arabic: \u0645\u064e\u0635\u0631 Ma\u1e63r, Coptic: \u2cac\u2c8f\u2c99\u2c93 Khemi), officially the Arab Republic of Egypt, is a transcontinental country spanning the northeast corner of Africa and southwest corner of Asia, via a land bridge formed by the Sinai Peninsula. It is the world's only contiguous Eurafrasian nation. Most of Egypt's territory of 1,010,408 square kilometres (390,000 sq mi) lies within the Nile Valley. Egypt is a Mediterranean country. It is bordered by the Gaza Strip and Israel to the northeast, the Gulf of Aqaba to the east, the Red Sea to the east and south, Sudan to the south and Libya to the west. Egypt has one of the longest histories of any modern country, arising in the tenth millennium BC as one of the world's first nation states. Considered a cradle of civilisation, Ancient Egypt experienced some of the earliest developments of writing, agriculture, urbanisation, organised religion and central government. Iconic monuments such as the Giza Necropolis and its Great Sphinx, as well the ruins of Memphis, Thebes, Karnak, and the Valley of the Kings, reflect this legacy and remain a significant focus of archaeological study and popular interest worldwide. Egypt's rich cultural heritage is an integral part of its national identity, having endured, and at times assimilated, various foreign influences, including Greek, Persian, Roman, Arab, Ottoman, and European. Although Christianised in the first century of the Common Era, it was subsequently Islamised due to the Islamic conquests of the seventh century. With over 90 million inhabitants, Egypt is the most populous country in North Africa and the Arab World, the third-most populous in Africa (after Nigeria and Ethiopia), and the fifteenth-most populous in the world. The great majority of its people live near the banks of the Nile River, an area of about 40,000 square kilometres (15,000 sq mi), where the only arable land is found. The large regions of the Sahara desert, which constitute most of Egypt's territory, are sparsely inhabited. About half of Egypt's residents live in urban areas, with most spread across the densely populated centres of greater Cairo, Alexandria and other major cities in the Nile Delta. Modern Egypt is considered to be a regional and middle power, with significant cultural, political, and military influence in North Africa, the Middle East and the Muslim world. Its economy is one of the largest and most diversified in the Middle East, with sectors such as tourism, agriculture, industry and services at almost equal production levels. In 2011, longtime President Hosni Mubarak stepped down amid mass protests. Later elections saw the rise of the Muslim Brotherhood, which was ousted by the army a year later amid mass protests.", "mentions": {"official_language": [], "capital": [], "continent": [{"start_char": 189, "end_char": 195, "uri": "http://www.wikidata.org/entity/Q15"}, {"start_char": 220, "end_char": 224, "uri": "http://www.wikidata.org/entity/Q48"}, {"start_char": 1690, "end_char": 1696, "uri": "http://www.wikidata.org/entity/Q15"}, {"start_char": 189, "end_char": 195, "uri": "http://www.wikidata.org/entity/Q15"}, {"start_char": 220, "end_char": 224, "uri": "http://www.wikidata.org/entity/Q48"}, {"start_char": 189, "end_char": 195, "uri": "http://www.wikidata.org/entity/Q15"}, {"start_char": 220, "end_char": 224, "uri": "http://www.wikidata.org/entity/Q48"}]}, "mentions_same_attribute_class": {"official_language": [], "capital": [], "continent": []}}