{"id": "Q790", "text": "Haiti (/\u02c8he\u026ati/; French: Ha\u00efti [a.iti]; Haitian Creole: Ayiti [ajiti]), officially the Republic of Haiti (French: R\u00e9publique d'Ha\u00efti; Haitian Creole: Repiblik Ayiti), is a sovereign state in the Western Hemisphere (North America). The country is located on the island of Hispaniola, in the Greater Antilles archipelago of the Caribbean. It occupies the western three-eighths of the island which it shares with the Dominican Republic. Haiti is 27,750 square kilometres (10,714 sq mi) in size and has an estimated 10.6 million people, making it the most populous country in the Caribbean Community (CARICOM) and the third-most populous country in the Caribbean as a whole. Originally inhabited by the indigenous Ta\u00edno people, Europeans first became aware of the island on 5 December 1492 during the first voyage of Christopher Columbus across the Atlantic. When Columbus first landed in Haiti, he had thought he had found India or Asia. Deciding to establish the first settlement in the area, a contingent of men were left at an outpost christened La Navidad because of the wreck to their sunken flagship, the Santa Maria, that occurred at Christmas, north of what is now Limonade. The island was named Hispaniola and claimed by Spain, which ruled until the early 17th century. Competing claims and settlements by the French led to the western portion of the island being ceded to France, which named it Saint-Domingue. The development of sugarcane plantations, worked by slaves brought from Africa, led to the colony being among the most lucrative in the world. In the midst of the French Revolution, slaves and free people of colour revolted, culminating in the abolishment of slavery and the defeat of Napoleon Bonaparte's army at the Battle of Verti\u00e8res. Afterward the sovereign \"Republic of Haiti\" was established on 1 January 1804 \u2013 the first independent nation of Latin America and the Caribbean, the second republic in the Americas, the only nation in the western hemisphere to have defeated three European superpowers (Britain, France and Spain), and the only nation in the world established as a result of a successful slave revolt. The rebellion that began in 1791 was led by a former slave and the first black general of the French Army, Toussaint Louverture, whose military genius and political acumen transformed an entire society of slaves into the independent country. Upon his death in a prison in France, he was succeeded by his lieutenant, Jean-Jacques Dessalines, who declared Haiti's sovereignty and later became the first emperor of Haiti, Jacques I. The Haitian Revolution lasted nearly a decade; and apart from Alexandre P\u00e9tion, the first President of the Republic, all the first leaders of government were former slaves. The Citadelle Laferri\u00e8re is the largest fortress in the Americas. Henri Christophe \u2013 former slave and first king of Haiti, Henri I \u2013 built it to withstand a possible foreign attack. In addition to CARICOM, Haiti is a member of the Latin Union, the Organization of American States, and the Community of Latin American and Caribbean States; it is also seeking associate membership status in the African Union. It has the lowest Human Development Index in the Americas. Most recently, in February 2004, a coup d'\u00e9tat originating in the north of the country forced the resignation and exile of President Jean-Bertrand Aristide. A provisional government took control with security provided by the United Nations Stabilization Mission in Haiti (MINUSTAH). Michel Martelly, the previous president, was elected in the 2011 general election.", "mentions": {"official_language": [{"start_char": 17, "end_char": 23, "uri": "http://www.wikidata.org/entity/Q150"}, {"start_char": 40, "end_char": 54, "uri": "http://www.wikidata.org/entity/Q33491"}, {"start_char": 106, "end_char": 112, "uri": "http://www.wikidata.org/entity/Q150"}, {"start_char": 134, "end_char": 148, "uri": "http://www.wikidata.org/entity/Q33491"}, {"start_char": 1316, "end_char": 1322, "uri": "http://www.wikidata.org/entity/Q150"}, {"start_char": 17, "end_char": 23, "uri": "http://www.wikidata.org/entity/Q150"}, {"start_char": 40, "end_char": 54, "uri": "http://www.wikidata.org/entity/Q33491"}, {"start_char": 106, "end_char": 112, "uri": "http://www.wikidata.org/entity/Q150"}, {"start_char": 134, "end_char": 148, "uri": "http://www.wikidata.org/entity/Q33491"}, {"start_char": 17, "end_char": 23, "uri": "http://www.wikidata.org/entity/Q150"}, {"start_char": 40, "end_char": 54, "uri": "http://www.wikidata.org/entity/Q33491"}, {"start_char": 106, "end_char": 112, "uri": "http://www.wikidata.org/entity/Q150"}, {"start_char": 134, "end_char": 148, "uri": "http://www.wikidata.org/entity/Q33491"}, {"start_char": 17, "end_char": 23, "uri": "http://www.wikidata.org/entity/Q150"}, {"start_char": 40, "end_char": 54, "uri": "http://www.wikidata.org/entity/Q33491"}, {"start_char": 106, "end_char": 112, "uri": "http://www.wikidata.org/entity/Q150"}, {"start_char": 134, "end_char": 148, "uri": "http://www.wikidata.org/entity/Q33491"}], "capital": [], "continent": [{"start_char": 215, "end_char": 228, "uri": "http://www.wikidata.org/entity/Q49"}, {"start_char": 215, "end_char": 228, "uri": "http://www.wikidata.org/entity/Q49"}, {"start_char": 215, "end_char": 228, "uri": "http://www.wikidata.org/entity/Q49"}, {"start_char": 215, "end_char": 228, "uri": "http://www.wikidata.org/entity/Q49"}]}, "mentions_same_attribute_class": {"official_language": [], "capital": [], "continent": []}}