{"id": "Q792", "text": "El Salvador (/\u025bl \u02c8s\u00e6lv\u0259d\u0254\u02d0r/; [el sal\u03b2a\u02c8\u00f0or]), officially the Republic of El Salvador (Spanish: Rep\u00fablica de El Salvador, literally \"Republic of The Savior\"), is the smallest and the most densely populated country in Central America. El Salvador's capital and largest city is San Salvador. As of 2015, El Salvador had a population of approximately 6.38 million, making it the most densely populated country in the region. Its population consists largely of Mestizos of European and Indigenous American descent. El Salvador was for centuries inhabited by several Mesoamerican nations, especially the Cuzcatlecs, as well as the Lenca and Maya. In the early 16th century, the Spanish Empire conquered the territory, incorporating it into the Viceroyalty of New Spain. In 1821, the country achieved independence from Spain as part of the First Mexican Empire, only to further secede as part of the Federal Republic of Central America in 1823. Upon the republic's dissolution in 1841, El Salvador became sovereign until forming a short-lived union with Honduras and Nicaragua called the Greater Republic of Central America, which lasted from 1895 to 1898. From the late 19th to the mid-20th century, El Salvador endured chronic political and economic instability characterized by coups, revolts, and a succession of authoritarian rulers. Persistent socioeconomic inequality and civil unrest culminated in the devastating Salvadoran Civil War (1979\u20131992), which was fought between the military-led government and a coalition of left-wing guerrilla groups. The conflict ended with a negotiated settlement that established a multiparty constitutional republic, which remains in place to this day. El Salvador's economy was historically dominated by agriculture, beginning with the indigo plant (a\u00f1il in Spanish), the most important crop during the colonial period, and followed thereafter by coffee, which by the early 20th century accounted for 90 percent of export earnings. El Salvador has since reduced its dependence on coffee and embarked on diversifying the economy by opening up trade and financial links and expanding the manufacturing sector. The col\u00f3n, the official currency of El Salvador since 1892, was replaced by the U.S. dollar in 2001. As of 2010, El Salvador ranks 12th among Latin American countries in terms of the Human Development Index and fourth in Central America (behind Panama, Costa Rica, and Belize) due in part to ongoing rapid industrialisation. However, the country continues to struggle with high rates of poverty, inequality, and crime.", "mentions": {"official_language": [{"start_char": 87, "end_char": 94, "uri": "http://www.wikidata.org/entity/Q1321"}, {"start_char": 1795, "end_char": 1802, "uri": "http://www.wikidata.org/entity/Q1321"}, {"start_char": 87, "end_char": 94, "uri": "http://www.wikidata.org/entity/Q1321"}, {"start_char": 87, "end_char": 94, "uri": "http://www.wikidata.org/entity/Q1321"}, {"start_char": 87, "end_char": 94, "uri": "http://www.wikidata.org/entity/Q1321"}, {"start_char": 1795, "end_char": 1802, "uri": "http://www.wikidata.org/entity/Q1321"}], "capital": [{"start_char": 276, "end_char": 288, "uri": "http://www.wikidata.org/entity/Q3110"}, {"start_char": 276, "end_char": 288, "uri": "http://www.wikidata.org/entity/Q3110"}, {"start_char": 276, "end_char": 288, "uri": "http://www.wikidata.org/entity/Q3110"}], "continent": []}, "mentions_same_attribute_class": {"official_language": [], "capital": [], "continent": []}}