{"id": "Q800", "text": "Costa Rica (/\u02ccko\u028ast\u0259 \u02c8ri\u02d0k\u0259/; [\u02c8kosta \u02c8rika]; literally meaning, \"Rich Coast\"), officially the Republic of Costa Rica (Spanish: Rep\u00fablica de Costa Rica), is a country in Central America, bordered by Nicaragua to the north, Panama to the southeast, the Pacific Ocean to the west, the Caribbean Sea to the east, and Ecuador to the south of Cocos Island. It has a population of around 4.5 million, of whom nearly a quarter live in the metropolitan area of the capital and largest city, San Jos\u00e9. Costa Rica was sparsely inhabited by indigenous people before coming under Spanish rule in the 16th century. It remained a peripheral colony of the empire until independence as part of the short-lived First Mexican Empire, followed by membership in the United Provinces of Central America, from which it formally declared sovereignty in 1847. Since then, Costa Rica has remained among the most stable, prosperous, and progressive nations in Latin America. Following a brief but bloody civil war, it permanently abolished its army in 1949, becoming the first of only a few sovereign nations without a standing army. Costa Rica has consistently performed favorably in the Human Development Index (HDI), placing 62nd in the world as of 2012, among the highest of any Latin American nation. It has also been cited by the United Nations Development Programme (UNDP) as having attained much higher human development than other countries at the same income levels, with a better record on human development and inequality than the median of the region. Its rapidly developing economy, once heavily dependent on agriculture, has diversified to include sectors such as finance, pharmaceuticals, and ecotourism. Costa Rica is known for its progressive environmental policies, being the only country to meet all five criteria established to measure environmental sustainability. It was ranked fifth in the world, and first in the Americas, in the 2012 Environmental Performance Index. It was twice ranked the best performing country in the New Economics Foundation's (NEF) Happy Planet Index, which measures environmental sustainability, and identified by the NEF as the greenest country in the world in 2009. In 2007, the Costa Rican government announced plans for Costa Rica to become the first carbon-neutral country by 2021; in 2012, it became the first country in the Americas to ban recreational hunting.", "mentions": {"official_language": [{"start_char": 119, "end_char": 126, "uri": "http://www.wikidata.org/entity/Q1321"}, {"start_char": 568, "end_char": 575, "uri": "http://www.wikidata.org/entity/Q1321"}, {"start_char": 119, "end_char": 126, "uri": "http://www.wikidata.org/entity/Q1321"}, {"start_char": 119, "end_char": 126, "uri": "http://www.wikidata.org/entity/Q1321"}, {"start_char": 119, "end_char": 126, "uri": "http://www.wikidata.org/entity/Q1321"}, {"start_char": 568, "end_char": 575, "uri": "http://www.wikidata.org/entity/Q1321"}], "capital": [], "continent": []}, "mentions_same_attribute_class": {"official_language": [], "capital": [], "continent": []}}