{"id": "Q801", "text": "Israel (/\u02c8\u026azre\u026a\u0259l/ or /\u02c8\u026azri\u02d0\u0259l/; Hebrew: \u05d9\u05b4\u05e9\u05b0\u05c2\u05e8\u05b8\u05d0\u05b5\u05dc Yisr\u0101'el; Arabic: \u0625\u0650\u0633\u0652\u0631\u064e\u0627\u0626\u0650\u064a\u0644 Isr\u0101\u02bc\u012bl), officially the State of Israel (Hebrew: \u05de\u05b0\u05d3\u05b4\u05d9\u05e0\u05b7\u05ea \u05d9\u05b4\u05e9\u05b0\u05c2\u05e8\u05b8\u05d0\u05b5\u05dc Med\u012bnat Yisr\u0101'el [medi\u02c8nat jis\u0281a\u02c8\u0294el]; Arabic: \u062f\u0648\u0644\u0629 \u0625\u0650\u0633\u0652\u0631\u064e\u0627\u0626\u0650\u064a\u0644 Dawlat Isr\u0101\u02bc\u012bl [dawlat \u0294isra\u02d0\u02c8\u0294i\u02d0l]), is a sovereign state in Asia. The country is situated in the Middle East at the southeastern shore of the Mediterranean Sea and the northern shore of the Gulf of Aqaba in the Red Sea. It shares land borders with Lebanon to the north, Syria in the northeast, Jordan on the east, the Palestinian territories (which are claimed by the State of Palestine and are partially controlled by Israel) comprising the West Bank and Gaza Strip to the east and west, respectively, and Egypt to the southwest. It contains geographically diverse features within its relatively small area. Israel's financial and technology center is Tel Aviv, while Jerusalem is both its self-designated capital (unrecognised by the United Nations) and the most populous individual city under the country's governmental administration. Israeli sovereignty over Jerusalem is internationally disputed. On 29 November 1947, the United Nations General Assembly recommended the adoption and implementation of the Partition Plan for Mandatory Palestine. This UN plan specified borders for new Arab and Jewish states and also specified an area of Jerusalem and its environs which was to be administered by the UN under an international regime. The end of the British Mandate for Palestine was set for midnight on 14 May 1948. That day, David Ben-Gurion, the Executive Head of the Zionist Organization and president of the Jewish Agency for Palestine, declared \"the establishment of a Jewish state in Eretz Israel, to be known as the State of Israel,\" which would start to function from the termination of the mandate. The borders of the new state were not specified in the declaration. Neighboring Arab armies invaded the former Palestinian mandate on the next day and fought the Israeli forces. Israel has since fought several wars with neighboring Arab states, in the course of which it has occupied the West Bank, Sinai Peninsula (1956\u201357, 1967\u201382), part of South Lebanon (1982\u20132000), Gaza Strip (1967-2005; still considered occupied after 2005 disengagement) and the Golan Heights. It extended its laws to the Golan Heights and East Jerusalem, but not the West Bank. Efforts to resolve the Israeli\u2013Palestinian conflict have not resulted in peace. However, peace treaties between Israel and both Egypt and Jordan have successfully been signed. Israel\u2019s occupation of Gaza, the West Bank and East Jerusalem is the world's longest military occupation in modern times. The population of Israel, as defined by the Israel Central Bureau of Statistics, was estimated in 2014 to be 8,146,300 people. It is the world's only Jewish-majority state, with 6,212,000 citizens, or 74.9% of Israelis, being designated as Jewish. The country's second largest group of citizens are denoted as Arabs, numbering 1,718,400 people (including the Druze and most East Jerusalem Arabs). The great majority of Israeli Arabs are settled Sunni Muslims, with smaller but significant numbers of semi-settled Negev Bedouins; the rest are Christians and Druze. Other far smaller minorities include Maronites, Samaritans, Dom people and Roma, Black Hebrew Israelites, other Sub-Saharan Africans, Armenians, Circassians, Vietnamese boat people, and others. Israel also hosts a significant population of non-citizen foreign workers and asylum seekers from Africa and Asia. In its Basic Laws, Israel defines itself as a Jewish and Democratic State. Israel is a representative democracy with a parliamentary system, proportional representation and universal suffrage. The Prime Minister serves as head of government and the Knesset serves as the legislative body. Israel is a developed country and an OECD member, with the 37th-largest economy in the world by nominal gross domestic product as of 2014. The country benefits from a highly skilled workforce and is among the most educated countries in the world with the one of the highest percentage of its citizens holding a tertiary education degree. The country has the highest standard of living in the Middle East and the fourth highest in Asia, and has one of the highest life expectancies in the world.", "mentions": {"official_language": [{"start_char": 34, "end_char": 40, "uri": "http://www.wikidata.org/entity/Q9288"}, {"start_char": 125, "end_char": 131, "uri": "http://www.wikidata.org/entity/Q9288"}], "capital": [{"start_char": 888, "end_char": 897, "uri": "http://www.wikidata.org/entity/Q1218"}, {"start_char": 1083, "end_char": 1092, "uri": "http://www.wikidata.org/entity/Q1218"}, {"start_char": 1362, "end_char": 1371, "uri": "http://www.wikidata.org/entity/Q1218"}], "continent": [{"start_char": 3551, "end_char": 3555, "uri": "http://www.wikidata.org/entity/Q48"}, {"start_char": 4276, "end_char": 4280, "uri": "http://www.wikidata.org/entity/Q48"}, {"start_char": 3551, "end_char": 3555, "uri": "http://www.wikidata.org/entity/Q48"}]}, "mentions_same_attribute_class": {"official_language": [], "capital": [], "continent": []}}