{"id": "Q804", "text": "Panama (/\u02c8p\u00e6n\u0259m\u0251\u02d0/ PAN-\u0259-mah; Spanish: Panam\u00e1 [pana\u02c8ma]), officially called the Republic of Panama (Spanish: Rep\u00fablica de Panam\u00e1), is a country in Central America situated between North and South America. It is bordered by Costa Rica to the west, Colombia to the southeast, the Caribbean to the north and the Pacific Ocean to the south. The capital and largest city is Panama City, whose metropolitan area is home to nearly half of the country's 3.9 million people. Panama was inhabited by several indigenous tribes prior to settlement by the Spanish in the 16th century. Panama broke away from Spain in 1821 and joined a union of Nueva Granada, Ecuador, and Venezuela named the Republic of Gran Colombia. When Gran Colombia dissolved in 1831, Panama and Nueva Granada remained joined, eventually becoming the Republic of Colombia. With the backing of the United States, Panama seceded from Colombia in 1903, allowing the Panama Canal to be built by the U.S. Army Corps of Engineers between 1904 and 1914. In 1977, an agreement was signed for the total transfer of the Canal from the United States to Panama by the end of the 20th century, which culminated on 31 December 1999. Revenue from canal tolls continues to represent a significant portion of Panama's GDP, although commerce, banking, and tourism are major and growing sectors. Panama has the second largest economy in Central America and is also the fastest growing economy and largest per capita consumer in Central America. In 2013, Panama ranked 5th among Latin American countries in terms of the Human Development Index, and 59th in the world. Since 2010, Panama remains the second most competitive economy in Latin America, according to the World Economic Forum's Global Competitiveness Index. Covering around 40 percent of its land area, Panama's jungles are home to an abundance of tropical plants and animals \u2013 some of them to be found nowhere else on the planet.", "mentions": {"official_language": [{"start_char": 30, "end_char": 37, "uri": "http://www.wikidata.org/entity/Q1321"}, {"start_char": 100, "end_char": 107, "uri": "http://www.wikidata.org/entity/Q1321"}, {"start_char": 543, "end_char": 550, "uri": "http://www.wikidata.org/entity/Q1321"}, {"start_char": 30, "end_char": 37, "uri": "http://www.wikidata.org/entity/Q1321"}, {"start_char": 100, "end_char": 107, "uri": "http://www.wikidata.org/entity/Q1321"}, {"start_char": 30, "end_char": 37, "uri": "http://www.wikidata.org/entity/Q1321"}, {"start_char": 100, "end_char": 107, "uri": "http://www.wikidata.org/entity/Q1321"}, {"start_char": 30, "end_char": 37, "uri": "http://www.wikidata.org/entity/Q1321"}, {"start_char": 100, "end_char": 107, "uri": "http://www.wikidata.org/entity/Q1321"}, {"start_char": 30, "end_char": 37, "uri": "http://www.wikidata.org/entity/Q1321"}, {"start_char": 100, "end_char": 107, "uri": "http://www.wikidata.org/entity/Q1321"}, {"start_char": 543, "end_char": 550, "uri": "http://www.wikidata.org/entity/Q1321"}], "capital": [{"start_char": 369, "end_char": 380, "uri": "http://www.wikidata.org/entity/Q3306"}], "continent": [{"start_char": 190, "end_char": 203, "uri": "http://www.wikidata.org/entity/Q18"}, {"start_char": 190, "end_char": 203, "uri": "http://www.wikidata.org/entity/Q18"}, {"start_char": 190, "end_char": 203, "uri": "http://www.wikidata.org/entity/Q18"}, {"start_char": 190, "end_char": 203, "uri": "http://www.wikidata.org/entity/Q18"}, {"start_char": 190, "end_char": 203, "uri": "http://www.wikidata.org/entity/Q18"}]}, "mentions_same_attribute_class": {"official_language": [], "capital": [], "continent": []}}