{"id": "Q811", "text": "Nicaragua (/\u02ccn\u026ak\u0259\u02c8r\u0251\u02d0\u0261w\u0259\u02cc -\u02c8r\u00e6-\u02cc -\u0261ju\u0259/; [nika\u02c8\u027ea\u0263wa]), officially the Republic of Nicaragua (Spanish: About this sound Rep\u00fablica de Nicaragua ), is the largest country in the Central American isthmus. The population of Nicaragua is slightly over 6 million. Nicaragua's capital, Managua, is the third-largest city in Central America. The multi-ethnic population includes indigenous peoples, Europeans, Africans, Asians, and people of Middle Eastern origin. The main language is Spanish. Native tribes on the eastern coast speak their own languages. The Spanish Empire conquered the region in the 16th century. Nicaragua gained independence from Spain in 1821. Since its independence, Nicaragua has undergone periods of political unrest, dictatorship, and fiscal crisis\u2014the most notable causes that led to the Nicaraguan Revolution of the 1960s and 1970s. Nicaragua is a representative democratic republic. The mixture of cultural traditions has generated substantial diversity in art and literature, particularly the latter given the literary contributions of Nicaraguan poets and writers, including Rub\u00e9n Dar\u00edo, Pablo Antonio Cuadra and Ernesto Cardenal. The biological diversity, warm tropical climate and active volcanoes make Nicaragua an increasingly popular tourist destination.", "mentions": {"official_language": [{"start_char": 94, "end_char": 101, "uri": "http://www.wikidata.org/entity/Q1321"}, {"start_char": 478, "end_char": 485, "uri": "http://www.wikidata.org/entity/Q1321"}, {"start_char": 94, "end_char": 101, "uri": "http://www.wikidata.org/entity/Q1321"}, {"start_char": 94, "end_char": 101, "uri": "http://www.wikidata.org/entity/Q1321"}, {"start_char": 94, "end_char": 101, "uri": "http://www.wikidata.org/entity/Q1321"}], "capital": [{"start_char": 279, "end_char": 286, "uri": "http://www.wikidata.org/entity/Q3274"}, {"start_char": 279, "end_char": 286, "uri": "http://www.wikidata.org/entity/Q3274"}, {"start_char": 279, "end_char": 286, "uri": "http://www.wikidata.org/entity/Q3274"}], "continent": []}, "mentions_same_attribute_class": {"official_language": [], "capital": [], "continent": []}}