{"id": "Q813", "text": "Kyrgyzstan (/k\u025c\u02d0r\u0261\u026a\u02c8st\u0251\u02d0n/ kur-gi-STAHN; Kyrgyz: \u041a\u044b\u0440\u0433\u044b\u0437\u0441\u0442\u0430\u043d Kyrgyzstan ([q\u026fr\u0281\u026fs\u02c8st\u0251n]); Russian: \u041a\u0438\u0440\u0433\u0438\u0437\u0438\u044f or \u041a\u044b\u0440\u0433\u044b\u0437\u0441\u0442\u0430\u043d), officially the Kyrgyz Republic (Kyrgyz: \u041a\u044b\u0440\u0433\u044b\u0437 \u0420\u0435\u0441\u043f\u0443\u0431\u043b\u0438\u043a\u0430\u0441\u044b Kyrgyz Respublikasy; Russian: \u041a\u044b\u0440\u0433\u044b\u0437\u0441\u043a\u0430\u044f \u0420\u0435\u0441\u043f\u0443\u0431\u043b\u0438\u043a\u0430 Kyrgyzskaya Respublika), formerly known as Kirghizia, is a country located in Central Asia. Landlocked and mountainous, Kyrgyzstan is bordered by Kazakhstan to the north, Uzbekistan to the west, Tajikistan to the south west and China to the east. Its capital and largest city is Bishkek. Kyrgyzstan's history spans over 2,000 years, encompassing a variety of cultures and empires. Although geographically isolated by its highly mountainous terrain \u2013 which has helped preserve its ancient culture \u2013 Kyrgyzstan has historically been at the crossroads of several great civilizations, namely as part of the Silk Road and other commercial and cultural routes. Though long inhabited by a succession of independent tribes and clans, Kyrgyzstan has periodically come under foreign domination and attained sovereignty as a nation-state only after the breakup of the Soviet Union in 1991. Since independence, Kyrgyzstan has officially been a unitary parliamentary republic, although it continues to endure ethnic conflicts, revolts, economic troubles, transitional governments and political party conflicts. Kyrgyzstan is a member of the Commonwealth of Independent States, the Eurasian Economic Union, the Collective Security Treaty Organization, the Shanghai Cooperation Organisation, the Organisation of Islamic Cooperation, the Turkic Council, the T\u00dcRKSOY community and the United Nations. Ethnic Kyrgyz make up the majority of the country's 5.7 million people, followed by significant minorities of Uzbeks and Russians. The official language, Kyrgyz, is closely related to the other Turkic languages, although Russian remains widely spoken, a legacy of a century-long policy of Russification. The majority of the population (64 percent) are non-denominational Muslims. In addition to its Turkic origins, Kyrgyz culture bears elements of Persian, Mongolian and Russian influence.", "mentions": {"official_language": [{"start_char": 88, "end_char": 95, "uri": "http://www.wikidata.org/entity/Q7737"}, {"start_char": 203, "end_char": 210, "uri": "http://www.wikidata.org/entity/Q7737"}, {"start_char": 1772, "end_char": 1778, "uri": "http://www.wikidata.org/entity/Q9255"}, {"start_char": 1839, "end_char": 1846, "uri": "http://www.wikidata.org/entity/Q7737"}, {"start_char": 2089, "end_char": 2096, "uri": "http://www.wikidata.org/entity/Q7737"}, {"start_char": 88, "end_char": 95, "uri": "http://www.wikidata.org/entity/Q7737"}, {"start_char": 203, "end_char": 210, "uri": "http://www.wikidata.org/entity/Q7737"}, {"start_char": 88, "end_char": 95, "uri": "http://www.wikidata.org/entity/Q7737"}, {"start_char": 203, "end_char": 210, "uri": "http://www.wikidata.org/entity/Q7737"}, {"start_char": 88, "end_char": 95, "uri": "http://www.wikidata.org/entity/Q7737"}, {"start_char": 203, "end_char": 210, "uri": "http://www.wikidata.org/entity/Q7737"}, {"start_char": 88, "end_char": 95, "uri": "http://www.wikidata.org/entity/Q7737"}, {"start_char": 203, "end_char": 210, "uri": "http://www.wikidata.org/entity/Q7737"}], "capital": [{"start_char": 513, "end_char": 520, "uri": "http://www.wikidata.org/entity/Q9361"}], "continent": []}, "mentions_same_attribute_class": {"official_language": [], "capital": [], "continent": []}}