{"id": "Q819", "text": "Laos ((/\u02c8la\u028as/, /\u02c8l\u0251\u02d0.\u0252s/, /\u02c8l\u0251\u02d0.o\u028as/, or /\u02c8le\u026a.\u0252s/) Lao: \u0eaa\u0eb2\u0e97\u0eb2\u0ea5\u0eb0\u0e99\u0eb0\u0ea5\u0eb1\u0e94 \u0e9b\u0eb0\u0e8a\u0eb2\u0e97\u0eb4\u0e9b\u0eb0\u0ec4\u0e95 \u0e9b\u0eb0\u0e8a\u0eb2\u0e8a\u0ebb\u0e99\u0ea5\u0eb2\u0ea7, [s\u01ce\u02d0t\u02b0\u00e1\u02d0lanalat p\u00e1s\u00e1\u02d0t\u02b0ip\u00e1t\u00e0j p\u00e1s\u00e1\u02d0s\u00f3n l\u00e1\u02d0w] Sathalanalat Paxathipatai Paxaxon Lao), officially the Lao People's Democratic Republic (LPDR) (French: R\u00e9publique d\u00e9mocratique populaire lao), is a landlocked country in Southeast Asia, bordered by Myanmar (Burma) and China to the northwest, Vietnam to the east, Cambodia to the south, and Thailand to the west. Since 1975, it has been ruled by a Marxist and communist government. Its population was estimated to be around 6.8 million in July 2014. Laos traces its history to the kingdom of Lan Xang, which existed from the 14th to the 18th century when it split into three kingdoms. In 1893, it became a French protectorate, with the three kingdoms\u2014Luang Phrabang, Vientiane and Champasak \u2014 uniting to form what is now known as Laos. It briefly gained independence in 1945 after Japanese occupation, but returned to French rule until it was granted autonomy in 1949. Laos became independent in 1953, with a constitutional monarchy under Sisavang Vong. Shortly after independence, a long civil war ended the monarchy, when the Communist Pathet Lao movement came to power in 1975. Laos is a one-party socialist republic. It espouses Marxism and is governed by a single party communist politburo dominated by military generals. The Socialist Republic of Vietnam and the Vietnam People's Army continue to have significant influence in Laos. The capital city is Vientiane. Other large cities include Luang Prabang, Savannakhet, and Pakse. The official language is Lao. Laos is a multi-ethnic country with the politically and culturally dominant Lao people making up approximately 60% of the population, mostly in the lowlands. Mon-Khmer groups, the Hmong, and other indigenous hill tribes, accounting for 40% of the population, live in the foothills and mountains. Laos' strategy for development is based on generating electricity from its rivers and selling the power to its neighbours, namely Thailand, China, and Vietnam. Its economy is accelerating rapidly with the demands for its metals. It is a member of the Asia-Pacific Trade Agreement (APTA), Association of Southeast Asian Nations (ASEAN), East Asia Summit and La Francophonie. Laos applied for membership of the World Trade Organization (WTO) in 1997; on 2 February 2013, it was granted full membership. According to the anti-corruption non-governmental organisation Transparency International, Laos remains one of the most corrupt countries in the world. This has deterred foreign investment and created major problems with the rule of law, including the nation's ability to enforce contract and business regulation. This has contributed to a third of the population of Laos currently living below the international poverty line (living on less than US$1.25 per day). Laos has a low-income economy, with one of the lowest annual incomes in the world. In 2014, the country ranked 141st on the Human Development Index (HDI), indicating lower medium development. According to the Global Hunger Index (2015), Laos ranks as the 29th hungriest nation in the world out of the list of the 52 nations with the worst hunger situation(s). Laos has also had a poor human rights record.", "mentions": {"official_language": [{"start_char": 53, "end_char": 56, "uri": "http://www.wikidata.org/entity/Q9211"}, {"start_char": 172, "end_char": 175, "uri": "http://www.wikidata.org/entity/Q9211"}, {"start_char": 1599, "end_char": 1602, "uri": "http://www.wikidata.org/entity/Q9211"}, {"start_char": 1680, "end_char": 1683, "uri": "http://www.wikidata.org/entity/Q9211"}, {"start_char": 53, "end_char": 56, "uri": "http://www.wikidata.org/entity/Q9211"}, {"start_char": 172, "end_char": 175, "uri": "http://www.wikidata.org/entity/Q9211"}, {"start_char": 53, "end_char": 56, "uri": "http://www.wikidata.org/entity/Q9211"}, {"start_char": 172, "end_char": 175, "uri": "http://www.wikidata.org/entity/Q9211"}, {"start_char": 1680, "end_char": 1683, "uri": "http://www.wikidata.org/entity/Q9211"}], "capital": [{"start_char": 1497, "end_char": 1506, "uri": "http://www.wikidata.org/entity/Q9326"}], "continent": [{"start_char": 2213, "end_char": 2218, "uri": "http://www.wikidata.org/entity/Q48"}, {"start_char": 2213, "end_char": 2218, "uri": "http://www.wikidata.org/entity/Q48"}]}, "mentions_same_attribute_class": {"official_language": [], "capital": [], "continent": []}}