{"id": "Q822", "text": "Lebanon (/\u02c8l\u025bb\u0259n\u0252n/ or /\u02c8l\u025bb\u0259n\u0259n/; Arabic: \u0644\u0628\u0646\u0627\u0646 Libn\u0101n or Lubn\u0101n; [l\u026ab\u02c8ne\u02d0n]; Aramaic: \u05dc\u05d1\u05e0\u05d0\u05df; French: Liban), officially the Lebanese Republic (Arabic: \u0627\u0644\u062c\u0645\u0647\u0648\u0631\u064a\u0629 \u0627\u0644\u0644\u0628\u0646\u0627\u0646\u064a\u0629 al-Jumh\u016br\u012byah al-Lubn\u0101n\u012byah; [el\u02c8\u0292\u028amhu\u02d0\u027e\u026ajje l.\u02c8l\u026abne\u02d0n\u026ajje]; French: R\u00e9publique libanaise), is a sovereign state in Asia. It is bordered by Syria to the north and east and Israel to the south. Lebanon's location at the crossroads of the Mediterranean Basin and the Arabian hinterland facilitated its rich history and shaped a cultural identity of religious and ethnic diversity. The earliest evidence of civilization in Lebanon dates back more than seven thousand years, predating recorded history. Lebanon was the home of the Canaanites/Phoenicians and their kingdom, a maritime culture that flourished for over a thousand years (c. 1550\u2013539 BC). In 64 BC, the region came under the rule of the Roman Empire, and eventually became one of the Empire's leading centers of Christianity. In the Mount Lebanon range a monastic tradition known as the Maronite Church was established. As the Arab Muslims conquered the region, the Maronites held onto their religion and identity. However, a new religious group, the Druze, established themselves in Mount Lebanon as well, generating a religious divide that has lasted for centuries. During the Crusades, the Maronites re-established contact with the Roman Catholic Church and asserted their communion with Rome. The ties they established with the Latins have influenced the region into the modern era. The region eventually came under the rule of the Ottoman Empire from 1516 to 1918. Following the collapse of the empire after World War I, the five provinces that constitute modern Lebanon were under the French Mandate of Lebanon. The French expanded the borders of the Mount Lebanon Governorate, which was mostly populated by Maronites and Druze, to include more Muslims. Lebanon gained independence in 1943, establishing a unique political system \u2013 confessionalism \u2013 a Consociationalism type of power sharing mechanism based on religious communities. Bechara El Khoury, first Lebanese president, Riad El-Solh, first Lebanese prime minister and Emir Majid Arslan II, first Lebanese minister of defence, are considered the founders of the modern Republic of Lebanon and are national heroes for having led the country's independence. Foreign troops withdrew completely from Lebanon on 31 December 1946. Lebanon is a member of the Organisation internationale de la francophonie since 1973. Before the Lebanese Civil War (1975\u20131990), the country experienced a period of relative calm and renowned prosperity, driven by tourism, agriculture, commerce, and banking. Because of its financial power and diversity in its heyday, Lebanon was referred to as the \"Switzerland of the East\" during the 1960s., and its capital Beirut attracted so many tourists that it was known as \"the Paris of the Middle East\". At the end of the war, there were extensive efforts to revive the economy and rebuild national infrastructure.", "mentions": {"official_language": [], "capital": [{"start_char": 2833, "end_char": 2839, "uri": "http://www.wikidata.org/entity/Q3820"}, {"start_char": 2833, "end_char": 2839, "uri": "http://www.wikidata.org/entity/Q3820"}, {"start_char": 2833, "end_char": 2839, "uri": "http://www.wikidata.org/entity/Q3820"}], "continent": []}, "mentions_same_attribute_class": {"official_language": [], "capital": [], "continent": []}}