{"id": "Q846", "text": "Qatar (/\u02c8k\u00e6\u02cct\u0251\u02d0r/, /\u02c8k\u0251\u02d0t\u0251\u02d0r/, /\u02c8k\u0251\u02d0t\u0259r/ or /k\u0259\u02c8t\u0251\u02d0r/; Arabic: \u0642\u0637\u0631 Qa\u1e6dar [\u02c8q\u0251t\u02e4\u0251r]; local vernacular pronunciation: [\u0261\u026at\u02e4\u0251r]), officially the State of Qatar (Arabic: \u062f\u0648\u0644\u0629 \u0642\u0637\u0631 Dawlat Qa\u1e6dar), is a sovereign country located in Southwest Asia, occupying the small Qatar Peninsula on the northeastern coast of the Arabian Peninsula. Its sole land border is with Saudi Arabia to the south, with the rest of its territory surrounded by the Arab Gulf. A strait in the Arab Gulf separates Qatar from the nearby island of Bahrain, as well as sharing sea borders with the United Arab Emirates and Iran. Following Ottoman rule, Qatar became a British protectorate in the early 20th century until gaining independence in 1971. Qatar has been ruled by the House of Thani since the early 19th century. Sheikh Jassim bin Mohammed Al Thani was the founder of the State of Qatar. Qatar is a hereditary constitutional monarchy and its head of state is Emir Sheikh Tamim bin Hamad Al Thani. The constitution was overwhelmingly approved in a constitutional referendum, with almost 98% in favour. In 2013, Qatar's total population was 1.8 million: 278,000 Qatari citizens and 1.5 million expatriates. After Saudi Arabia and Oman, Qatar is the most conservative society in the Gulf Cooperation Council. Qatar is a high income economy backed by the world's third largest natural gas reserves and oil reserves. The country has the highest per capita income in the world. Qatar is classified by the UN as a country of very high human development and is the most advanced Arab state for human development. Qatar is a significant power in the Arab world, supporting several rebel groups during the Arab Spring both financially and through its globally expanding media group, Al Jazeera Media Network. For its size, Qatar wields disproportionate influence in the world, and has been identified as a middle power. Qatar will host the 2022 FIFA World Cup, becoming the first Arab country to do so.", "mentions": {"official_language": [], "capital": [], "continent": []}, "mentions_same_attribute_class": {"official_language": [], "capital": [], "continent": []}}