{"id": "Q851", "text": "Saudi Arabia (/\u02ccs\u0254\u02d0di\u02d0 \u0259\u02c8re\u026abi\u0259/, /\u02ccsa\u028a-/), officially known as the Kingdom of Saudi Arabia (KSA), is an Arab state in Western Asia constituting the bulk of the Arabian Peninsula. With a land area of approximately 2,150,000 km2 (830,000 sq mi), Saudi Arabia is geographically the fifth-largest state in Asia and second-largest state in the Arab world (after Algeria). Saudi Arabia is bordered by Jordan and Iraq to the north, Kuwait to the northeast, Qatar, Bahrain, and the United Arab Emirates to the east, Oman to the southeast, and Yemen to the south. It is the only nation with both a Red Sea coast and a Persian Gulf coast, and most of its terrain consists of arid inhospitable desert or barren landforms. The area of modern-day Saudi Arabia formerly consisted of four distinct regions: Hejaz, Najd, and parts of Eastern Arabia (Al-Ahsa) and Southern Arabia ('Asir). The Kingdom of Saudi Arabia was founded in 1932 by Ibn Saud. He united the four regions into a single state through a series of conquests beginning in 1902 with the capture of Riyadh, the ancestral home of his family, the House of Saud. The country has since been an absolute monarchy, effectively a hereditary dictatorship governed along Islamic lines. The ultra-conservative Wahhabism religious movement within Sunni Islam has been called \"the predominant feature of Saudi culture\", with its global spreading largely financed by the oil and gas trade. Saudi Arabia is sometimes called \"the Land of the Two Holy Mosques\" in reference to Al-Masjid al-Haram (in Mecca), and Al-Masjid an-Nabawi (in Medina), the two holiest places in Islam. The Kingdom has a total population of 28.7 million, of which 20 million are Saudi nationals and 8 million are foreigners. Petroleum was discovered in 1938 and followed up by several other finds in the Shia-majority Eastern Province. Saudi Arabia has since become the world's largest oil producer and exporter, controlling the world's second largest oil reserves, and the sixth largest gas reserves. The kingdom is categorized as a World Bank high-income economy with a high Human Development Index, and is the only Arab country to be part of the G-20 major economies. However, the economy of Saudi Arabia is the least diversified in the Gulf Cooperation Council, lacking any significant service or production sector (apart from the extraction of resources). It is a monarchical autocracy and is ranked as \"Not Free\" by Freedom House. Saudi Arabia has the fourth highest military expenditure in the world, and in 2010\u201314, SIPRI found that Saudi Arabia was the world's second largest arms importer. Saudi Arabia is considered a regional and middle power. In addition to the GCC, it is an active member of the Organisation of Islamic Cooperation and OPEC. Limitations on women's rights in Saudi Arabia make it the only country where women are not permitted to drive. The country is also criticised for its capital punishment, which is condemned internationally because of the wide range of crimes which can result in the death penalty. It is usually carried out by public beheading and sometimes crucifixion. It applies even to individuals who were under the age of 18 at the time of their alleged crimes, which is a violation of international law.", "mentions": {"official_language": [], "capital": [{"start_char": 1049, "end_char": 1055, "uri": "http://www.wikidata.org/entity/Q3692"}, {"start_char": 1049, "end_char": 1055, "uri": "http://www.wikidata.org/entity/Q3692"}], "continent": [{"start_char": 303, "end_char": 307, "uri": "http://www.wikidata.org/entity/Q48"}, {"start_char": 303, "end_char": 307, "uri": "http://www.wikidata.org/entity/Q48"}]}, "mentions_same_attribute_class": {"official_language": [], "capital": [], "continent": []}}