{"id": "Q854", "text": "Sri Lanka (/sri\u02d0\u02c8l\u0251\u02d0\u014bk\u0259, -\u02c8l\u00e6\u014bk\u0259/ or /\u0283ri\u02d0-/; Sinhalese - \u0dc1\u0dca\u200d\u0dbb\u0dd3 \u0dbd\u0d82\u0d9a\u0dcf\u0dc0, Tamil Ila\u1e45kai), officially the Democratic Socialist Republic of Sri Lanka and known from the beginning of British colonial rule until 1972 as Ceylon (/s\u1d7b\u02c8l\u0252n\u02cc se\u026a-\u02cc si\u02d0-/), is an island country in South Asia near south-east India. Sri Lanka has maritime borders with India to the northwest and the Maldives to the southwest. Its documented history spans 3,000 years, with evidence of pre-historic human settlements dating back to at least 125,000 years. Its geographic location and deep harbours made it of great strategic importance from the time of the ancient Silk Road through to World War II. A diverse and multicultural country, Sri Lanka is home to many religions, ethnic groups, and languages. In addition to the majority Sinhalese, it is home to large groups of Sri Lankan and Indian Tamils, Moors, Burghers, Malays, Kaffirs and the aboriginal Vedda. Sri Lanka has a rich Buddhist heritage, and the first known Buddhist writings of Sri Lanka, the P\u0101li Canon, dates back to the Fourth Buddhist council in 29 BC. The country's recent history has been marred by a thirty-year civil war which decisively ended when Sri Lankan military defeated Liberation Tigers of Tamil Eelam in 2009. Sri Lanka is a republic and a unitary state governed by a Semi-presidential system. The legislative capital, Sri Jayawardenepura Kotte, is a suburb of the commercial capital and largest city, Colombo. Sri Lanka has had a long history of international engagement, as a founding member of the South Asian Association for Regional Cooperation (SAARC), and a member of the United Nations, the Commonwealth of Nations, the G77, and the Non-Aligned Movement. Along with Maldives it is one of the two countries in South Asia that are currently rated \"high\" on the Human Development Index.", "mentions": {"official_language": [{"start_char": 71, "end_char": 76, "uri": "http://www.wikidata.org/entity/Q5885"}, {"start_char": 71, "end_char": 76, "uri": "http://www.wikidata.org/entity/Q5885"}, {"start_char": 71, "end_char": 76, "uri": "http://www.wikidata.org/entity/Q5885"}, {"start_char": 71, "end_char": 76, "uri": "http://www.wikidata.org/entity/Q5885"}, {"start_char": 71, "end_char": 76, "uri": "http://www.wikidata.org/entity/Q5885"}], "capital": [{"start_char": 1371, "end_char": 1396, "uri": "http://www.wikidata.org/entity/Q41963"}], "continent": []}, "mentions_same_attribute_class": {"official_language": [], "capital": [], "continent": []}}