{"id": "Q863", "text": "Tajikistan (/t\u0251\u02d0\u02c8d\u0292i\u02d0k\u1d7bst\u0251\u02d0n/, /t\u0259\u02c8d\u0292i\u02d0k\u1d7bst\u00e6n/, or /t\u00e6\u02c8d\u0292i\u02d0ki\u02d0st\u00e6n/; \u0422\u043e\u04b7\u0438\u043a\u0438\u0441\u0442\u043e\u043d [t\u0254d\u0361\u0292ik\u026as\u02c8t\u0254n]), officially the Republic of Tajikistan (Tajik: \u04b6\u0443\u043c\u04b3\u0443\u0440\u0438\u0438 \u0422\u043e\u04b7\u0438\u043a\u0438\u0441\u0442\u043e\u043d, \u00c7umhuriji To\u00e7ikiston/Jumhuriyi Tojikiston; Russian: \u0420\u0435\u0441\u043f\u0443\u0301\u0431\u043b\u0438\u043a\u0430 \u0422\u0430\u0434\u0436\u0438\u043a\u0438\u0441\u0442\u0430\u043d, Respublika Tadzhikistan), is a mountainous landlocked sovereign country in Central Asia. With an estimated 8 million people in 2013, it is the 98th most populous country and with an area of 143,100 km2 (55,300 sq mi), it is the 96th largest country in the world. It is bordered by Afghanistan to the south, Uzbekistan to the west, Kyrgyzstan to the north, and China to the east. Pakistan lies to the south separated by the narrow Wakhan Corridor. Traditional homelands of Tajik people included present-day Tajikistan, Afghanistan and Uzbekistan. The territory that now constitutes Tajikistan was previously home to several ancient cultures, including the city of Sarazm of the Neolithic and the Bronze Age, and was later home to kingdoms ruled by people of different faiths and cultures, including the Oxus civilization, Andronovo culture, Buddhism, Nestorian Christianity, Zoroastrianism, and Manichaeism. The area has been ruled by numerous empires and dynasties, including the Achaemenid Empire, Sassanian Empire, Hephthalite Empire, Samanid Empire, Mongol Empire, Timurid dynasty, and the Russian Empire. As a result of the breakup of the Soviet Union, Tajikistan became an independent nation in 1991. A civil war was fought almost immediately after independence, lasting from 1992 to 1997. Since the end of the war, newly established political stability and foreign aid have allowed the country's economy to grow. Tajikistan is a presidential republic consisting of four provinces. Most of Tajikistan's 8 million people belong to the Tajik ethnic group, who speak Tajik), although many people also speak Russian. Mountains cover more than 90% of the country. It has a transition economy that is highly dependent on remittances, aluminium and cotton production.", "mentions": {"official_language": [], "capital": [], "continent": []}, "mentions_same_attribute_class": {"official_language": [], "capital": [], "continent": []}}