{"id": "Q865", "text": "Taiwan (/\u02ccta\u026a\u02c8w\u0251\u02d0n/; Chinese: \u81fa\u7063 or \u53f0\u7063; see ), officially the Republic of China (ROC; Chinese: \u4e2d\u83ef\u6c11\u570b; pinyin: Zh\u014dnghu\u00e1 M\u00edngu\u00f3), is a sovereign state in East Asia. The Republic of China, originally based in mainland China, now governs the island of Taiwan, which constitutes more than 99% of its territory, as well as Penghu, Kinmen, Matsu, and other minor islands, following its loss of the mainland China territory in 1949 in the Chinese Civil War. This remaining area is also constitutionally called the \"Free area of the Republic of China\" which is not ruled by the Communist Party of China in Beijing. Neighboring states include the People's Republic of China (PRC) to the west (mainland China), Japan to the east and northeast, and the Philippines to the south. Taiwan is one of the most densely populated countries in the world with a population density of 649 people per km2 in October 2015. Taipei is the seat of the central government, and together with the surrounding cities of New Taipei and Keelung forms the largest metropolitan area on the island. The island of Taiwan (formerly known as \"Formosa\") was mainly inhabited by Taiwanese aborigines until the Dutch and Spanish settlement during the Age of Discovery in the 17th century, when Han Chinese began immigrating to the island. In 1662, the pro-Ming loyalist Koxinga expelled the Dutch and established the first Han Chinese polity on the island, the Kingdom of Tungning. The Qing dynasty of China later defeated the kingdom and annexed Taiwan. By the time Taiwan was ceded to Japan in 1895, the majority of Taiwan's inhabitants were Han Chinese either by ancestry or by assimilation. The Republic of China (ROC) was established in mainland China in 1912. After Japan's surrender in 1945, the ROC gained control of Taiwan. During the Chinese Civil War, the Communist Party of China took full control of mainland China and founded the People's Republic of China (PRC) in 1949. ROC loyalists fled to Taiwan and re-established the national government there, claiming to be the legitimate government of all of China. Effective ROC jurisdiction was actually now limited to Taiwan and its surrounding islands, with the main island making up 99% of its de facto territory. The ROC continued to represent China at the United Nations until 1971, when the PRC assumed China's seat via Resolution 2758. The ROC lost UN membership. International recognition of the ROC gradually eroded as most countries switched their 'China' recognition to the PRC. 21 UN member states and the Holy See currently maintain official diplomatic relations with the ROC. Numerous other states maintain unofficial ties through representative offices via institutions that function as de facto embassies and consulates. In the 1980s and early 1990s Taiwanese society transformed itself from a military dictatorship employing one-party rule to a multi-party democracy with universal suffrage. Today Taiwan maintains an advanced industrial economy as a result of rapid economic growth and industrialization in the late twentieth century. Taiwan is one of the Four Asian Tigers and a member of the WTO and APEC. The 21st-largest economy in the world, its high-tech industry plays a key role in the global economy. Taiwan is ranked highly in terms of freedom of the press, health care, public education, economic freedom, and human development. The complications of Taiwan's history since 1945 have bequeathed a number of unresolved issues to its citizens. Outstanding among these are the exact nature of Taiwanese national identity, the ambiguous international status of Taiwan, and the difficulty of maintaining relations with the PRC across the Taiwan Strait. Within Taiwanese society these issues generate debate among political parties and candidates. Though the ROC renounced in 1992 the conquest of PRC-controlled territories as a national goal, there is still dispute over whether the constitution still gives legal support to a claim of sovereignty over all of China's pre-1949 territories, including Outer Mongolia and the entirety of the present PRC. In practical terms, settlement of questions such as whether the ROC identifies more as \"Taiwan\" or \"China\", and what the exact nature of its identity is relative to the PRC (whether international or domestic), rests with the political coalition most recently elected. Meanwhile, the PRC continues to assert that it represents the sole legal government of \"China\" and that Taiwan represents China's 23rd province. The stance denies Taiwan recognition as a sovereign state. The PRC has threatened the use of military force as a response to any formal declaration by Taiwan of national independence or to any decision by PRC leaders that peaceful annexation of Taiwan is no longer possible.", "mentions": {"official_language": [], "capital": [{"start_char": 898, "end_char": 904, "uri": "http://www.wikidata.org/entity/Q1867"}], "continent": []}, "mentions_same_attribute_class": {"official_language": [], "capital": [], "continent": []}}