{"id": "Q869", "text": "Thailand (/\u02c8ta\u026al\u00e6nd/ TY-land or /\u02c8ta\u026al\u0259nd/ TY-l\u0259nd; Thai: \u0e1b\u0e23\u0e30\u0e40\u0e17\u0e28\u0e44\u0e17\u0e22, Paiboon transliteration: \"bpr\u00e0-t\u00eaet tai\", rtgs: Prathet Thai); [pra(\u0294)\u02e8\u02e9.t\u02b0e\u02d0t\u031a\u02e5\u02e9 t\u02b0aj\u02e7], officially the Kingdom of Thailand (Thai: \u0e23\u0e32\u0e0a\u0e2d\u0e32\u0e13\u0e32\u0e08\u0e31\u0e01\u0e23\u0e44\u0e17\u0e22, Paiboon transliteration: \"raa-ch\u00e1 aa-naa-j\u00e0k tai\", rtgs: Ratcha-anachak Thai; [ra\u02d0\u02e7.t\u0361\u0255\u02b0a(\u0294)\u02e6\u02e5 \u0294a\u02d0\u02e7.na\u02d0\u02e7.t\u0361\u0255ak\u031a\u02e8\u02e9 t\u02b0aj\u02e7]), formerly known as Siam (Thai: \u0e2a\u0e22\u0e32\u0e21; rtgs: Sayam), is a country at the centre of the Indochinese peninsula in Mainland Southeast Asia. It is bordered to the north by Myanmar and Laos, to the east by Laos and Cambodia, to the south by the Gulf of Thailand and Malaysia, and to the west by the Andaman Sea and the southern extremity of Myanmar. Its maritime boundaries include Vietnam in the Gulf of Thailand to the southeast, and Indonesia and India on the Andaman Sea to the southwest. Thailand is governed by the National Council for Peace and Order that took power in the May 2014 coup d'\u00e9tat. Its monarchy is headed by King Bhumibol Adulyadej, who has reigned since 1946 as Rama IX, as he is the ninth monarch of the Chakri Dynasty. He is currently the world's longest-serving head of state and the country's longest-reigning monarch; he has reigned for 70 years, 149 days. With a total area of approximately 513,000 km2 (198,000 sq mi), Thailand is the world's 51st-largest country. It is the 20th-most-populous country in the world, with around 66 million people. The capital and largest city is Bangkok, which is Thailand's political, commercial, industrial, and cultural hub. About 75\u201395% of the population is ethnically Tai, which includes four major regional groups: central Thai, northeastern Thai (Khon [Lao] Isan), northern Thai (Khon Mueang); and southern Thai. Thai Chinese, those of significant Chinese heritage, are 14% of the population, while Thais with partial Chinese ancestry comprise up to 40% of the population. Thai Malays represent 3% of the population, with the remainder consisting of Mons, Khmers and various \"hill tribes\". The country's official language is Thai and the primary religion is Theravada Buddhism, which is practised by around 95% of the population. Thailand experienced rapid economic growth between 1985 and 1996, becoming a newly industrialised country and a major exporter. Manufacturing, agriculture, and tourism are leading sectors of the economy. Among the ten ASEAN countries, Thailand ranks third in quality of life. and the country's HDI is rated as \"high\". Its large population and growing economic influence have made it a middle power in the region and around the world.", "mentions": {"official_language": [{"start_char": 52, "end_char": 56, "uri": "http://www.wikidata.org/entity/Q9217"}, {"start_char": 125, "end_char": 129, "uri": "http://www.wikidata.org/entity/Q9217"}, {"start_char": 195, "end_char": 199, "uri": "http://www.wikidata.org/entity/Q9217"}, {"start_char": 289, "end_char": 293, "uri": "http://www.wikidata.org/entity/Q9217"}, {"start_char": 364, "end_char": 368, "uri": "http://www.wikidata.org/entity/Q9217"}, {"start_char": 1623, "end_char": 1627, "uri": "http://www.wikidata.org/entity/Q9217"}, {"start_char": 1675, "end_char": 1679, "uri": "http://www.wikidata.org/entity/Q9217"}, {"start_char": 2026, "end_char": 2030, "uri": "http://www.wikidata.org/entity/Q9217"}, {"start_char": 52, "end_char": 56, "uri": "http://www.wikidata.org/entity/Q9217"}, {"start_char": 125, "end_char": 129, "uri": "http://www.wikidata.org/entity/Q9217"}, {"start_char": 195, "end_char": 199, "uri": "http://www.wikidata.org/entity/Q9217"}, {"start_char": 289, "end_char": 293, "uri": "http://www.wikidata.org/entity/Q9217"}, {"start_char": 364, "end_char": 368, "uri": "http://www.wikidata.org/entity/Q9217"}, {"start_char": 52, "end_char": 56, "uri": "http://www.wikidata.org/entity/Q9217"}, {"start_char": 125, "end_char": 129, "uri": "http://www.wikidata.org/entity/Q9217"}, {"start_char": 195, "end_char": 199, "uri": "http://www.wikidata.org/entity/Q9217"}, {"start_char": 289, "end_char": 293, "uri": "http://www.wikidata.org/entity/Q9217"}, {"start_char": 364, "end_char": 368, "uri": "http://www.wikidata.org/entity/Q9217"}, {"start_char": 52, "end_char": 56, "uri": "http://www.wikidata.org/entity/Q9217"}, {"start_char": 125, "end_char": 129, "uri": "http://www.wikidata.org/entity/Q9217"}, {"start_char": 195, "end_char": 199, "uri": "http://www.wikidata.org/entity/Q9217"}, {"start_char": 289, "end_char": 293, "uri": "http://www.wikidata.org/entity/Q9217"}, {"start_char": 364, "end_char": 368, "uri": "http://www.wikidata.org/entity/Q9217"}], "capital": [{"start_char": 1440, "end_char": 1447, "uri": "http://www.wikidata.org/entity/Q1861"}, {"start_char": 1440, "end_char": 1447, "uri": "http://www.wikidata.org/entity/Q1861"}, {"start_char": 1440, "end_char": 1447, "uri": "http://www.wikidata.org/entity/Q1861"}], "continent": []}, "mentions_same_attribute_class": {"official_language": [], "capital": [], "continent": []}}