{"id": "Q874", "text": "Turkmenistan (/t\u025c\u02d0rk\u02c8m\u025bn\u1d7bst\u00e6n/ or /t\u025c\u02d0rkm\u025bn\u1d7b\u02c8st\u0251\u02d0n/; Turkmen: T\u00fcrkmenistan/\u0422\u04af\u0440\u043a\u043c\u0435\u043d\u0438\u0441\u0442\u0430\u043d, [ty\u027ekmeni\u02c8\u03b8tan]) is a country in Central Asia, bordered by Kazakhstan to the northwest, Uzbekistan to the north and east, Afghanistan to the southeast, Iran to the south and southwest, and the Caspian Sea to the west. Turkmenistan has been at the crossroads of civilizations for centuries. In medieval times, Merv was one of the great cities of the Islamic world and an important stop on the Silk Road, a caravan route used for trade with China until the mid-15th century. Annexed by the Russian Empire in 1881, Turkmenistan later figured prominently in the anti-Bolshevik movement in Central Asia. In 1924, Turkmenistan became a constituent republic of the Soviet Union, Turkmen Soviet Socialist Republic (Turkmen SSR); it became independent upon the dissolution of the Soviet Union in 1991. Turkmenistan possesses the world's fourth largest reserves of natural gas resources. Most of the country is covered by the Karakum (Black Sand) Desert. Since 1993, citizens have received government-provided electricity, water and natural gas free of charge. Turkmenistan was ruled by President for Life Saparmurat Niyazov until his death in 2006. Gurbanguly Berdimuhamedow was elected president in 2007. According to Human Rights Watch, \"Turkmenistan remains one of the world\u2019s most repressive countries. The country is virtually closed to independent scrutiny, media and religious freedoms are subject to draconian restrictions, and human rights defenders and other activists face the constant threat of government reprisal.\" President Berdimuhamedow promotes a personality cult in which he, his relatives, and associates enjoy unlimited power and total control over all aspects of public life.", "mentions": {"official_language": [], "capital": [], "continent": []}, "mentions_same_attribute_class": {"official_language": [], "capital": [], "continent": []}}