{
  "id": "Q878",
  "text": "The United Arab Emirates /ju\u02d0\u02ccna\u026at\u1d7bd \u02cc\u00e6r\u0259b \u02c8\u025bm\u026ar\u1d7bts/ (Arabic: \u062f\u0648\u0644\u0629 \u0627\u0644\u0625\u0645\u0627\u0631\u0627\u062a \u0627\u0644\u0639\u0631\u0628\u064a\u0629 \u0627\u0644\u0645\u062a\u062d\u062f\u0629 Dawlat al-Im\u0101r\u0101t al-\u2018Arab\u012byah al-Mutta\u1e25idah), sometimes simply called the Emirates or the UAE, is a country located in the southeast end of the Arabian Peninsula on the Persian Gulf, bordering Oman to the east and Saudi Arabia to the south, as well as sharing sea borders with Qatar and Iran. In 2013, the UAE's total population was 9.2 million, of which 1.4 million are Emirati citizens and 7.8 million are expatriates. Established in December 1971, the country is a federation of seven emirates. The constituent emirates are Abu Dhabi (which serves as the capital), Ajman, Dubai, Fujairah, Ras al-Khaimah, Sharjah, and Umm al-Quwain. Each emirate is governed by an absolute monarch; together, they jointly form the Federal Supreme Council. One of the monarchs is selected as the President of the United Arab Emirates. Islam is the official religion of the UAE, and Arabic is the official language, although English is widely used. The UAE's oil reserves are the seventh-largest in the world, while its natural gas reserves are the world's seventeenth-largest. The late Sheikh Zayed, ruler of Abu Dhabi and the first President of the UAE, oversaw the development of the Emirates and steered oil revenues into healthcare, education and infrastructure. The UAE's economy is the most diversified in the Gulf Cooperation Council, with its most populous city of Dubai emerging into a global city and international aviation hub. Nevertheless, the country remains extremely reliant on its export of petroleum and natural gas. The UAE has been criticized for its human rights record, including the role of Sharia law in its legal system. The UAE's rising international profile has led some analysts to identify it as a regional and middle power.",
  "mentions": {
    "official_language": [],
    "capital": [
      {
        "start_char": 1186,
        "end_char": 1195,
        "uri": "http://www.wikidata.org/entity/Q1519"
      },
      {
        "start_char": 1186,
        "end_char": 1195,
        "uri": "http://www.wikidata.org/entity/Q1519"
      }
    ],
    "continent": []
  },
  "mentions_same_attribute_class": {
    "official_language": [],
    "capital": [],
    "continent": []
  }
}