{"id": "Q881", "text": "Vietnam (/\u02ccvj\u025bt\u02c8n\u00e6m, -\u02c8n\u0251\u02d0m/, /\u02ccvi\u02d0\u0259t\u02c8n\u0251\u02d0m, -\u02c8n\u00e6m/; Vietnamese: Vi\u1ec7t Nam [vi\u0259t\u02e8 n\u00e6m\u02e7]), officially the Socialist Republic of Vietnam (SRV; Vietnamese: C\u1ed9ng H\u00f2a X\u00e3 H\u1ed9i Ch\u1ee7 Ngh\u0129a Vi\u1ec7t Nam ), is the easternmost country on the Indochina Peninsula in Southeast Asia. With an estimated 90.5 million inhabitants as of 2014, it is the world's 14th-most-populous country, and the eighth-most-populous Asian country. The name Vietnam translates as \"Southern Viet\" (synonymous with the much older term Nam Viet); it was first officially adopted in 1802 by Emperor Gia Long, and was adopted again in 1945 with the founding of the Democratic Republic of Vietnam under Ho Chi Minh. The country is bordered by China to the north, Laos to the northwest, Cambodia to the southwest, and Malaysia across the South China Sea to the southeast. Its capital city has been Hanoi since the reunification of North and South Vietnam in 1975. Vietnam was part of Imperial China for over a millennium, from 111 BC to AD 939. The Vietnamese became independent in 939, following the Vietnamese victory in the Battle of B\u1ea1ch \u0110\u1eb1ng River. Successive Vietnamese royal dynasties flourished as the nation expanded geographically and politically into Southeast Asia, until the Indochina Peninsula was colonized by the French in the mid-19th century. Following a Japanese occupation in the 1940s, the Vietnamese fought French rule in the First Indochina War, eventually expelling the French in 1954. Thereafter, Vietnam was divided politically into two rival states, North and South Vietnam. Conflict between the two sides intensified, with heavy intervention from the United States, in what is known as the Vietnam War. The war ended with a North Vietnamese victory in 1975. Vietnam was then unified under a communist government but remained impoverished and politically isolated. In 1986, the government initiated a series of economic and political reforms which began Vietnam's path towards integration into the world economy. By 2000, it had established diplomatic relations with all nations. Since 2000, Vietnam's economic growth rate has been among the highest in the world, and, in 2011, it had the highest Global Growth Generators Index among 11 major economies. Its successful economic reforms resulted in its joining the World Trade Organization in 2007.", "mentions": {"official_language": [{"start_char": 52, "end_char": 62, "uri": "http://www.wikidata.org/entity/Q9199"}, {"start_char": 139, "end_char": 149, "uri": "http://www.wikidata.org/entity/Q9199"}, {"start_char": 1116, "end_char": 1126, "uri": "http://www.wikidata.org/entity/Q9199"}, {"start_char": 1362, "end_char": 1372, "uri": "http://www.wikidata.org/entity/Q9199"}, {"start_char": 1709, "end_char": 1719, "uri": "http://www.wikidata.org/entity/Q9199"}, {"start_char": 52, "end_char": 62, "uri": "http://www.wikidata.org/entity/Q9199"}, {"start_char": 139, "end_char": 149, "uri": "http://www.wikidata.org/entity/Q9199"}, {"start_char": 52, "end_char": 62, "uri": "http://www.wikidata.org/entity/Q9199"}, {"start_char": 139, "end_char": 149, "uri": "http://www.wikidata.org/entity/Q9199"}, {"start_char": 52, "end_char": 62, "uri": "http://www.wikidata.org/entity/Q9199"}, {"start_char": 139, "end_char": 149, "uri": "http://www.wikidata.org/entity/Q9199"}, {"start_char": 52, "end_char": 62, "uri": "http://www.wikidata.org/entity/Q9199"}, {"start_char": 139, "end_char": 149, "uri": "http://www.wikidata.org/entity/Q9199"}, {"start_char": 52, "end_char": 62, "uri": "http://www.wikidata.org/entity/Q9199"}, {"start_char": 139, "end_char": 149, "uri": "http://www.wikidata.org/entity/Q9199"}], "capital": [{"start_char": 849, "end_char": 854, "uri": "http://www.wikidata.org/entity/Q1858"}], "continent": []}, "mentions_same_attribute_class": {"official_language": [], "capital": [], "continent": []}}