{"id": "Q889", "text": "Afghanistan /\u00e6f\u02c8\u0261\u00e6n\u1d7bst\u00e6n/ (Pashto/Dari: \u0627\u0641\u063a\u0627\u0646\u0633\u062a\u0627\u0646, Af\u0121\u0101nist\u0101n), officially the Islamic Republic of Afghanistan, is a landlocked country located within South Asia and Central Asia. It has a population of approximately 32 million, making it the 42nd most populous country in the world. It is bordered by Pakistan in the south and east; Iran in the west; Turkmenistan, Uzbekistan, and Tajikistan in the north; and China in the far northeast. Its territory covers 652,000 km2 (252,000 sq mi), making it the 41st largest country in the world. Human habitation in Afghanistan dates back to the Middle Paleolithic Era, and the country's strategic location along the Silk Road connected it to the cultures of the Middle East and other parts of Asia. Through the ages the land has been home to various peoples and witnessed numerous military campaigns; notably by Alexander the Great, Muslim Arabs, Mongols, British, Soviet Russians, and in the modern-era by Western powers. The land also served as the source from which the Kushans, Hephthalites, Samanids, Saffarids, Ghaznavids, Ghorids, Khiljis, Mughals, Hotaks, Durranis, and others have risen to form major empires. The political history of the modern state of Afghanistan began with the Hotak and Durrani dynasties in the 18th century. In the late 19th century, Afghanistan became a buffer state in the \"Great Game\" between British India and the Russian Empire. Following the Third Anglo-Afghan War in 1919, King Amanullah unsuccessfully attempted to modernize the country. It remained peaceful during Zahir Shah's forty years of monarchy. A series of coups in the 1970s was followed by a Soviet invasion and a series of civil wars that devastated much of Afghanistan. This was followed by the recent $100 billion nationwide rebuilding process.", "mentions": {"official_language": [{"start_char": 34, "end_char": 38, "uri": "http://www.wikidata.org/entity/Q178440"}], "capital": [], "continent": [{"start_char": 736, "end_char": 740, "uri": "http://www.wikidata.org/entity/Q48"}, {"start_char": 736, "end_char": 740, "uri": "http://www.wikidata.org/entity/Q48"}]}, "mentions_same_attribute_class": {"official_language": [], "capital": [], "continent": []}}