{"id": "Q912", "text": "Mali (/\u02c8m\u0251\u02d0li/; [ma\u02c8li]), officially the Republic of Mali (French: R\u00e9publique du Mali), is a landlocked country in West Africa. Mali is the eighth-largest country in Africa, with an area of just over 1,240,000 square kilometres (480,000 sq mi). The population of Mali is 14.5 million. Its capital is Bamako. Mali consists of eight regions and its borders on the north reach deep into the middle of the Sahara Desert, while the country's southern part, where the majority of inhabitants live, features the Niger and Senegal rivers. The country's economy centers on agriculture and fishing. Some of Mali's prominent natural resources include gold, being the third largest producer of gold in the African continent, and salt. About half the population lives below the international poverty line of $1.25 (U.S.) a day. A majority of the population (55%) are non-denominational Muslims. Present-day Mali was once part of three West African empires that controlled trans-Saharan trade: the Ghana Empire, the Mali Empire (for which Mali is named), and the Songhai Empire. During its golden age, there was a flourishing of mathematics, astronomy, literature, and art. At its peak in 1300, the Mali Empire covered an area about twice the size of modern-day France and stretched to the west coast of Africa. In the late 19th century, during the Scramble for Africa, France seized control of Mali, making it a part of French Sudan. French Sudan (then known as the Sudanese Republic) joined with Senegal in 1959, achieving independence in 1960 as the Mali Federation. Shortly thereafter, following Senegal's withdrawal from the federation, the Sudanese Republic declared itself the independent Republic of Mali. After a long period of one-party rule, a coup in 1991 led to the writing of a new constitution and the establishment of Mali as a democratic, multi-party state. In January 2012, an armed conflict broke out in northern Mali, which Tuareg rebels took control of by April and declared the secession of a new state, Azawad. The conflict was complicated by a military coup that took place in March and later fighting between Tuareg and Islamist rebels. In response to Islamist territorial gains, the French military launched Op\u00e9ration Serval in January 2013. A month later, Malian and French forces recaptured most of the north. Presidential elections were held on 28 July 2013, with a second round run-off held on 11 August, and legislative elections were held on 24 November and 15 December 2013.", "mentions": {"official_language": [{"start_char": 59, "end_char": 65, "uri": "http://www.wikidata.org/entity/Q150"}, {"start_char": 2195, "end_char": 2201, "uri": "http://www.wikidata.org/entity/Q150"}, {"start_char": 2280, "end_char": 2286, "uri": "http://www.wikidata.org/entity/Q150"}, {"start_char": 59, "end_char": 65, "uri": "http://www.wikidata.org/entity/Q150"}, {"start_char": 59, "end_char": 65, "uri": "http://www.wikidata.org/entity/Q150"}, {"start_char": 59, "end_char": 65, "uri": "http://www.wikidata.org/entity/Q150"}], "capital": [{"start_char": 300, "end_char": 306, "uri": "http://www.wikidata.org/entity/Q3703"}], "continent": [{"start_char": 166, "end_char": 172, "uri": "http://www.wikidata.org/entity/Q15"}, {"start_char": 1290, "end_char": 1296, "uri": "http://www.wikidata.org/entity/Q15"}, {"start_char": 1348, "end_char": 1354, "uri": "http://www.wikidata.org/entity/Q15"}, {"start_char": 166, "end_char": 172, "uri": "http://www.wikidata.org/entity/Q15"}, {"start_char": 1348, "end_char": 1354, "uri": "http://www.wikidata.org/entity/Q15"}]}, "mentions_same_attribute_class": {"official_language": [], "capital": [], "continent": []}}