{"id": "Q916", "text": "Angola /\u00e6\u014b\u02c8\u0261o\u028al\u0259/, officially the Republic of Angola (Portuguese: Rep\u00fablica de Angola [\u0250\u0303\u02c8\u0261\u0254l\u0250]; Kikongo, Kimbundu and Umbundu: Repubilika ya Ngola), is a country in Southern Africa. It is the seventh-largest country in Africa, and is bordered by Namibia to the south, the Democratic Republic of the Congo to the north, Zambia to the east, and the Atlantic Ocean to west. The exclave province of Cabinda has borders with the Republic of the Congo and the Democratic Republic of the Congo. The capital and largest city is Luanda. Although its territory has been inhabited since the Paleolithic Era, modern Angola originates in Portuguese colonization, which began with, and was for centuries limited to, coastal settlements and trading posts established from the 16th century onwards. In the 19th century, European settlers slowly and hesitantly began to establish themselves in the interior. As a Portuguese colony, Angola did not encompass its present borders until the early 20th century, following resistance by groups such as the Cuamato, the Kwanyama and the Mbunda. Independence was achieved in 1975 after the protracted liberation war. That same year, Angola descended into an intense civil war that lasted until 2002. It has since become a relatively stable unitary presidential republic. Angola has vast mineral and petroleum reserves, and its economy is among the fastest growing in the world, especially since the end of the civil war. In spite of this, the standard of living remains low for the majority of the population, and life expectancy and infant mortality rates in Angola are among the worst in the world. Angola's economic growth is highly uneven, with the majority of the nation's wealth concentrated in a disproportionately small sector of the population. Angola is a member state of the United Nations, OPEC, African Union, the Community of Portuguese Language Countries, the Latin Union and the Southern African Development Community. A highly multiethnic country, Angola's 24.3 million people span various tribal groups, customs, and traditions. Angolan culture reflects centuries of Portuguese rule, namely in the predominance of the Portuguese language and Roman Catholicism, combined with diverse indigenous influences.", "mentions": {"official_language": [{"start_char": 54, "end_char": 64, "uri": "http://www.wikidata.org/entity/Q5146"}, {"start_char": 1866, "end_char": 1876, "uri": "http://www.wikidata.org/entity/Q5146"}, {"start_char": 2111, "end_char": 2121, "uri": "http://www.wikidata.org/entity/Q5146"}, {"start_char": 2162, "end_char": 2181, "uri": "http://www.wikidata.org/entity/Q5146"}, {"start_char": 1866, "end_char": 1876, "uri": "http://www.wikidata.org/entity/Q5146"}], "capital": [{"start_char": 521, "end_char": 527, "uri": "http://www.wikidata.org/entity/Q3897"}], "continent": [{"start_char": 220, "end_char": 226, "uri": "http://www.wikidata.org/entity/Q15"}, {"start_char": 220, "end_char": 226, "uri": "http://www.wikidata.org/entity/Q15"}]}, "mentions_same_attribute_class": {"official_language": [], "capital": [], "continent": []}}