{"id": "Q924", "text": "Tanzania /\u02cct\u00e6nz\u0259\u02c8ni\u02d0\u0259/, officially the United Republic of Tanzania (Swahili: Jamhuri ya Muungano wa Tanzania), is a country in East Africa within the African Great Lakes region. It is bordered by Kenya and Uganda to the north; Rwanda, Burundi, and the Democratic Republic of the Congo to the west; Zambia, Malawi, and Mozambique to the south; and the Indian Ocean to the east. Kilimanjaro, Africa's highest mountain, is in northeastern Tanzania. Tanzania is one of the poorest countries in the world. Tanzania's population of 51.82 million (2014) is diverse, composed of several ethnic, linguistic, and religious groups. Tanzania is a presidential constitutional republic, and since 1996, its official capital has been Dodoma, where the President's Office, the National Assembly, and some government ministries are located. Dar es Salaam, the former capital, retains most government offices and is the country's largest city, principal port, and leading commercial centre. European colonialism began in mainland Tanzania during the late 19th century when Germany formed German East Africa, which gave way to British rule following World War I. The mainland was governed as Tanganyika, with the Zanzibar Archipelago remaining a separate colonial jurisdiction. Following their respective independence in 1961 and 1963, the two entities merged in April 1964 to form the United Republic of Tanzania.", "mentions": {"official_language": [{"start_char": 68, "end_char": 75, "uri": "http://www.wikidata.org/entity/Q7838"}, {"start_char": 68, "end_char": 75, "uri": "http://www.wikidata.org/entity/Q7838"}, {"start_char": 68, "end_char": 75, "uri": "http://www.wikidata.org/entity/Q7838"}, {"start_char": 68, "end_char": 75, "uri": "http://www.wikidata.org/entity/Q7838"}], "capital": [{"start_char": 719, "end_char": 725, "uri": "http://www.wikidata.org/entity/Q3866"}, {"start_char": 719, "end_char": 725, "uri": "http://www.wikidata.org/entity/Q3866"}, {"start_char": 719, "end_char": 725, "uri": "http://www.wikidata.org/entity/Q3866"}], "continent": [{"start_char": 390, "end_char": 396, "uri": "http://www.wikidata.org/entity/Q15"}, {"start_char": 390, "end_char": 396, "uri": "http://www.wikidata.org/entity/Q15"}]}, "mentions_same_attribute_class": {"official_language": [], "capital": [], "continent": []}}