{"id": "Q928", "text": "The Philippines (/\u02c8f\u026al\u1d7bpi\u02d0nz/; Filipino: Pilipinas [\u02ccp\u026al\u026a\u02c8pin\u0250s]), officially known as the Republic of the Philippines (Filipino: Republika ng Pilipinas), is a sovereign island country in Southeast Asia situated in the western Pacific Ocean. It consists of about 7,641 islands that are categorized broadly under three main geographical divisions: Luzon, Visayas, and Mindanao. The capital city of the Philippines is Manila and the most populous city is Quezon City; both are part of Metro Manila. To the North of the Philippines across the Luzon Strait lies Taiwan; China and the territories of Hong Kong and Macao lie in the Northwest; Vietnam sits West across the South China Sea; Southwest lie Brunei, Indonesia and Malaysia in the island of Borneo; the Celebes Sea separates it from other islands of Indonesia in the South; while to the Southeast it is bounded by the Philippine Sea, Indonesia and the island-nation of Palau; far East lie the United States territories of Guam the Northern Mariana Islands; small islands of Japan are found in the Northeast. Its location on the Pacific Ring of Fire and close to the equator makes the Philippines prone to earthquakes and typhoons, but also endows it with abundant natural resources and some of the world's greatest biodiversity. At approximately 300,000 square kilometers (115,831 sq mi), the Philippines is the 72nd-largest country in the world. With a population more than 100 million people, the Philippines is the seventh-most populated country in Asia and the 12th most populated country in the world. An additional 12 million Filipinos live overseas, comprising one of the world's largest diasporas. Multiple ethnicities and cultures are found throughout the islands. In prehistoric times, Negritos were some of the archipelago's earliest inhabitants. They were followed by successive waves of Austronesian peoples. Exchanges with Chinese, Malay, Indian, and Islamic states occurred. Then, various nations were established under the rule of Datus, Rajahs, Sultans or Lakans. The arrival of Ferdinand Magellan in Homonhon, Eastern Samar in 1521 marked the beginning of Spanish colonization. In 1543, Spanish explorer Ruy L\u00f3pez de Villalobos named the archipelago Las Islas Filipinas in honor of Philip II of Spain. With the arrival of Miguel L\u00f3pez de Legazpi from Mexico City, in 1565, the first Spanish settlement in the archipelago was established. The Philippines became part of the Spanish Empire for more than 300 years. This resulted in Roman Catholicism becoming the dominant religion in the country. During this time, Manila became the western hub of the trans-Pacific Manila\u2013Acapulco galleon trade connecting Asia with the Americas. As the 19th century gave way to the 20th, there followed in quick succession the Philippine Revolution, which spawned the short-lived First Philippine Republic, and the Philippine\u2013American War. Aside from the period of Japanese occupation, the United States retained sovereignty over the islands until after World War II, when the Philippines was recognized as an independent nation. Since then, the Philippines has often had a tumultuous experience with democracy, which includes the overthrow of a dictatorship by a nonviolent revolution. The nation's large population and economic potential have led it to be classified as a middle power. It is a founding member of the United Nations, World Trade Organization, Association of Southeast Asian Nations, the Asia-Pacific Economic Cooperation forum, and the East Asia Summit. It also hosts the headquarters of the Asian Development Bank. The Philippines is considered to be an emerging market and a newly industrialized country, which has an economy transitioning from being one based on agriculture to one based more on services and manufacturing.", "mentions": {"official_language": [{"start_char": 31, "end_char": 39, "uri": "http://www.wikidata.org/entity/Q33298"}, {"start_char": 120, "end_char": 128, "uri": "http://www.wikidata.org/entity/Q33298"}, {"start_char": 31, "end_char": 39, "uri": "http://www.wikidata.org/entity/Q33298"}, {"start_char": 120, "end_char": 128, "uri": "http://www.wikidata.org/entity/Q33298"}, {"start_char": 31, "end_char": 39, "uri": "http://www.wikidata.org/entity/Q33298"}, {"start_char": 120, "end_char": 128, "uri": "http://www.wikidata.org/entity/Q33298"}], "capital": [{"start_char": 2585, "end_char": 2591, "uri": "http://www.wikidata.org/entity/Q1461"}], "continent": [{"start_char": 1506, "end_char": 1510, "uri": "http://www.wikidata.org/entity/Q48"}, {"start_char": 2677, "end_char": 2681, "uri": "http://www.wikidata.org/entity/Q48"}, {"start_char": 1506, "end_char": 1510, "uri": "http://www.wikidata.org/entity/Q48"}]}, "mentions_same_attribute_class": {"official_language": [], "capital": [], "continent": []}}