{"id": "Q929", "text": "The Central African Republic (CAR; Sango: K\u00f6d\u00f6r\u00f6s\u00ease t\u00ee B\u00eaafr\u00eeka; French: R\u00e9publique centrafricaine [\u0281epyblik s\u0251\u0303t\u0281af\u0281ik\u025bn], or Centrafrique [s\u0251\u0303t\u0280af\u0281ik]) is a landlocked country in Central Africa. It is bordered by Chad to the north, Sudan to the northeast, South Sudan to the east, the Democratic Republic of the Congo and the Republic of the Congo to the south and Cameroon to the west. The CAR covers a land area of about 620,000 square kilometres (240,000 sq mi) and had an estimated population of around 4.7 million as of 2014. Most of the CAR consists of Sudano-Guinean savannas, but the country also includes a Sahelo-Sudanian zone in the north and an equatorial forest zone in the south. Two thirds of the country is within the Ubangi River basin (which flows into the Congo), while the remaining third lies in the basin of the Chari, which flows into Lake Chad. What is today the Central African Republic has been inhabited for millennia; however, the country's current borders were established by France, which ruled the country as a colony starting in the late 19th century. After gaining independence from France in 1960, the Central African Republic was ruled by a series of autocratic leaders; by the 1990s, calls for democracy led to the first multi-party democratic elections in 1993. Ange-F\u00e9lix Patass\u00e9 became president, but was later removed by General Fran\u00e7ois Boziz\u00e9 in the 2003 coup. The Central African Republic Bush War began in 2004 and, despite a peace treaty in 2007 and another in 2011, fighting broke out between various factions in December 2012, leading to ethnic and religious cleansing of the Muslim minority and massive population displacement in 2013 and 2014. Despite its significant mineral deposits and other resources, such as uranium reserves, crude oil, gold, diamonds, cobalt, lumber, and hydropower, as well as significant quantities of arable land, the Central African Republic is among the ten poorest countries in the world. As of 2014, according to the Human Development Index (HDI), the country had the second lowest level of human development, ranking 187th out of 188 countries.", "mentions": {"official_language": [{"start_char": 35, "end_char": 40, "uri": "http://www.wikidata.org/entity/Q33954"}, {"start_char": 66, "end_char": 72, "uri": "http://www.wikidata.org/entity/Q150"}, {"start_char": 35, "end_char": 40, "uri": "http://www.wikidata.org/entity/Q33954"}, {"start_char": 66, "end_char": 72, "uri": "http://www.wikidata.org/entity/Q150"}, {"start_char": 35, "end_char": 40, "uri": "http://www.wikidata.org/entity/Q33954"}, {"start_char": 66, "end_char": 72, "uri": "http://www.wikidata.org/entity/Q150"}, {"start_char": 35, "end_char": 40, "uri": "http://www.wikidata.org/entity/Q33954"}, {"start_char": 66, "end_char": 72, "uri": "http://www.wikidata.org/entity/Q150"}], "capital": [], "continent": []}, "mentions_same_attribute_class": {"official_language": [], "capital": [], "continent": []}}