{"id": "Q945", "text": "Togo (/\u02c8to\u028a\u0261o\u028a/), officially the Togolese Republic (French: R\u00e9publique Togolaise), is a country in West Africa bordered by Ghana to the west, Benin to the east and Burkina Faso to the north. It extends south to the Gulf of Guinea, where its capital Lom\u00e9 is located. Togo covers 57,000 square kilometres (22,000 sq mi), making it one of the smallest countries in Africa, with a population of approximately 7.5 million. Togo is a tropical, sub-Saharan nation, highly dependent on agriculture, with a climate that provides good growing seasons. The official language is French, with many other languages spoken in Togo, particularly those of the Gbe family. The largest religious group in Togo consists of those with indigenous beliefs, and there are significant Christian and Muslim minorities. Togo is a member of the United Nations, African Union, Organisation of Islamic Cooperation, South Atlantic Peace and Cooperation Zone, La Francophonie and Economic Community of West African States. From the 11th to the 16th century, various tribes entered the region from all directions. From the 16th century to the 18th century, the coastal region was a major trading center for Europeans in search of slaves, earning Togo and the surrounding region the name \"The Slave Coast\". In 1884, Germany declared Togoland a protectorate. After World War I, rule over Togo was transferred to France. Togo gained its independence from France in 1960. In 1967, Gnassingb\u00e9 Eyad\u00e9ma led a successful military coup d'\u00e9tat after which he became president. At the time of his death in 2005, Gnassingb\u00e9 was the longest-serving leader in modern African history, after having been president for 38 years. In 2005, his son Faure Gnassingb\u00e9 was elected president. Togo is a member of the Organisation Internationale de la Francophonie.", "mentions": {"official_language": [{"start_char": 52, "end_char": 58, "uri": "http://www.wikidata.org/entity/Q150"}, {"start_char": 567, "end_char": 573, "uri": "http://www.wikidata.org/entity/Q150"}, {"start_char": 52, "end_char": 58, "uri": "http://www.wikidata.org/entity/Q150"}, {"start_char": 52, "end_char": 58, "uri": "http://www.wikidata.org/entity/Q150"}, {"start_char": 567, "end_char": 573, "uri": "http://www.wikidata.org/entity/Q150"}, {"start_char": 567, "end_char": 573, "uri": "http://www.wikidata.org/entity/Q150"}], "capital": [], "continent": [{"start_char": 362, "end_char": 368, "uri": "http://www.wikidata.org/entity/Q15"}, {"start_char": 362, "end_char": 368, "uri": "http://www.wikidata.org/entity/Q15"}]}, "mentions_same_attribute_class": {"official_language": [], "capital": [], "continent": []}}