{"id": "Q958", "text": "South Sudan (/\u02ccsa\u028a\u03b8 su\u02c8d\u0251\u02d0n, -\u02c8d\u00e6n/), officially the Republic of South Sudan, is a landlocked country in northeastern Africa that gained its independence from Sudan in 2011. Its current capital is Juba, which is also its largest city. It is planned that the capital city will be changed to the more centrally located Ramciel in the future. South Sudan is bordered by Sudan to the north, Ethiopia to the east, Kenya to the southeast, Uganda to the south, the Democratic Republic of the Congo to the southwest, and the Central African Republic to the west. It includes the vast swamp region of the Sudd, formed by the White Nile and known locally as the Bahr al Jabal. The territories of modern South Sudan and the Republic of the Sudan were occupied by Egypt under the Muhammad Ali Dynasty, and later governed as an Anglo-Egyptian condominium until Sudanese independence was achieved in 1956. Following the First Sudanese Civil War, the Southern Sudan Autonomous Region was formed in 1972 and lasted until 1983. A second Sudanese civil war soon developed and ended with the Comprehensive Peace Agreement of 2005. Later that year, southern autonomy was restored when an Autonomous Government of Southern Sudan was formed. South Sudan became an independent state on 9 July 2011, following a referendum that passed with 98.83% of the vote. It is a United Nations member state, a member state of the African Union, of the East African Community, and of the Intergovernmental Authority on Development. In July 2012, South Sudan signed the Geneva Conventions. South Sudan has suffered internal conflict since its independence; it has the highest score on the Fragile States Index (formerly the Failed States Index).", "mentions": {"official_language": [], "capital": [{"start_char": 197, "end_char": 201, "uri": "http://www.wikidata.org/entity/Q1947"}], "continent": []}, "mentions_same_attribute_class": {"official_language": [], "capital": [], "continent": []}}