{"id": "Q962", "text": "Benin (/b\u1d7b\u02c8ni\u02d0n/ b\u01dd-NEEN or /b\u1d7b\u02c8n\u026an/ b\u01dd-NIN; French: B\u00e9nin), officially the Republic of Benin (French: R\u00e9publique du B\u00e9nin) and formerly Dahomey, is a country in West Africa. It is bordered by Togo to the west, Nigeria to the east, and Burkina Faso and Niger to the north. A majority of the population live on its small southern coastline on the Bight of Benin, part of the Gulf of Guinea in the northernmost tropical portion of the Atlantic Ocean. The capital of Benin is Porto-Novo, but the seat of government is in Cotonou, the country's largest city and economic capital. Benin covers an area of 114,763 square kilometers and its population in 2015 was estimated to be approximately 10.88 million. Benin is a tropical, sub-Saharan nation, highly dependent on agriculture, with substantial employment and income arising from subsistence farming. The official language of Benin is French. However, indigenous languages such as Fon and Yoruba are commonly spoken. The largest religious group in Benin is Roman Catholicism, followed closely by Islam, Vodun and Protestantism. Benin is a member of the United Nations, the African Union, the Organisation of Islamic Cooperation, the South Atlantic Peace and Cooperation Zone, La Francophonie, the Community of Sahel-Saharan States, the African Petroleum Producers Association and the Niger Basin Authority. From the 17th to the 19th century, the main political entities in the area were the Kingdom of Dahomey along with the city-state of Porto-Novo and a large area with many different tribes to the north. This region was referred to as the Slave Coast from as early as the 17th century due to the large number of slaves shipped to the New World during the Trans-Atlantic slave trade. After slavery was abolished, France took over the country and renamed it French Dahomey. In 1960, Dahomey gained full independence from France, and had a tumultuous period with many different democratic governments, many military coups and military governments. A Marxist\u2013Leninist state called the People's Republic of Benin existed between 1975 and 1990. In 1991, it was replaced by the current multi-party Republic of Benin.", "mentions": {"official_language": [{"start_char": 45, "end_char": 51, "uri": "http://www.wikidata.org/entity/Q150"}, {"start_char": 95, "end_char": 101, "uri": "http://www.wikidata.org/entity/Q150"}, {"start_char": 883, "end_char": 889, "uri": "http://www.wikidata.org/entity/Q150"}, {"start_char": 45, "end_char": 51, "uri": "http://www.wikidata.org/entity/Q150"}, {"start_char": 95, "end_char": 101, "uri": "http://www.wikidata.org/entity/Q150"}, {"start_char": 45, "end_char": 51, "uri": "http://www.wikidata.org/entity/Q150"}, {"start_char": 95, "end_char": 101, "uri": "http://www.wikidata.org/entity/Q150"}, {"start_char": 45, "end_char": 51, "uri": "http://www.wikidata.org/entity/Q150"}, {"start_char": 95, "end_char": 101, "uri": "http://www.wikidata.org/entity/Q150"}, {"start_char": 45, "end_char": 51, "uri": "http://www.wikidata.org/entity/Q150"}, {"start_char": 95, "end_char": 101, "uri": "http://www.wikidata.org/entity/Q150"}, {"start_char": 883, "end_char": 889, "uri": "http://www.wikidata.org/entity/Q150"}, {"start_char": 883, "end_char": 889, "uri": "http://www.wikidata.org/entity/Q150"}], "capital": [{"start_char": 473, "end_char": 483, "uri": "http://www.wikidata.org/entity/Q3799"}, {"start_char": 1487, "end_char": 1497, "uri": "http://www.wikidata.org/entity/Q3799"}, {"start_char": 473, "end_char": 483, "uri": "http://www.wikidata.org/entity/Q3799"}, {"start_char": 473, "end_char": 483, "uri": "http://www.wikidata.org/entity/Q3799"}, {"start_char": 473, "end_char": 483, "uri": "http://www.wikidata.org/entity/Q3799"}], "continent": []}, "mentions_same_attribute_class": {"official_language": [], "capital": [], "continent": []}}