{"id": "Q970", "text": "The Comoros (/\u02c8k\u0252m\u0259ro\u028az/; Arabic: \u062c\u0632\u0631 \u0627\u0644\u0642\u0645\u0631, Juzur al-QumurQamar), officially the Union of the Comoros (Comorian: Udzima wa Komori, French: Union des Comores, Arabic: \u0627\u0644\u0627\u062a\u062d\u0627\u062f \u0627\u0644\u0642\u0645\u0631\u064a al-Itti\u1e25\u0101d al-Qumur\u012bQamar\u012b), is a sovereign archipelago island nation in the Indian Ocean located at the northern end of the Mozambique Channel off the eastern coast of Africa between northeastern Mozambique and northwestern Madagascar. Other countries near the Comoros are Tanzania to the northwest and the Seychelles to the northeast. Its capital is Moroni, on Grande Comore. At 1,660 km2 (640 sq mi), excluding the contested island of Mayotte, the Comoros is the third-smallest African nation by area. The population, excluding Mayotte, is estimated at 798,000. As a nation formed at a crossroads of different civilizations, the archipelago is noted for its diverse culture and history. The archipelago was first inhabited by Bantu speakers who came from East Africa, supplemented by Arab and Austronesian immigration. It became a French colony in the 19th century before becoming independent in 1975. Since independence the country has experienced numerous coups d'\u00e9tat. The Union of the Comoros has three official languages \u2013 Comorian, Arabic and French. The religion of the majority of the population is Islam. Officially, in addition to many smaller islands, the country consists of the four major islands in the volcanic Comoros archipelago: northwestern-most Grande Comore (Ngazidja); Moh\u00e9li (Mwali); Anjouan (Nzwani); and southeastern-most Mayotte (Maore). Mayotte, however, has never been administered by an independent Comoros government and continues to be administered by France (currently as an overseas department) as it was the only island in the archipelago that voted against independence in 1974. France has since vetoed United Nations Security Council resolutions that would affirm Comorian sovereignty over the island. In addition, Mayotte became an overseas department and a region of France in 2011 following a referendum passed overwhelmingly. The Comoros is the only state to be a member of the African Union, Francophonie, Organisation of Islamic Cooperation, Arab League (of which it is the southernmost state, being the only member of the Arab League which is entirely within the Southern Hemisphere) and the Indian Ocean Commission. As of 2008 about half the population lives below the international poverty line of US$1.25 a day.", "mentions": {"official_language": [{"start_char": 104, "end_char": 112, "uri": "http://www.wikidata.org/entity/Q33077"}, {"start_char": 132, "end_char": 138, "uri": "http://www.wikidata.org/entity/Q150"}, {"start_char": 1213, "end_char": 1221, "uri": "http://www.wikidata.org/entity/Q33077"}, {"start_char": 1234, "end_char": 1240, "uri": "http://www.wikidata.org/entity/Q150"}, {"start_char": 1885, "end_char": 1893, "uri": "http://www.wikidata.org/entity/Q33077"}, {"start_char": 104, "end_char": 112, "uri": "http://www.wikidata.org/entity/Q33077"}, {"start_char": 132, "end_char": 138, "uri": "http://www.wikidata.org/entity/Q150"}, {"start_char": 104, "end_char": 112, "uri": "http://www.wikidata.org/entity/Q33077"}, {"start_char": 132, "end_char": 138, "uri": "http://www.wikidata.org/entity/Q150"}, {"start_char": 1213, "end_char": 1221, "uri": "http://www.wikidata.org/entity/Q33077"}, {"start_char": 1234, "end_char": 1240, "uri": "http://www.wikidata.org/entity/Q150"}], "capital": [], "continent": [{"start_char": 351, "end_char": 357, "uri": "http://www.wikidata.org/entity/Q15"}, {"start_char": 351, "end_char": 357, "uri": "http://www.wikidata.org/entity/Q15"}, {"start_char": 351, "end_char": 357, "uri": "http://www.wikidata.org/entity/Q15"}]}, "mentions_same_attribute_class": {"official_language": [], "capital": [], "continent": []}}