{"id": "Q974", "text": "The Democratic Republic of the Congo (/\u02c8k\u0252\u014b\u0261o\u028a/; [k\u0254\u0303\u0261o]; French: R\u00e9publique d\u00e9mocratique du Congo), also known as DR Congo, DRC, DROC, RDC, Congo-Kinshasa, or simply Congo is a country located in Central Africa. From 1971 to 1997 it was named Za\u00efre. The DRC borders the Republic of the Congo, the Central African Republic, and South Sudan to the north; Uganda, Rwanda, Burundi and Tanzania to the east; Zambia and Angola to the south; and the Atlantic Ocean to the west. It is the second largest country in Africa by area, the largest in Subsaharan Africa, and the eleventh largest in the world. With a population of over 75 million, the Democratic Republic of the Congo is the most populated officially Francophone country, the fourth most populated nation in Africa and the nineteenth most populated country in the world. The Congolese Civil Wars, which began in 1996, brought about the end of Mobutu Sese Seko's 31-year reign and devastated the country. The wars ultimately involved nine African nations, multiple groups of UN peacekeepers and twenty armed groups, and resulted in the deaths of 5.4 million people. The Democratic Republic of Congo is extremely rich in natural resources, but political instability, a lack of infrastructure, deep rooted corruption, and centuries of both commercial and colonial extraction and exploitation have limited holistic development. Besides the capital, Kinshasa, the other major cities, Lubumbashi and Mbuji-Mayi, are both mining communities. DR Congo's largest export is raw minerals, with China accepting over 50% of DRC's exports in 2012. As of 2013, according to the Human Development Index (HDI), DR Congo has a low level of human development, ranking 176 out of 187 countries.", "mentions": {"official_language": [{"start_char": 58, "end_char": 64, "uri": "http://www.wikidata.org/entity/Q150"}, {"start_char": 58, "end_char": 64, "uri": "http://www.wikidata.org/entity/Q150"}, {"start_char": 58, "end_char": 64, "uri": "http://www.wikidata.org/entity/Q150"}, {"start_char": 58, "end_char": 64, "uri": "http://www.wikidata.org/entity/Q150"}, {"start_char": 58, "end_char": 64, "uri": "http://www.wikidata.org/entity/Q150"}, {"start_char": 58, "end_char": 64, "uri": "http://www.wikidata.org/entity/Q150"}, {"start_char": 58, "end_char": 64, "uri": "http://www.wikidata.org/entity/Q150"}, {"start_char": 58, "end_char": 64, "uri": "http://www.wikidata.org/entity/Q150"}], "capital": [{"start_char": 1399, "end_char": 1407, "uri": "http://www.wikidata.org/entity/Q3838"}], "continent": [{"start_char": 508, "end_char": 514, "uri": "http://www.wikidata.org/entity/Q15"}, {"start_char": 762, "end_char": 768, "uri": "http://www.wikidata.org/entity/Q15"}, {"start_char": 508, "end_char": 514, "uri": "http://www.wikidata.org/entity/Q15"}, {"start_char": 762, "end_char": 768, "uri": "http://www.wikidata.org/entity/Q15"}]}, "mentions_same_attribute_class": {"official_language": [], "capital": [], "continent": []}}