{"id": "Q983", "text": "Equatorial Guinea (Spanish: Guinea Ecuatorial, French: Guin\u00e9e \u00e9quatoriale, Portuguese: Guin\u00e9 Equatorial), officially the Republic of Equatorial Guinea (Spanish: Rep\u00fablica de Guinea Ecuatorial, French: R\u00e9publique de Guin\u00e9e \u00e9quatoriale, Portuguese: Rep\u00fablica da Guin\u00e9 Equatorial), is a country located in Central Africa, with an area of 28,000 square kilometres (11,000 sq mi). Formerly the colony of Spanish Guinea, its post-independence name evokes its location near both the Equator and the Gulf of Guinea. Equatorial Guinea is the only sovereign African state in which Spanish is an official language. As of 2015, the country has an estimated population of over 1.2 million. Equatorial Guinea consists of two parts, an insular and a mainland region. The insular region consists of the islands of Bioko (formerly Fernando P\u00f3) in the Gulf of Guinea and Annob\u00f3n, a small volcanic island south of the equator. Bioko Island is the northernmost part of Equatorial Guinea and is the site of the country's capital, Malabo. The island nation of S\u00e3o Tom\u00e9 and Pr\u00edncipe is located between Bioko and Annob\u00f3n. The mainland region, R\u00edo Muni, is bordered by Cameroon on the north and Gabon on the south and east. It is the location of Bata, Equatorial Guinea's largest city, and Oyala, the country's planned future capital. Rio Muni also includes several small offshore islands, such as Corisco, Elobey Grande, and Elobey Chico. Since the mid-1990s, Equatorial Guinea has become one of sub-Saharan Africa's largest oil producers. With a population of almost three quarters of a million, it is the richest country per capita in Africa, and its gross domestic product (GDP) per capita ranks 69th in the world; However, the wealth is distributed very unevenly and few people have benefited from the oil riches. The country ranks 144th on the UN's 2014 Human Development Index. The UN says that less than half of the population has access to clean drinking water and that 20% of children die before reaching the age of five. The country's authoritarian government has one of the worst human rights records in the world, consistently ranking among the \"worst of the worst\" in Freedom House's annual survey of political and civil rights. Reporters Without Borders ranks President Teodoro Obiang Nguema Mbasogo among its \"predators\" of press freedom. Human trafficking is a significant problem, with the US Trafficking in Persons Report, 2012, stating that \"Equatorial Guinea is a source and destination for women and children subjected to forced labor and sex trafficking.\" The report rates Equatorial Guinea as a \"Tier 3\" country, the lowest (worst) ranking: \"Countries whose governments do not fully comply with the minimum standards and are not making significant efforts to do so.\" The country is a member of the African Union, Francophonie and the CPLP.", "mentions": {"official_language": [{"start_char": 19, "end_char": 26, "uri": "http://www.wikidata.org/entity/Q1321"}, {"start_char": 47, "end_char": 53, "uri": "http://www.wikidata.org/entity/Q150"}, {"start_char": 75, "end_char": 85, "uri": "http://www.wikidata.org/entity/Q5146"}, {"start_char": 152, "end_char": 159, "uri": "http://www.wikidata.org/entity/Q1321"}, {"start_char": 193, "end_char": 199, "uri": "http://www.wikidata.org/entity/Q150"}, {"start_char": 235, "end_char": 245, "uri": "http://www.wikidata.org/entity/Q5146"}, {"start_char": 571, "end_char": 578, "uri": "http://www.wikidata.org/entity/Q1321"}, {"start_char": 19, "end_char": 26, "uri": "http://www.wikidata.org/entity/Q1321"}, {"start_char": 47, "end_char": 53, "uri": "http://www.wikidata.org/entity/Q150"}, {"start_char": 75, "end_char": 85, "uri": "http://www.wikidata.org/entity/Q5146"}, {"start_char": 152, "end_char": 159, "uri": "http://www.wikidata.org/entity/Q1321"}, {"start_char": 193, "end_char": 199, "uri": "http://www.wikidata.org/entity/Q150"}, {"start_char": 235, "end_char": 245, "uri": "http://www.wikidata.org/entity/Q5146"}, {"start_char": 19, "end_char": 26, "uri": "http://www.wikidata.org/entity/Q1321"}, {"start_char": 47, "end_char": 53, "uri": "http://www.wikidata.org/entity/Q150"}, {"start_char": 75, "end_char": 85, "uri": "http://www.wikidata.org/entity/Q5146"}, {"start_char": 152, "end_char": 159, "uri": "http://www.wikidata.org/entity/Q1321"}, {"start_char": 193, "end_char": 199, "uri": "http://www.wikidata.org/entity/Q150"}, {"start_char": 235, "end_char": 245, "uri": "http://www.wikidata.org/entity/Q5146"}, {"start_char": 571, "end_char": 578, "uri": "http://www.wikidata.org/entity/Q1321"}, {"start_char": 571, "end_char": 578, "uri": "http://www.wikidata.org/entity/Q1321"}], "capital": [{"start_char": 1009, "end_char": 1015, "uri": "http://www.wikidata.org/entity/Q3818"}, {"start_char": 1009, "end_char": 1015, "uri": "http://www.wikidata.org/entity/Q3818"}, {"start_char": 1009, "end_char": 1015, "uri": "http://www.wikidata.org/entity/Q3818"}], "continent": [{"start_char": 1613, "end_char": 1619, "uri": "http://www.wikidata.org/entity/Q15"}]}, "mentions_same_attribute_class": {"official_language": [], "capital": [], "continent": []}}