{"id": "Q986", "text": "Eritrea (/\u02cc\u025br\u1d7b\u02c8tre\u026a.\u0259/ or /\u02cc\u025br\u1d7b\u02c8tri\u02d0\u0259/;, officially the State of Eritrea, is a country in East Africa. With its capital at Asmara, it is bordered by Sudan in the west, Ethiopia in the south, and Djibouti in the southeast. The northeastern and eastern parts of Eritrea have an extensive coastline along the Red Sea. The nation has a total area of approximately 117,600 km2 (45,406 sq mi), and includes the Dahlak Archipelago and several of the Hanish Islands. Its name Eritrea is based on the Greek name for the Red Sea (\u1f18\u03c1\u03c5\u03b8\u03c1\u1f70 \u0398\u03ac\u03bb\u03b1\u03c3\u03c3\u03b1 Erythra Thalassa), which was first adopted for Italian Eritrea in 1890. Eritrea is a multi-ethnic country, with nine recognized ethnic groups in its population of around six million. Most residents speak Afroasiatic languages, either of the Semitic or Cushitic branches. Among these communities, the Tigrinya make up about 55% of the population, with the Tigre people constituting around 30% of inhabitants. In addition, there are a number of Nilo-Saharan-speaking Nilotic ethnic minorities. Most people in the territory adhere to Christianity or Islam. The Kingdom of Aksum, covering much of modern-day Eritrea and northern Ethiopia, rose somewhere around the first or second centuries and adopted Christianity around the time Islam had spread through Egypt and the Levant. In medieval times much of Eritrea fell under the Medri Bahri kingdom, with a smaller region being part of Hamasien. The creation of modern-day Eritrea is a result of the incorporation of independent, distinct kingdoms and sultanates (for example, Medri Bahri and the Sultanate of Aussa) eventually resulting in the formation of Italian Eritrea. In 1947 Eritrea became part of a federation with Ethiopia, the Federation of Ethiopia and Eritrea. Subsequent annexation into Ethiopia led to the Eritrean War of Independence, ending with Eritrean independence following a referendum in April 1993. Hostilities between Eritrea and Ethiopia persisted, leading to the Eritrean\u2013Ethiopian War of 1998\u20132000 and further skirmishes with both Djibouti and Ethiopia. Eritrea is a member of the African Union, the United Nations, and IGAD, and is an observer in the Arab League alongside Brazil, Venezuela, India and Turkey.", "mentions": {"official_language": [{"start_char": 835, "end_char": 843, "uri": "http://www.wikidata.org/entity/Q34124"}], "capital": [{"start_char": 123, "end_char": 129, "uri": "http://www.wikidata.org/entity/Q3642"}], "continent": []}, "mentions_same_attribute_class": {"official_language": [], "capital": [], "continent": []}}