{"id": "Q1002250", "text": "Frederick Duncan Michael Haldane FRS (born 14 September 1951) is a British physicist who is Eugene Higgins Professor of Physics at the physics department of Princeton University in the United States. He is known for a wide variety of fundamental contributions to condensed matter physics including the theory of Luttinger liquids, the theory of one-dimensional Spin chains, the theory of Fractional Quantum Hall Effect, Exclusion Statistics, Entanglement Spectra and much more. His awards include Fellow of the Royal Society of London; Fellow of the American Academy of Arts and Sciences (Boston); Fellow of the American Physical Society; Fellow of the Institute of Physics (UK); Fellow of the American Association for the Advancement of Science; winner of the Oliver E. Buckley Prize of the American Physical Society (1993); Alfred P. Sloan Foundation Research Fellow (1984\u201388); Lorentz Chair (2008), and Dirac Medal (2012).", "mentions": {"date_of_birth": [{"start_char": 43, "end_char": 60, "uri": "1951-09-14T00:00:00Z^^http://www.w3.org/2001/XMLSchema#dateTime"}], "date_of_death": [], "field_of_work": [{"start_char": 263, "end_char": 287, "uri": "http://www.wikidata.org/entity/Q214781"}, {"start_char": 263, "end_char": 287, "uri": "http://www.wikidata.org/entity/Q214781"}], "country": []}, "mentions_same_attribute_class": {"date_of_birth": [], "date_of_death": [], "field_of_work": [], "country": []}}