{"id": "Q103854", "text": "Aage Niels Bohr ([\u02c8\u0254\u02d0\u028a\u032f\u0259 \u02ccnels \u02c8bo\u0250\u032f\u02c0]; 19 June 1922 \u2013 9 September 2009) was a Danish nuclear physicist who shared the Nobel Prize in Physics in 1975 with Ben Mottelson and James Rainwater \"for the discovery of the connection between collective motion and particle motion in atomic nuclei and the development of the theory of the structure of the atomic nucleus based on this connection\". Starting from Rainwater's concept of an irregular-shaped liquid drop model of the nucleus, Bohr and Mottelson developed a detailed theory that was in close agreement with experiments. Since his father, Niels Bohr, had won the prize in 1922, he and his father were one of the six pairs of fathers and sons who have both won the Nobel Prize and one of the four pairs who have both won the Nobel Prize in Physics.", "mentions": {"date_of_birth": [{"start_char": 40, "end_char": 52, "uri": "1922-06-19T00:00:00Z^^http://www.w3.org/2001/XMLSchema#dateTime"}, {"start_char": 40, "end_char": 52, "uri": "1922-06-19T00:00:00Z^^http://www.w3.org/2001/XMLSchema#dateTime"}], "date_of_death": [], "field_of_work": [{"start_char": 86, "end_char": 103, "uri": "http://www.wikidata.org/entity/Q81197"}, {"start_char": 86, "end_char": 103, "uri": "http://www.wikidata.org/entity/Q81197"}], "country": []}, "mentions_same_attribute_class": {"date_of_birth": [], "date_of_death": [], "field_of_work": [], "country": []}}