{"id": "Q104651", "text": "John Cromwell Mather (born August 7, 1946, Roanoke, Virginia) is an American astrophysicist, cosmologist and Nobel Prize in Physics laureate for his work on the Cosmic Background Explorer Satellite (COBE) with George Smoot. This work helped cement the big-bang theory of the universe. According to the Nobel Prize committee, \"the COBE-project can also be regarded as the starting point for cosmology as a precision science.\" Mather is a senior astrophysicist at the U.S. space agency's (NASA) Goddard Space Flight Center (GSFC) in Maryland and adjunct professor of physics at the University of Maryland, College Park. In 2007, Mather was listed among Time magazine's 100 Most Influential People in The World. In October, 2012, he was listed again by Time magazine in a special issue on New Space Discoveries as one of 25 most influential people in space. Mather is also the project scientist for the James Webb Space Telescope (JWST), a space telescope to be launched to L2 no earlier than 2018. In 2014, Mather delivered a major address on the Webb Space Telescope at the second Starmus Festival in the Canary Islands.", "mentions": {"date_of_birth": [{"start_char": 27, "end_char": 41, "uri": "1946-08-07T00:00:00Z^^http://www.w3.org/2001/XMLSchema#dateTime"}], "date_of_death": [], "field_of_work": [{"start_char": 77, "end_char": 91, "uri": "http://www.wikidata.org/entity/Q37547"}, {"start_char": 444, "end_char": 458, "uri": "http://www.wikidata.org/entity/Q37547"}], "country": [{"start_char": 68, "end_char": 76, "uri": "http://www.wikidata.org/entity/Q30"}]}, "mentions_same_attribute_class": {"date_of_birth": [], "date_of_death": [], "field_of_work": [], "country": []}}