{"id": "Q104104", "text": "Sir Andre Konstantin Geim, FRS, HonFRSC, HonFInstP (born 21 October 1958) is a Soviet-born Dutch-British physicist working in the School of Physics and Astronomy at the University of Manchester. Geim was awarded the 2010 Nobel Prize in Physics jointly with Konstantin Novoselov for his work on graphene. He is Regius Professor of Physics and Royal Society Research Professor at the Manchester Centre for Mesoscience and Nanotechnology. In addition to the 2010 Nobel Prize, he received an Ig Nobel Prize in 2000 for using the magnetic properties of water scaling to levitate a small frog with magnets. This makes him the first, and thus far only, person to receive both the prestigious science award and its tongue-in-cheek equivalent.", "mentions": {"date_of_birth": [{"start_char": 57, "end_char": 72, "uri": "1958-10-21T00:00:00Z^^http://www.w3.org/2001/XMLSchema#dateTime"}], "date_of_death": [], "field_of_work": [], "country": []}, "mentions_same_attribute_class": {"date_of_birth": [], "date_of_death": [], "field_of_work": [], "country": []}}