{"id": "Q104668", "text": "Vitaly Lazarevich Ginzburg, (Russian: \u0412\u0438\u0442\u0430\u0301\u043b\u0438\u0439 \u041b\u0430\u0301\u0437\u0430\u0440\u0435\u0432\u0438\u0447 \u0413\u0438\u0301\u043d\u0437\u0431\u0443\u0440\u0433; October 4, 1916 \u2013 November 8, 2009) was a Soviet and Russian theoretical physicist, astrophysicist, Nobel laureate, a member of the Soviet and Russian Academies of Sciences and one of the fathers of Soviet hydrogen bomb. He was the successor to Igor Tamm as head of the Department of Theoretical Physics of the Lebedev Physical Institute of the Russian Academy of Sciences (FIAN), and an outspoken atheist.", "mentions": {"date_of_birth": [{"start_char": 69, "end_char": 84, "uri": "1916-10-04T00:00:00Z^^http://www.w3.org/2001/XMLSchema#dateTime"}, {"start_char": 69, "end_char": 84, "uri": "1916-10-04T00:00:00Z^^http://www.w3.org/2001/XMLSchema#dateTime"}], "date_of_death": [{"start_char": 87, "end_char": 103, "uri": "2009-11-08T00:00:00Z^^http://www.w3.org/2001/XMLSchema#dateTime"}, {"start_char": 87, "end_char": 103, "uri": "2009-11-08T00:00:00Z^^http://www.w3.org/2001/XMLSchema#dateTime"}], "field_of_work": [], "country": [{"start_char": 29, "end_char": 36, "uri": "http://www.wikidata.org/entity/Q15180"}, {"start_char": 111, "end_char": 117, "uri": "http://www.wikidata.org/entity/Q15180"}, {"start_char": 122, "end_char": 129, "uri": "http://www.wikidata.org/entity/Q15180"}, {"start_char": 201, "end_char": 207, "uri": "http://www.wikidata.org/entity/Q15180"}, {"start_char": 212, "end_char": 219, "uri": "http://www.wikidata.org/entity/Q15180"}, {"start_char": 268, "end_char": 274, "uri": "http://www.wikidata.org/entity/Q15180"}, {"start_char": 29, "end_char": 36, "uri": "http://www.wikidata.org/entity/Q15180"}, {"start_char": 111, "end_char": 117, "uri": "http://www.wikidata.org/entity/Q15180"}, {"start_char": 122, "end_char": 129, "uri": "http://www.wikidata.org/entity/Q15180"}, {"start_char": 201, "end_char": 207, "uri": "http://www.wikidata.org/entity/Q15180"}, {"start_char": 212, "end_char": 219, "uri": "http://www.wikidata.org/entity/Q15180"}, {"start_char": 268, "end_char": 274, "uri": "http://www.wikidata.org/entity/Q15180"}]}, "mentions_same_attribute_class": {"date_of_birth": [], "date_of_death": [], "field_of_work": [], "country": []}}