{"id": "Q104779", "text": "Simon van der Meer (24 November 1925 \u2013 4 March 2011) was a Dutch particle accelerator physicist who shared the Nobel Prize in Physics in 1984 with Carlo Rubbia for contributions to the CERN project which led to the discovery of the W and Z particles, two of the most fundamental constituents of matter.", "mentions": {"date_of_birth": [{"start_char": 20, "end_char": 36, "uri": "1925-11-24T00:00:00Z^^http://www.w3.org/2001/XMLSchema#dateTime"}, {"start_char": 20, "end_char": 36, "uri": "1925-11-24T00:00:00Z^^http://www.w3.org/2001/XMLSchema#dateTime"}], "date_of_death": [{"start_char": 39, "end_char": 51, "uri": "2011-03-04T00:00:00Z^^http://www.w3.org/2001/XMLSchema#dateTime"}, {"start_char": 39, "end_char": 51, "uri": "2011-03-04T00:00:00Z^^http://www.w3.org/2001/XMLSchema#dateTime"}], "field_of_work": [], "country": []}, "mentions_same_attribute_class": {"date_of_birth": [], "date_of_death": [], "field_of_work": [], "country": []}}