{"id": "Q106454", "text": "Adam Guy Riess (born December 16, 1969) is an American astrophysicist at Johns Hopkins University and the Space Telescope Science Institute and is known for his research in using supernovae as cosmological probes. Riess shared both the 2006 Shaw Prize in Astronomy and the 2011 Nobel Prize in Physics with Saul Perlmutter and Brian P. Schmidt for providing evidence that the expansion of the universe is accelerating.", "mentions": {"date_of_birth": [{"start_char": 21, "end_char": 38, "uri": "1969-12-16T00:00:00Z^^http://www.w3.org/2001/XMLSchema#dateTime"}, {"start_char": 21, "end_char": 38, "uri": "1969-12-16T00:00:00Z^^http://www.w3.org/2001/XMLSchema#dateTime"}], "date_of_death": [], "field_of_work": [{"start_char": 55, "end_char": 69, "uri": "http://www.wikidata.org/entity/Q37547"}, {"start_char": 55, "end_char": 69, "uri": "http://www.wikidata.org/entity/Q37547"}], "country": [{"start_char": 46, "end_char": 54, "uri": "http://www.wikidata.org/entity/Q30"}, {"start_char": 46, "end_char": 54, "uri": "http://www.wikidata.org/entity/Q30"}]}, "mentions_same_attribute_class": {"date_of_birth": [], "date_of_death": [], "field_of_work": [], "country": []}}