{"id": "Q106494", "text": "Sir Konstantin Sergeevich Novoselov FRS FRSC FInstP (born 23 August 1974) is a Russian-British physicist, and Langworthy Professor in the School of Physics and Astronomy at the University of Manchester. His work on graphene with Andre Geim earned them the Nobel Prize in Physics in 2010.", "mentions": {"date_of_birth": [{"start_char": 58, "end_char": 72, "uri": "1974-08-23T00:00:00Z^^http://www.w3.org/2001/XMLSchema#dateTime"}], "date_of_death": [], "field_of_work": [], "country": []}, "mentions_same_attribute_class": {"date_of_birth": [], "date_of_death": [], "field_of_work": [], "country": []}}