{"id": "Q106949", "text": "Saul Perlmutter (born September 22, 1959) is an American astrophysicist at the Lawrence Berkeley National Laboratory and a professor of physics at the University of California, Berkeley. He is a member of the American Academy of Arts & Sciences, and was elected a Fellow of the American Association for the Advancement of Science in 2003. He is also a member of the National Academy of Sciences. Perlmutter shared both the 2006 Shaw Prize in Astronomy, the 2011 Nobel Prize in Physics, and the 2015 Breakthrough Prize in Fundamental Physics with Brian P. Schmidt and Adam Riess for providing evidence that the expansion of the universe is accelerating.", "mentions": {"date_of_birth": [{"start_char": 22, "end_char": 40, "uri": "1959-09-22T00:00:00Z^^http://www.w3.org/2001/XMLSchema#dateTime"}, {"start_char": 22, "end_char": 40, "uri": "1959-09-22T00:00:00Z^^http://www.w3.org/2001/XMLSchema#dateTime"}], "date_of_death": [], "field_of_work": [{"start_char": 57, "end_char": 71, "uri": "http://www.wikidata.org/entity/Q37547"}, {"start_char": 57, "end_char": 71, "uri": "http://www.wikidata.org/entity/Q37547"}], "country": [{"start_char": 48, "end_char": 56, "uri": "http://www.wikidata.org/entity/Q30"}, {"start_char": 209, "end_char": 217, "uri": "http://www.wikidata.org/entity/Q30"}, {"start_char": 48, "end_char": 56, "uri": "http://www.wikidata.org/entity/Q30"}, {"start_char": 209, "end_char": 217, "uri": "http://www.wikidata.org/entity/Q30"}]}, "mentions_same_attribute_class": {"date_of_birth": [], "date_of_death": [], "field_of_work": [], "country": []}}