{"id": "Q107419", "text": "Norman Foster Ramsey, Jr. (August 27, 1915 \u2013 November 4, 2011) was an American physicist who was awarded the 1989 Nobel Prize in Physics, together with Hans G. Dehmelt from University of Washington, for the invention of the separated oscillatory field method, which had important applications in the construction of atomic clocks. A physics professor at Harvard University for most of his career, Ramsey also held several posts with such government and international agencies as NATO and the United States Atomic Energy Commission. Among his other accomplishments are helping to found the United States Department of Energy's Brookhaven National Laboratory and Fermilab.", "mentions": {"date_of_birth": [{"start_char": 27, "end_char": 42, "uri": "1915-08-27T00:00:00Z^^http://www.w3.org/2001/XMLSchema#dateTime"}], "date_of_death": [{"start_char": 45, "end_char": 61, "uri": "2011-11-04T00:00:00Z^^http://www.w3.org/2001/XMLSchema#dateTime"}], "field_of_work": [], "country": [{"start_char": 70, "end_char": 78, "uri": "http://www.wikidata.org/entity/Q30"}, {"start_char": 589, "end_char": 602, "uri": "http://www.wikidata.org/entity/Q30"}]}, "mentions_same_attribute_class": {"date_of_birth": [], "date_of_death": [], "field_of_work": [], "country": []}}