{"id": "Q107407", "text": "Hugh David Politzer (born August 31, 1949) is an American theoretical physicist at the California Institute of Technology. He shared the 2004 Nobel Prize in Physics with David Gross and Frank Wilczek for their discovery of asymptotic freedom in quantum chromodynamics.", "mentions": {"date_of_birth": [{"start_char": 26, "end_char": 41, "uri": "1949-08-31T00:00:00Z^^http://www.w3.org/2001/XMLSchema#dateTime"}, {"start_char": 26, "end_char": 41, "uri": "1949-08-31T00:00:00Z^^http://www.w3.org/2001/XMLSchema#dateTime"}], "date_of_death": [], "field_of_work": [], "country": [{"start_char": 49, "end_char": 57, "uri": "http://www.wikidata.org/entity/Q30"}, {"start_char": 49, "end_char": 57, "uri": "http://www.wikidata.org/entity/Q30"}]}, "mentions_same_attribute_class": {"date_of_birth": [], "date_of_death": [], "field_of_work": [], "country": []}}