{"id": "Q107423", "text": "Ben Roy Mottelson (born July 9, 1926) is an American-born Danish nuclear physicist. He won the 1975 Nobel Prize in Physics for his work on the non-spherical geometry of atomic nuclei.", "mentions": {"date_of_birth": [{"start_char": 24, "end_char": 36, "uri": "1926-07-09T00:00:00Z^^http://www.w3.org/2001/XMLSchema#dateTime"}, {"start_char": 24, "end_char": 36, "uri": "1926-07-09T00:00:00Z^^http://www.w3.org/2001/XMLSchema#dateTime"}], "date_of_death": [], "field_of_work": [], "country": []}, "mentions_same_attribute_class": {"date_of_birth": [], "date_of_death": [], "field_of_work": [], "country": []}}