{"id": "Q107416", "text": "Martin Lewis Perl (June 24, 1927 \u2013 September 30, 2014) was an American physicist who won the Nobel Prize in Physics in 1995 for his discovery of the tau lepton.", "mentions": {"date_of_birth": [{"start_char": 19, "end_char": 32, "uri": "1927-06-24T00:00:00Z^^http://www.w3.org/2001/XMLSchema#dateTime"}, {"start_char": 19, "end_char": 32, "uri": "1927-06-24T00:00:00Z^^http://www.w3.org/2001/XMLSchema#dateTime"}], "date_of_death": [{"start_char": 35, "end_char": 53, "uri": "2014-09-30T00:00:00Z^^http://www.w3.org/2001/XMLSchema#dateTime"}, {"start_char": 35, "end_char": 53, "uri": "2014-09-30T00:00:00Z^^http://www.w3.org/2001/XMLSchema#dateTime"}], "field_of_work": [], "country": [{"start_char": 62, "end_char": 70, "uri": "http://www.wikidata.org/entity/Q30"}, {"start_char": 62, "end_char": 70, "uri": "http://www.wikidata.org/entity/Q30"}]}, "mentions_same_attribute_class": {"date_of_birth": [], "date_of_death": [], "field_of_work": [], "country": []}}