{"id": "Q107420", "text": "Sheldon Lee Glashow (/\u02c8\u0261l\u00e6\u0283o\u028a/; born December 5, 1932) is a Nobel Prize winning American theoretical physicist. He is the Metcalf Professor of Mathematics and Physics at Boston University and Higgins Professor of Physics, Emeritus, at Harvard University, and is a member of the Board of Sponsors for the Bulletin of the Atomic Scientists.", "mentions": {"date_of_birth": [{"start_char": 37, "end_char": 53, "uri": "1932-12-05T00:00:00Z^^http://www.w3.org/2001/XMLSchema#dateTime"}, {"start_char": 37, "end_char": 53, "uri": "1932-12-05T00:00:00Z^^http://www.w3.org/2001/XMLSchema#dateTime"}], "date_of_death": [], "field_of_work": [{"start_char": 159, "end_char": 166, "uri": "http://www.wikidata.org/entity/Q413"}, {"start_char": 213, "end_char": 220, "uri": "http://www.wikidata.org/entity/Q413"}, {"start_char": 159, "end_char": 166, "uri": "http://www.wikidata.org/entity/Q413"}, {"start_char": 213, "end_char": 220, "uri": "http://www.wikidata.org/entity/Q413"}], "country": [{"start_char": 80, "end_char": 88, "uri": "http://www.wikidata.org/entity/Q30"}, {"start_char": 80, "end_char": 88, "uri": "http://www.wikidata.org/entity/Q30"}]}, "mentions_same_attribute_class": {"date_of_birth": [], "date_of_death": [], "field_of_work": [], "country": []}}