{"id": "Q107450", "text": "Frank Anthony Wilczek (born May 15, 1951) is an American theoretical physicist, mathematician and a Nobel laureate. He is currently the Herman Feshbach Professor of Physics at the Massachusetts Institute of Technology (MIT). Wilczek, along with David Gross and H. David Politzer, was awarded the Nobel Prize in Physics in 2004 for their discovery of asymptotic freedom in the theory of the strong interaction. He is on the Scientific Advisory Board for the Future of Life Institute.", "mentions": {"date_of_birth": [{"start_char": 28, "end_char": 40, "uri": "1951-05-15T00:00:00Z^^http://www.w3.org/2001/XMLSchema#dateTime"}, {"start_char": 28, "end_char": 40, "uri": "1951-05-15T00:00:00Z^^http://www.w3.org/2001/XMLSchema#dateTime"}], "date_of_death": [], "field_of_work": [{"start_char": 165, "end_char": 172, "uri": "http://www.wikidata.org/entity/Q413"}, {"start_char": 165, "end_char": 172, "uri": "http://www.wikidata.org/entity/Q413"}], "country": [{"start_char": 48, "end_char": 56, "uri": "http://www.wikidata.org/entity/Q30"}, {"start_char": 48, "end_char": 56, "uri": "http://www.wikidata.org/entity/Q30"}]}, "mentions_same_attribute_class": {"date_of_birth": [], "date_of_death": [], "field_of_work": [], "country": []}}