{"id": "Q109588", "text": "Serge Haroche (born 11 September 1944) is a French physicist who was awarded the 2012 Nobel Prize for Physics jointly with David J. Wineland for \"ground-breaking experimental methods that enable measuring and manipulation of individual quantum systems\", a study of the particle of light, the photon. This and his other works developed laser spectroscopy. Since 2001, Haroche is a Professor at the Coll\u00e8ge de France and holds the Chair of Quantum Physics. In 1971 he defended his doctoral thesis in physics at the University of Paris VI, his research has been conducted under the direction of Claude Cohen-Tannoudji.", "mentions": {"date_of_birth": [{"start_char": 20, "end_char": 37, "uri": "1944-09-11T00:00:00Z^^http://www.w3.org/2001/XMLSchema#dateTime"}], "date_of_death": [], "field_of_work": [{"start_char": 236, "end_char": 243, "uri": "http://www.wikidata.org/entity/Q944"}, {"start_char": 438, "end_char": 453, "uri": "http://www.wikidata.org/entity/Q944"}], "country": []}, "mentions_same_attribute_class": {"date_of_birth": [], "date_of_death": [], "field_of_work": [], "country": []}}