{"id": "Q11443689", "text": "Hiroshi Amano (\u5929\u91ce \u6d69 Amano Hiroshi, born September 11, 1960) is a Japanese physicist and inventor specializing in the field of semiconductor technology. For his work he was awarded the 2014 Nobel Prize in Physics together with Isamu Akasaki and Shuji Nakamura for \"the invention of efficient blue light-emitting diodes which has enabled bright and energy-saving white light sources\".", "mentions": {"date_of_birth": [{"start_char": 40, "end_char": 58, "uri": "1960-09-11T00:00:00Z^^http://www.w3.org/2001/XMLSchema#dateTime"}, {"start_char": 40, "end_char": 58, "uri": "1960-09-11T00:00:00Z^^http://www.w3.org/2001/XMLSchema#dateTime"}], "date_of_death": [], "field_of_work": [], "country": []}, "mentions_same_attribute_class": {"date_of_birth": [], "date_of_death": [], "field_of_work": [], "country": []}}