{"id": "Q122298", "text": "Karl Alexander M\u00fcller (born April 20, 1927) is a Swiss physicist and Nobel laureate. He received the Nobel Prize in Physics in 1987 with Georg Bednorz for their work in superconductivity in ceramic materials.", "mentions": {"date_of_birth": [{"start_char": 28, "end_char": 42, "uri": "1927-04-20T00:00:00Z^^http://www.w3.org/2001/XMLSchema#dateTime"}], "date_of_death": [], "field_of_work": [], "country": []}, "mentions_same_attribute_class": {"date_of_birth": [], "date_of_death": [], "field_of_work": [], "country": []}}