{"id": "Q123026", "text": "Charles \u00c9douard Guillaume (15 February 1861, Fleurier, Switzerland \u2013 13 May 1938, S\u00e8vres, France) was a Swiss physicist who received the Nobel Prize in Physics in 1920 in recognition of the service he had rendered to precision measurements in physics by his discovery of anomalies in nickel steel alloys. Guillaume is known for his discovery of nickel-steel alloys he named invar and elinvar. Invar has a near-zero coefficient of thermal expansion, making it useful in constructing precision instruments whose dimensions need to remain constant in spite of varying temperature. Elinvar has a near-zero thermal coefficient of the modulus of elasticity, making it useful in constructing instruments with springs that need to be unaffected by varying temperature, such as the marine chronometer. Elinvar is also non-magnetic, which is a secondary useful property for antimagnetic watches. As the son of a Swiss horologist Guillaume took an interest in marine chronometers. For use as the compensation balance he developed a slight variation of the invar alloy which had a negative quadratic coefficient of expansion. The purpose of doing this was to eliminate the \"middle temperature\" error of the balance wheel. Guillaume was head of the International Bureau of Weights and Measures. He worked with Kristian Birkeland, serving at the Observatoire de Paris\u2014Section de Meudon. He conducted several experiments with thermostatic measurements at the observatory. He was the first to determine accurately the temperature of space. Guillaume was married in 1888 to A.M. Taufflieb, with whom he had three children.", "mentions": {"date_of_birth": [{"start_char": 27, "end_char": 43, "uri": "1861-02-15T00:00:00Z^^http://www.w3.org/2001/XMLSchema#dateTime"}], "date_of_death": [{"start_char": 69, "end_char": 80, "uri": "1938-05-13T00:00:00Z^^http://www.w3.org/2001/XMLSchema#dateTime"}], "field_of_work": [], "country": [{"start_char": 55, "end_char": 66, "uri": "http://www.wikidata.org/entity/Q39"}, {"start_char": 104, "end_char": 109, "uri": "http://www.wikidata.org/entity/Q39"}, {"start_char": 902, "end_char": 907, "uri": "http://www.wikidata.org/entity/Q39"}]}, "mentions_same_attribute_class": {"date_of_birth": [], "date_of_death": [], "field_of_work": [], "country": []}}