{"id": "Q123022", "text": "Felix Bloch (23 October 1905 \u2013 10 September 1983) was a Swiss physicist, working mainly in the U.S. He and Edward Mills Purcell were awarded the 1952 Nobel Prize for \"their development of new ways and methods for nuclear magnetic precision measurements.\" In 1954\u20131955, he served for one year as the first Director-General of CERN.", "mentions": {"date_of_birth": [{"start_char": 13, "end_char": 28, "uri": "1905-10-23T00:00:00Z^^http://www.w3.org/2001/XMLSchema#dateTime"}, {"start_char": 13, "end_char": 28, "uri": "1905-10-23T00:00:00Z^^http://www.w3.org/2001/XMLSchema#dateTime"}], "date_of_death": [{"start_char": 31, "end_char": 48, "uri": "1983-09-10T00:00:00Z^^http://www.w3.org/2001/XMLSchema#dateTime"}, {"start_char": 31, "end_char": 48, "uri": "1983-09-10T00:00:00Z^^http://www.w3.org/2001/XMLSchema#dateTime"}], "field_of_work": [], "country": [{"start_char": 56, "end_char": 61, "uri": "http://www.wikidata.org/entity/Q39"}, {"start_char": 56, "end_char": 61, "uri": "http://www.wikidata.org/entity/Q39"}]}, "mentions_same_attribute_class": {"date_of_birth": [], "date_of_death": [], "field_of_work": [], "country": []}}