{"id": "Q123029", "text": "Heinrich Rohrer (6 June 1933 \u2013 16 May 2013) was a Swiss physicist who shared half of the 1986 Nobel Prize in Physics with Gerd Binnig for the design of the scanning tunneling microscope (STM). The other half of the Prize was awarded to Ernst Ruska.", "mentions": {"date_of_birth": [{"start_char": 17, "end_char": 28, "uri": "1933-06-06T00:00:00Z^^http://www.w3.org/2001/XMLSchema#dateTime"}, {"start_char": 17, "end_char": 28, "uri": "1933-06-06T00:00:00Z^^http://www.w3.org/2001/XMLSchema#dateTime"}], "date_of_death": [{"start_char": 31, "end_char": 42, "uri": "2013-05-16T00:00:00Z^^http://www.w3.org/2001/XMLSchema#dateTime"}, {"start_char": 31, "end_char": 42, "uri": "2013-05-16T00:00:00Z^^http://www.w3.org/2001/XMLSchema#dateTime"}], "field_of_work": [], "country": [{"start_char": 50, "end_char": 55, "uri": "http://www.wikidata.org/entity/Q39"}, {"start_char": 50, "end_char": 55, "uri": "http://www.wikidata.org/entity/Q39"}]}, "mentions_same_attribute_class": {"date_of_birth": [], "date_of_death": [], "field_of_work": [], "country": []}}