{"id": "Q127234", "text": "Albert Abraham Michelson (surname pronunciation anglicized as \"Michael-son\", December 19, 1852 \u2013 May 9, 1931) was an American physicist known for his work on the measurement of the speed of light and especially for the Michelson\u2013Morley experiment. In 1907 he received the Nobel Prize in Physics. He became the first American to receive the Nobel Prize in sciences.", "mentions": {"date_of_birth": [{"start_char": 77, "end_char": 94, "uri": "1852-12-19T00:00:00Z^^http://www.w3.org/2001/XMLSchema#dateTime"}, {"start_char": 77, "end_char": 94, "uri": "1852-12-19T00:00:00Z^^http://www.w3.org/2001/XMLSchema#dateTime"}], "date_of_death": [{"start_char": 97, "end_char": 108, "uri": "1931-05-09T00:00:00Z^^http://www.w3.org/2001/XMLSchema#dateTime"}, {"start_char": 97, "end_char": 108, "uri": "1931-05-09T00:00:00Z^^http://www.w3.org/2001/XMLSchema#dateTime"}], "field_of_work": [], "country": [{"start_char": 117, "end_char": 125, "uri": "http://www.wikidata.org/entity/Q30"}, {"start_char": 316, "end_char": 324, "uri": "http://www.wikidata.org/entity/Q30"}, {"start_char": 117, "end_char": 125, "uri": "http://www.wikidata.org/entity/Q30"}, {"start_char": 316, "end_char": 324, "uri": "http://www.wikidata.org/entity/Q30"}]}, "mentions_same_attribute_class": {"date_of_birth": [], "date_of_death": [], "field_of_work": [], "country": []}}