{"id": "Q127944", "text": "Arthur Holly Compton (September 10, 1892 \u2013 March 15, 1962) was an American physicist who won the Nobel Prize in Physics in 1927 for his discovery of the Compton effect, which demonstrated the particle nature of electromagnetic radiation. It was a sensational discovery at the time: the wave nature of light had been well-demonstrated, but the idea that light had both wave and particle properties was not easily accepted. He is also known for his leadership of the Manhattan Project's Metallurgical Laboratory, and served as Chancellor of Washington University in St. Louis from 1945 to 1953. In 1919, Compton was awarded one of the first two National Research Council Fellowships that allowed students to study abroad. He chose to go to Cambridge University's Cavendish Laboratory in England, where he studied the scattering and absorption of gamma rays. Further research along these lines led to the discovery of the Compton effect. He used X-rays to investigate ferromagnetism, concluding that it was a result of the alignment of electron spins, and studied cosmic rays, discovering that they were made up principally of positively charged particles. During World War II, Compton was a key figure in the Manhattan Project that developed the first nuclear weapons. His reports were important in launching the project. In 1942, he became head of the Metallurgical Laboratory, with responsibility for producing nuclear reactors to convert uranium into plutonium, finding ways to separate the plutonium from the uranium and to design an atomic bomb. Compton oversaw Enrico Fermi's creation of Chicago Pile-1, the first nuclear reactor, which went critical on December 2, 1942. The Metallurgical Laboratory was also responsible for the design and operation of the X-10 Graphite Reactor at Oak Ridge, Tennessee. Plutonium began being produced in the Hanford Site reactors in 1945. After the war, Compton became Chancellor of Washington University in St. Louis. During his tenure, the university formally desegregated its undergraduate divisions, named its first female full professor, and enrolled a record number of students after wartime veterans returned to the United States.", "mentions": {"date_of_birth": [{"start_char": 22, "end_char": 40, "uri": "1892-09-10T00:00:00Z^^http://www.w3.org/2001/XMLSchema#dateTime"}, {"start_char": 22, "end_char": 40, "uri": "1892-09-10T00:00:00Z^^http://www.w3.org/2001/XMLSchema#dateTime"}], "date_of_death": [{"start_char": 43, "end_char": 57, "uri": "1962-03-15T00:00:00Z^^http://www.w3.org/2001/XMLSchema#dateTime"}, {"start_char": 43, "end_char": 57, "uri": "1962-03-15T00:00:00Z^^http://www.w3.org/2001/XMLSchema#dateTime"}], "field_of_work": [], "country": [{"start_char": 66, "end_char": 74, "uri": "http://www.wikidata.org/entity/Q30"}, {"start_char": 2162, "end_char": 2175, "uri": "http://www.wikidata.org/entity/Q30"}, {"start_char": 66, "end_char": 74, "uri": "http://www.wikidata.org/entity/Q30"}]}, "mentions_same_attribute_class": {"date_of_birth": [], "date_of_death": [], "field_of_work": [], "country": []}}