{"id": "Q130113", "text": "Robert Hofstadter (February 5, 1915 \u2013 November 17, 1990) was an American physicist. He was the joint winner of the 1961 Nobel Prize in Physics (together with Rudolf M\u00f6ssbauer) \"for his pioneering studies of electron scattering in atomic nuclei and for his consequent discoveries concerning the structure of nucleons\".", "mentions": {"date_of_birth": [{"start_char": 19, "end_char": 35, "uri": "1915-02-05T00:00:00Z^^http://www.w3.org/2001/XMLSchema#dateTime"}, {"start_char": 19, "end_char": 35, "uri": "1915-02-05T00:00:00Z^^http://www.w3.org/2001/XMLSchema#dateTime"}], "date_of_death": [{"start_char": 38, "end_char": 55, "uri": "1990-11-17T00:00:00Z^^http://www.w3.org/2001/XMLSchema#dateTime"}, {"start_char": 38, "end_char": 55, "uri": "1990-11-17T00:00:00Z^^http://www.w3.org/2001/XMLSchema#dateTime"}], "field_of_work": [], "country": [{"start_char": 64, "end_char": 72, "uri": "http://www.wikidata.org/entity/Q30"}, {"start_char": 64, "end_char": 72, "uri": "http://www.wikidata.org/entity/Q30"}]}, "mentions_same_attribute_class": {"date_of_birth": [], "date_of_death": [], "field_of_work": [], "country": []}}