{"id": "Q131721", "text": "Johannes Diderik van der Waals ([jo\u02d0\u02c8\u0266\u0251n\u0259z \u02c8did\u0259\u02ccr\u026ak f\u0251n d\u025br \u02c8\u028ba\u02d0ls]; 23 November 1837 \u2013 8 March 1923) was a Dutch theoretical physicist and thermodynamicist famous for his work on an equation of state for gases and liquids. His name is primarily associated with the van der Waals equation of state that describes the behavior of gases and their condensation to the liquid phase. His name is also associated with van der Waals forces (forces between stable molecules), with van der Waals molecules (small molecular clusters bound by van der Waals forces), and with van der Waals radii (sizes of molecules). He became the first physics professor of the University of Amsterdam when in 1877 the old Athenaeum was upgraded to Municipal University. Van der Waals won the 1910 Nobel Prize in physics for his work on the equation of state for gases and liquids.", "mentions": {"date_of_birth": [{"start_char": 70, "end_char": 86, "uri": "1837-11-23T00:00:00Z^^http://www.w3.org/2001/XMLSchema#dateTime"}, {"start_char": 70, "end_char": 86, "uri": "1837-11-23T00:00:00Z^^http://www.w3.org/2001/XMLSchema#dateTime"}, {"start_char": 70, "end_char": 86, "uri": "1837-11-23T00:00:00Z^^http://www.w3.org/2001/XMLSchema#dateTime"}], "date_of_death": [{"start_char": 89, "end_char": 101, "uri": "1923-03-08T00:00:00Z^^http://www.w3.org/2001/XMLSchema#dateTime"}, {"start_char": 89, "end_char": 101, "uri": "1923-03-08T00:00:00Z^^http://www.w3.org/2001/XMLSchema#dateTime"}, {"start_char": 89, "end_char": 101, "uri": "1923-03-08T00:00:00Z^^http://www.w3.org/2001/XMLSchema#dateTime"}], "field_of_work": [], "country": []}, "mentions_same_attribute_class": {"date_of_birth": [], "date_of_death": [], "field_of_work": [], "country": []}}