{"id": "Q131729", "text": "Sir William Lawrence Bragg CH, OBE, MC, FRS (31 March 1890 \u2013 1 July 1971) was an Australian-born British physicist and X-ray crystallographer, discoverer (1912) of Bragg's law of X-ray diffraction, which is basic for the determination of crystal structure. He was joint winner (with his father, William Henry Bragg) of the Nobel Prize in Physics in 1915: \"For their services in the analysis of crystal structure by means of X-ray\", an important step in the development of X-ray crystallography. Bragg was knighted in 1941. As of 2016, Lawrence Bragg is the youngest ever Nobel Laureate in physics, having received the award at the age of 25 years. (The youngest of all Nobel Laureates is Malala Yousafzai in 2014 at the age of 17.) Bragg was the director of the Cavendish Laboratory, Cambridge, when the discovery of the structure of DNA was reported by James D. Watson and Francis Crick in February 1953.", "mentions": {"date_of_birth": [{"start_char": 45, "end_char": 58, "uri": "1890-03-31T00:00:00Z^^http://www.w3.org/2001/XMLSchema#dateTime"}, {"start_char": 45, "end_char": 58, "uri": "1890-03-31T00:00:00Z^^http://www.w3.org/2001/XMLSchema#dateTime"}], "date_of_death": [{"start_char": 61, "end_char": 72, "uri": "1971-07-01T00:00:00Z^^http://www.w3.org/2001/XMLSchema#dateTime"}, {"start_char": 61, "end_char": 72, "uri": "1971-07-01T00:00:00Z^^http://www.w3.org/2001/XMLSchema#dateTime"}], "field_of_work": [], "country": []}, "mentions_same_attribute_class": {"date_of_birth": [], "date_of_death": [], "field_of_work": [], "country": []}}