{"id": "Q133222", "text": "Clinton Joseph Davisson (October 22, 1881 \u2013 February 1, 1958), was an American physicist who won the 1937 Nobel Prize in Physics for his discovery of electron diffraction in the famous Davisson-Germer experiment. Davisson shared the Nobel Prize with George Paget Thomson, who independently discovered electron diffraction at about the same time as Davisson.", "mentions": {"date_of_birth": [{"start_char": 25, "end_char": 41, "uri": "1881-10-22T00:00:00Z^^http://www.w3.org/2001/XMLSchema#dateTime"}, {"start_char": 25, "end_char": 41, "uri": "1881-10-22T00:00:00Z^^http://www.w3.org/2001/XMLSchema#dateTime"}], "date_of_death": [{"start_char": 44, "end_char": 60, "uri": "1958-02-01T00:00:00Z^^http://www.w3.org/2001/XMLSchema#dateTime"}, {"start_char": 44, "end_char": 60, "uri": "1958-02-01T00:00:00Z^^http://www.w3.org/2001/XMLSchema#dateTime"}], "field_of_work": [], "country": [{"start_char": 70, "end_char": 78, "uri": "http://www.wikidata.org/entity/Q30"}, {"start_char": 70, "end_char": 78, "uri": "http://www.wikidata.org/entity/Q30"}]}, "mentions_same_attribute_class": {"date_of_birth": [], "date_of_death": [], "field_of_work": [], "country": []}}