{"id": "Q133232", "text": "Jonas Ferdinand Gabriel Lippmann (16 August 1845 \u2013 13 July 1921) was a Franco-Luxembourgish physicist and inventor, and Nobel laureate in physics for his method of reproducing colours photographically based on the phenomenon of interference.", "mentions": {"date_of_birth": [{"start_char": 34, "end_char": 48, "uri": "1845-08-16T00:00:00Z^^http://www.w3.org/2001/XMLSchema#dateTime"}, {"start_char": 34, "end_char": 48, "uri": "1845-08-16T00:00:00Z^^http://www.w3.org/2001/XMLSchema#dateTime"}], "date_of_death": [{"start_char": 51, "end_char": 63, "uri": "1921-07-13T00:00:00Z^^http://www.w3.org/2001/XMLSchema#dateTime"}, {"start_char": 51, "end_char": 63, "uri": "1921-07-13T00:00:00Z^^http://www.w3.org/2001/XMLSchema#dateTime"}], "field_of_work": [], "country": []}, "mentions_same_attribute_class": {"date_of_birth": [], "date_of_death": [], "field_of_work": [], "country": []}}