{"id": "Q133267", "text": "Lev Davidovich Landau (Russian: \u041b\u0435\u0301\u0432 \u0414\u0430\u0432\u0438\u0301\u0434\u043e\u0432\u0438\u0447 \u041b\u0430\u043d\u0434\u0430\u0301\u0443; [l\u02b2\u025bv d\u0250\u02c8vid\u0259v\u02b2it\u0255 l\u0250n\u02c8da.u]; January 22 [O.S. January 9] 1908 \u2013 1 April 1968) was a Soviet physicist who made fundamental contributions to many areas of theoretical physics. His accomplishments include the independent co-discovery of the density matrix method in quantum mechanics (alongside John von Neumann), the quantum mechanical theory of diamagnetism, the theory of superfluidity, the theory of second-order phase transitions, the Ginzburg\u2013Landau theory of superconductivity, the theory of Fermi liquid, the explanation of Landau damping in plasma physics, the Landau pole in quantum electrodynamics, the two-component theory of neutrinos, and Landau's equations for S matrix singularities. He received the 1962 Nobel Prize in Physics for his development of a mathematical theory of superfluidity that accounts for the properties of liquid helium II at a temperature below 2.17 K (\u2212270.98 \u00b0C).", "mentions": {"date_of_birth": [], "date_of_death": [{"start_char": 122, "end_char": 134, "uri": "1968-04-01T00:00:00Z^^http://www.w3.org/2001/XMLSchema#dateTime"}], "field_of_work": [{"start_char": 211, "end_char": 230, "uri": "http://www.wikidata.org/entity/Q18362"}], "country": [{"start_char": 142, "end_char": 148, "uri": "http://www.wikidata.org/entity/Q15180"}]}, "mentions_same_attribute_class": {"date_of_birth": [], "date_of_death": [], "field_of_work": [], "country": []}}