{"id": "Q133846", "text": "Sir George Paget Thomson, FRS (/\u02c8t\u0252ms\u0259n/; 3 May 1892 \u2013 10 September 1975) was an English physicist and Nobel laureate in physics recognised for his discovery with Clinton Davisson of the wave properties of the electron by electron diffraction.", "mentions": {"date_of_birth": [{"start_char": 42, "end_char": 52, "uri": "1892-05-03T00:00:00Z^^http://www.w3.org/2001/XMLSchema#dateTime"}, {"start_char": 42, "end_char": 52, "uri": "1892-05-03T00:00:00Z^^http://www.w3.org/2001/XMLSchema#dateTime"}], "date_of_death": [{"start_char": 55, "end_char": 72, "uri": "1975-09-10T00:00:00Z^^http://www.w3.org/2001/XMLSchema#dateTime"}, {"start_char": 55, "end_char": 72, "uri": "1975-09-10T00:00:00Z^^http://www.w3.org/2001/XMLSchema#dateTime"}], "field_of_work": [], "country": []}, "mentions_same_attribute_class": {"date_of_birth": [], "date_of_death": [], "field_of_work": [], "country": []}}