{"id": "Q133747", "text": "Sir William Henry Bragg OM KBE PRS (2 July 1862 \u2013 12 March 1942) was a British physicist, chemist, mathematician and active sportsman who uniquely shared a Nobel Prize with his son William Lawrence Bragg \u2013 the 1915 Nobel Prize in Physics: \"for their services in the analysis of crystal structure by means of X-rays\". The mineral Braggite is named after him and his son. He was knighted in 1920.", "mentions": {"date_of_birth": [{"start_char": 36, "end_char": 47, "uri": "1862-07-02T00:00:00Z^^http://www.w3.org/2001/XMLSchema#dateTime"}], "date_of_death": [{"start_char": 50, "end_char": 63, "uri": "1942-03-12T00:00:00Z^^http://www.w3.org/2001/XMLSchema#dateTime"}], "field_of_work": [], "country": []}, "mentions_same_attribute_class": {"date_of_birth": [], "date_of_death": [], "field_of_work": [], "country": []}}