{"id": "Q134085", "text": "Jean Baptiste Perrin ForMemRS (30 September 1870 \u2013 17 April 1942) was a French physicist who, in his studies of the Brownian motion of minute particles suspended in liquids, verified Albert Einstein\u2019s explanation of this phenomenon and thereby confirmed the atomic nature of matter (sedimentation equilibrium). For this achievement he was honoured with the Nobel Prize for Physics in 1926.", "mentions": {"date_of_birth": [{"start_char": 31, "end_char": 48, "uri": "1870-09-30T00:00:00Z^^http://www.w3.org/2001/XMLSchema#dateTime"}, {"start_char": 31, "end_char": 48, "uri": "1870-09-30T00:00:00Z^^http://www.w3.org/2001/XMLSchema#dateTime"}], "date_of_death": [{"start_char": 51, "end_char": 64, "uri": "1942-04-17T00:00:00Z^^http://www.w3.org/2001/XMLSchema#dateTime"}, {"start_char": 51, "end_char": 64, "uri": "1942-04-17T00:00:00Z^^http://www.w3.org/2001/XMLSchema#dateTime"}], "field_of_work": [], "country": []}, "mentions_same_attribute_class": {"date_of_birth": [], "date_of_death": [], "field_of_work": [], "country": []}}