{"id": "Q148109", "text": "Subrahmanyan Chandrasekhar, FRS (/\u02cct\u0283\u028cndr\u0259\u02c8\u0283e\u026ak\u0259r/; October 19, 1910 \u2013 August 21, 1995), was an Indian American astrophysicist born in Lahore, Punjab. Chandrasekhar was awarded, along with William A. Fowler, the 1983 Nobel Prize for Physics, with Chandrasekhar cited for his mathematical theory of the physical processes of importance to the structure and evolution of the stars. This work led to the currently accepted theory on the later evolutionary stages of massive stars, including black holes. The Chandrasekhar limit is named after him. Chandrasekhar - in distinct periods - worked in various areas, including stellar structure, theory of white dwarfs, stellar dynamics, theory of radiative transfer, quantum theory of the hydrogen anion, hydrodynamic and hydromagnetic stability, equilibrium and the stability of ellipsoidal figures of equilibrium, general relativity, mathematical theory of black holes and theory of colliding gravitational waves. At the University of Cambridge, he developed a theoretical model explaining the structure of white dwarf stars that took into account the relativistic variation of mass with the velocities of electrons that comprise their degenerate matter. He showed that the mass of a white dwarf could not exceed 1.44 times that of the Sun \u2013 the Chandrasekhar limit. Chandrasekhar revised the models of stellar dynamics originated by Jan Oort and others by considering the effects of fluctuating gravitational fields within the Milky Way on stars rotating about the galactic centre. His solution to this complex dynamical problem involved a set of twenty partial differential equations, describing a new quantity he termed \u2018dynamical friction\u2019, which has the dual effects of decelerating the star and helping to stabilize clusters of stars. Chandrasekhar extended this analysis to the interstellar medium, showing that clouds of galactic gas and dust are distributed very unevenly. Chandrasekhar studied at Presidency College, Madras (now Chennai) and University of Cambridge. He spent most of his career at the University of Chicago, spending some time in its Yerkes Observatory, and serving as editor of The Astrophysical Journal from 1952 to 1971. He served on the University of Chicago faculty from 1937 until his death in 1995 at the age of 84. Chandrasekhar married Lalitha Doraiswamy in September 1936. He had met her as a fellow student at Presidency College, Madras. Chandrasekhar was the nephew of Sir Chandrasekhara Venkata Raman, who was awarded the Nobel Prize for Physics in 1930. He became a naturalized citizen of the United States in 1953.", "mentions": {"date_of_birth": [{"start_char": 52, "end_char": 68, "uri": "1910-10-19T00:00:00Z^^http://www.w3.org/2001/XMLSchema#dateTime"}, {"start_char": 52, "end_char": 68, "uri": "1910-10-19T00:00:00Z^^http://www.w3.org/2001/XMLSchema#dateTime"}], "date_of_death": [{"start_char": 71, "end_char": 86, "uri": "1995-08-21T00:00:00Z^^http://www.w3.org/2001/XMLSchema#dateTime"}, {"start_char": 71, "end_char": 86, "uri": "1995-08-21T00:00:00Z^^http://www.w3.org/2001/XMLSchema#dateTime"}], "field_of_work": [{"start_char": 112, "end_char": 126, "uri": "http://www.wikidata.org/entity/Q37547"}, {"start_char": 112, "end_char": 126, "uri": "http://www.wikidata.org/entity/Q37547"}], "country": [{"start_char": 2578, "end_char": 2591, "uri": "http://www.wikidata.org/entity/Q30"}, {"start_char": 2578, "end_char": 2591, "uri": "http://www.wikidata.org/entity/Q30"}]}, "mentions_same_attribute_class": {"date_of_birth": [], "date_of_death": [], "field_of_work": [], "country": []}}