{"id": "Q151746", "text": "Fran\u00e7ois Baron Englert ([\u0251\u0303\u0261l\u025b\u0281]; born 6 November 1932) is a Belgian theoretical physicist and 2013 Nobel prize laureate (shared with Peter Higgs). He is Professor emeritus at the Universit\u00e9 libre de Bruxelles (ULB) where he is member of the Service de Physique Th\u00e9orique. He is also a Sackler Professor by Special Appointment in the School of Physics and Astronomy at Tel Aviv University and a member of the Institute for Quantum Studies at Chapman University in California. He was awarded the 2010 J. J. Sakurai Prize for Theoretical Particle Physics (with Gerry Guralnik, C. R. Hagen, Tom Kibble, Peter Higgs, and Robert Brout), the Wolf Prize in Physics in 2004 (with Brout and Higgs) and the High Energy and Particle Prize of the European Physical Society (with Brout and Higgs) in 1997 for the mechanism which unifies short and long range interactions by generating massive gauge vector bosons. He has made contributions in statistical physics, quantum field theory, cosmology, string theory and supergravity. He is the recipient of the 2013 Prince of Asturias Award in technical and scientific research, together with Peter Higgs and the CERN. Englert was awarded the 2013 Nobel Prize in Physics, together with Peter Higgs for the discovery of the Higgs mechanism.", "mentions": {"date_of_birth": [{"start_char": 39, "end_char": 54, "uri": "1932-11-06T00:00:00Z^^http://www.w3.org/2001/XMLSchema#dateTime"}], "date_of_death": [], "field_of_work": [{"start_char": 69, "end_char": 90, "uri": "http://www.wikidata.org/entity/Q18362"}], "country": []}, "mentions_same_attribute_class": {"date_of_birth": [], "date_of_death": [], "field_of_work": [], "country": []}}