{"id": "Q153219", "text": "Albert Fert (born 7 March 1938) is a French physicist and one of the discoverers of giant magnetoresistance which brought about a breakthrough in gigabyte hard disks. Currently, he is an emeritus professor at Universit\u00e9 Paris-Sud in Orsay and scientific director of a joint laboratory ('Unit\u00e9 mixte de recherche') between the Centre national de la recherche scientifique (National Scientific Research Centre) and Thales Group. Also, he is an Adjunct professor of physics at Michigan State University. He was awarded the 2007 Nobel Prize in Physics together with Peter Gr\u00fcnberg. Actually he is part of the professorate of the National Autonomous University of Mexico", "mentions": {"date_of_birth": [{"start_char": 18, "end_char": 30, "uri": "1938-03-07T00:00:00Z^^http://www.w3.org/2001/XMLSchema#dateTime"}, {"start_char": 18, "end_char": 30, "uri": "1938-03-07T00:00:00Z^^http://www.w3.org/2001/XMLSchema#dateTime"}], "date_of_death": [], "field_of_work": [{"start_char": 463, "end_char": 470, "uri": "http://www.wikidata.org/entity/Q413"}], "country": []}, "mentions_same_attribute_class": {"date_of_birth": [], "date_of_death": [], "field_of_work": [], "country": []}}