{"id": "Q153201", "text": "John Robert Schrieffer (born May 31, 1931) is an American physicist and, with John Bardeen and Leon N Cooper, recipient of the 1972 Nobel Prize for Physics for developing the BCS theory, the first successful microscopic theory of superconductivity.", "mentions": {"date_of_birth": [{"start_char": 29, "end_char": 41, "uri": "1931-05-31T00:00:00Z^^http://www.w3.org/2001/XMLSchema#dateTime"}, {"start_char": 29, "end_char": 41, "uri": "1931-05-31T00:00:00Z^^http://www.w3.org/2001/XMLSchema#dateTime"}], "date_of_death": [], "field_of_work": [], "country": [{"start_char": 49, "end_char": 57, "uri": "http://www.wikidata.org/entity/Q30"}, {"start_char": 49, "end_char": 57, "uri": "http://www.wikidata.org/entity/Q30"}]}, "mentions_same_attribute_class": {"date_of_birth": [], "date_of_death": [], "field_of_work": [], "country": []}}