{"id": "Q153210", "text": "Hans Jakob \"Jack\" Steinberger (born May 25, 1921) is a physicist currently residing near Geneva, Switzerland. He co-discovered the muon neutrino, along with Leon Lederman and Melvin Schwartz, for which they were given the 1988 Nobel Prize in Physics.", "mentions": {"date_of_birth": [{"start_char": 36, "end_char": 48, "uri": "1921-05-25T00:00:00Z^^http://www.w3.org/2001/XMLSchema#dateTime"}], "date_of_death": [], "field_of_work": [], "country": []}, "mentions_same_attribute_class": {"date_of_birth": [], "date_of_death": [], "field_of_work": [], "country": []}}