{"id": "Q153178", "text": "Georges Charpak (born Jerzy Charpak, 1 August 1924 \u2013 29 September 2010) was a Polish born, French physicist from a Polish Jewish family who was awarded the Nobel Prize in Physics in 1992.", "mentions": {"date_of_birth": [], "date_of_death": [{"start_char": 53, "end_char": 70, "uri": "2010-09-29T00:00:00Z^^http://www.w3.org/2001/XMLSchema#dateTime"}, {"start_char": 53, "end_char": 70, "uri": "2010-09-29T00:00:00Z^^http://www.w3.org/2001/XMLSchema#dateTime"}], "field_of_work": [], "country": []}, "mentions_same_attribute_class": {"date_of_birth": [], "date_of_death": [], "field_of_work": [], "country": []}}