{"id": "Q153194", "text": "Sir Edward Victor Appleton GBE KCB FRS (6 September 1892 \u2013 21 April 1965) was an English physicist. Nobel Prize winnerand pioneer in radio physics, Sir Edward Appleton, studied and was also employed as a Lab Technician at Bradford Technical College from 1909 to 1911. He won the Nobel Prize in Physics in 1947 for his seminal work proving the existence of the ionosphere during experiments carried out in 1924.", "mentions": {"date_of_birth": [{"start_char": 40, "end_char": 56, "uri": "1892-09-06T00:00:00Z^^http://www.w3.org/2001/XMLSchema#dateTime"}, {"start_char": 40, "end_char": 56, "uri": "1892-09-06T00:00:00Z^^http://www.w3.org/2001/XMLSchema#dateTime"}, {"start_char": 40, "end_char": 56, "uri": "1892-09-06T00:00:00Z^^http://www.w3.org/2001/XMLSchema#dateTime"}], "date_of_death": [{"start_char": 59, "end_char": 72, "uri": "1965-04-21T00:00:00Z^^http://www.w3.org/2001/XMLSchema#dateTime"}, {"start_char": 59, "end_char": 72, "uri": "1965-04-21T00:00:00Z^^http://www.w3.org/2001/XMLSchema#dateTime"}, {"start_char": 59, "end_char": 72, "uri": "1965-04-21T00:00:00Z^^http://www.w3.org/2001/XMLSchema#dateTime"}], "field_of_work": [], "country": []}, "mentions_same_attribute_class": {"date_of_birth": [], "date_of_death": [], "field_of_work": [], "country": []}}