{"id": "Q155786", "text": "Dennis Gabor CBE, FRS (/\u02c8\u0261\u0251\u02d0b\u0254\u02d0r, \u0261\u0259\u02c8b\u0254\u02d0r/; Hungarian: G\u00e1bor D\u00e9nes; 5 June 1900 \u2013 9 February 1979) was a Hungarian-British electrical engineer and physicist, most notable for inventing holography, for which he later received the 1971 Nobel Prize in Physics.", "mentions": {"date_of_birth": [{"start_char": 68, "end_char": 79, "uri": "1900-06-05T00:00:00Z^^http://www.w3.org/2001/XMLSchema#dateTime"}, {"start_char": 68, "end_char": 79, "uri": "1900-06-05T00:00:00Z^^http://www.w3.org/2001/XMLSchema#dateTime"}, {"start_char": 68, "end_char": 79, "uri": "1900-06-05T00:00:00Z^^http://www.w3.org/2001/XMLSchema#dateTime"}], "date_of_death": [{"start_char": 82, "end_char": 97, "uri": "1979-02-09T00:00:00Z^^http://www.w3.org/2001/XMLSchema#dateTime"}, {"start_char": 82, "end_char": 97, "uri": "1979-02-09T00:00:00Z^^http://www.w3.org/2001/XMLSchema#dateTime"}, {"start_char": 82, "end_char": 97, "uri": "1979-02-09T00:00:00Z^^http://www.w3.org/2001/XMLSchema#dateTime"}], "field_of_work": [], "country": []}, "mentions_same_attribute_class": {"date_of_birth": [], "date_of_death": [], "field_of_work": [], "country": []}}