{"id": "Q155781", "text": "Louis Eug\u00e8ne F\u00e9lix N\u00e9el ForMemRS (22 November 1904 \u2013 17 November 2000) was a French physicist born in Lyon. He studied at the Lyc\u00e9e du Parc in Lyon and was accepted at the \u00c9cole Normale Sup\u00e9rieure in Paris. He obtained the degree of Doctor of Science at the University of Strasbourg. He was corecipient (with the Swedish astrophysicist Hannes Alfv\u00e9n) of the Nobel Prize for Physics in 1970 for his pioneering studies of the magnetic properties of solids. His contributions to solid state physics have found numerous useful applications, particularly in the development of improved computer memory units. About 1930 he suggested that a new form of magnetic behavior might exist; called antiferromagnetism, as opposed to ferromagnetism. Above a certain temperature (the N\u00e9el temperature) this behaviour stops. N\u00e9el pointed out (1947) that materials could also exist showing ferrimagnetism. N\u00e9el has also given an explanation of the weak magnetism of certain rocks, making possible the study of the history of Earth's magnetic field. He is the instigator of the Polygone Scientifique in Grenoble.", "mentions": {"date_of_birth": [{"start_char": 34, "end_char": 50, "uri": "1904-11-22T00:00:00Z^^http://www.w3.org/2001/XMLSchema#dateTime"}], "date_of_death": [{"start_char": 53, "end_char": 69, "uri": "2000-11-17T00:00:00Z^^http://www.w3.org/2001/XMLSchema#dateTime"}], "field_of_work": [], "country": []}, "mentions_same_attribute_class": {"date_of_birth": [], "date_of_death": [], "field_of_work": [], "country": []}}