{"id": "Q155790", "text": "Eugene Paul \"E. P.\" Wigner (Hungarian: Wigner Jen\u0151 P\u00e1l; November 17, 1902 \u2013 January 1, 1995), was a Hungarian American theoretical physicist and mathematician. He received half of the Nobel Prize in Physics in 1963 \"for his contributions to the theory of the atomic nucleus and the elementary particles, particularly through the discovery and application of fundamental symmetry principles\". A graduate of the Technische Hochschule in Berlin, Wigner worked as an assistant to Karl Weissenberg and Richard Becker at the Kaiser Wilhelm Institute in Berlin, and David Hilbert at the University of G\u00f6ttingen. Wigner and Hermann Weyl were responsible for introducing group theory into physics, particularly the theory of symmetry in physics. Along the way he performed ground-breaking work in pure mathematics, in which he authored a number of mathematical theorems. In particular, Wigner's theorem is a cornerstone in the mathematical formulation of quantum mechanics. He is also known for his research into the structure of the atomic nucleus. In 1930, Princeton University recruited Wigner, along with John von Neumann, and he moved to the United States. Wigner participated in a meeting with Leo Szilard and Albert Einstein that resulted in the Einstein-Szilard letter, which prompted President Franklin D. Roosevelt to initiate the Manhattan Project to develop atomic bombs. Wigner was afraid that the German nuclear weapon project would develop an atomic bomb first. During the Manhattan Project, he led a team whose task was to design nuclear reactors to convert uranium into weapons grade plutonium. At the time, reactors existed only on paper, and no reactor had yet gone critical. Wigner was disappointed that DuPont was given responsibility for the detailed design of the reactors, not just their construction. He became Director of Research and Development at the Clinton Laboratory (now the Oak Ridge National Laboratory) in early 1946, but became frustrated with bureaucratic interference by the Atomic Energy Commission, and returned to Princeton. In the postwar period he served on a number of government bodies, including the National Bureau of Standards from 1947 to 1951, the mathematics panel of the National Research Council from 1951 to 1954, the physics panel of the National Science Foundation, and the influential General Advisory Committee of the Atomic Energy Commission from 1952 to 1957 and again from 1959 to 1964. In later life, he became more philosophical, and published The Unreasonable Effectiveness of Mathematics in the Natural Sciences, his best-known work outside of technical mathematics and physics.", "mentions": {"date_of_birth": [{"start_char": 56, "end_char": 73, "uri": "1902-11-17T00:00:00Z^^http://www.w3.org/2001/XMLSchema#dateTime"}, {"start_char": 56, "end_char": 73, "uri": "1902-11-17T00:00:00Z^^http://www.w3.org/2001/XMLSchema#dateTime"}, {"start_char": 56, "end_char": 73, "uri": "1902-11-17T00:00:00Z^^http://www.w3.org/2001/XMLSchema#dateTime"}], "date_of_death": [{"start_char": 76, "end_char": 91, "uri": "1995-01-01T00:00:00Z^^http://www.w3.org/2001/XMLSchema#dateTime"}, {"start_char": 76, "end_char": 91, "uri": "1995-01-01T00:00:00Z^^http://www.w3.org/2001/XMLSchema#dateTime"}, {"start_char": 76, "end_char": 91, "uri": "1995-01-01T00:00:00Z^^http://www.w3.org/2001/XMLSchema#dateTime"}], "field_of_work": [{"start_char": 680, "end_char": 687, "uri": "http://www.wikidata.org/entity/Q413"}, {"start_char": 728, "end_char": 735, "uri": "http://www.wikidata.org/entity/Q413"}, {"start_char": 2264, "end_char": 2271, "uri": "http://www.wikidata.org/entity/Q413"}, {"start_char": 2627, "end_char": 2634, "uri": "http://www.wikidata.org/entity/Q413"}, {"start_char": 680, "end_char": 687, "uri": "http://www.wikidata.org/entity/Q413"}, {"start_char": 728, "end_char": 735, "uri": "http://www.wikidata.org/entity/Q413"}], "country": [{"start_char": 1138, "end_char": 1151, "uri": "http://www.wikidata.org/entity/Q30"}, {"start_char": 1138, "end_char": 1151, "uri": "http://www.wikidata.org/entity/Q30"}]}, "mentions_same_attribute_class": {"date_of_birth": [], "date_of_death": [], "field_of_work": [], "country": []}}