{"id": "Q155777", "text": "Hideki Yukawa ForMemRS FRSE (\u6e6f\u5ddd \u79c0\u6a39 Yukawa Hideki, 23 January 1907 \u2013 8 September 1981), was a Japanese theoretical physicist and the first Japanese Nobel laureate.", "mentions": {"date_of_birth": [{"start_char": 50, "end_char": 65, "uri": "1907-01-23T00:00:00Z^^http://www.w3.org/2001/XMLSchema#dateTime"}, {"start_char": 50, "end_char": 65, "uri": "1907-01-23T00:00:00Z^^http://www.w3.org/2001/XMLSchema#dateTime"}, {"start_char": 50, "end_char": 65, "uri": "1907-01-23T00:00:00Z^^http://www.w3.org/2001/XMLSchema#dateTime"}], "date_of_death": [{"start_char": 68, "end_char": 84, "uri": "1981-09-08T00:00:00Z^^http://www.w3.org/2001/XMLSchema#dateTime"}, {"start_char": 68, "end_char": 84, "uri": "1981-09-08T00:00:00Z^^http://www.w3.org/2001/XMLSchema#dateTime"}, {"start_char": 68, "end_char": 84, "uri": "1981-09-08T00:00:00Z^^http://www.w3.org/2001/XMLSchema#dateTime"}], "field_of_work": [], "country": []}, "mentions_same_attribute_class": {"date_of_birth": [], "date_of_death": [], "field_of_work": [], "country": []}}