{"id": "Q155759", "text": "Igor Yevgenyevich Tamm (Russian: \u0418\u0301\u0433\u043e\u0440\u044c \u0415\u0432\u0433\u0435\u0301\u043d\u044c\u0435\u0432\u0438\u0447 \u0422\u0430\u043c\u043c ; [\u02c8i\u0261\u0259r\u02b2 j\u026av\u02c8\u0261\u02b2en\u02b2j\u026avit\u0255 \u02c8tam]; 8 July 1895 \u2013 12 April 1971) was a Soviet physicist who received the 1958 Nobel Prize in Physics, jointly with Pavel Alekseyevich Cherenkov and Ilya Frank, for their 1934 discovery of Cherenkov radiation.", "mentions": {"date_of_birth": [{"start_char": 90, "end_char": 101, "uri": "1895-07-08T00:00:00Z^^http://www.w3.org/2001/XMLSchema#dateTime"}, {"start_char": 90, "end_char": 101, "uri": "1895-07-08T00:00:00Z^^http://www.w3.org/2001/XMLSchema#dateTime"}], "date_of_death": [{"start_char": 104, "end_char": 117, "uri": "1971-04-12T00:00:00Z^^http://www.w3.org/2001/XMLSchema#dateTime"}, {"start_char": 104, "end_char": 117, "uri": "1971-04-12T00:00:00Z^^http://www.w3.org/2001/XMLSchema#dateTime"}], "field_of_work": [], "country": [{"start_char": 125, "end_char": 131, "uri": "http://www.wikidata.org/entity/Q15180"}, {"start_char": 125, "end_char": 131, "uri": "http://www.wikidata.org/entity/Q15180"}]}, "mentions_same_attribute_class": {"date_of_birth": [], "date_of_death": [], "field_of_work": [], "country": []}}