{"id": "Q155794", "text": "Hans Albrecht Bethe ([\u02c8hans \u02c8alb\u0281\u025b\u00e7t \u02c8be\u02d0t\u0259]; July 2, 1906 \u2013 March 6, 2005) was a German and American nuclear physicist who, in addition to making important contributions to astrophysics, quantum electrodynamics and solid-state physics, won the 1967 Nobel Prize in Physics for his work on the theory of stellar nucleosynthesis. For most of his career, Bethe was a professor at Cornell University. During World War II, he was head of the Theoretical Division at the secret Los Alamos laboratory which developed the first atomic bombs. There he played a key role in calculating the critical mass of the weapons and developing the theory behind the implosion method used in both the Trinity test and the \"Fat Man\" weapon dropped on Nagasaki in August 1945. After the war, Bethe also played an important role in the development of the hydrogen bomb, though he had originally joined the project with the hope of proving it could not be made. Bethe later campaigned with Albert Einstein and the Emergency Committee of Atomic Scientists against nuclear testing and the nuclear arms race. He helped persuade the Kennedy and Nixon administrations to sign, respectively, the 1963 Partial Nuclear Test Ban Treaty and 1972 Anti-Ballistic Missile Treaty (SALT I). His scientific research never ceased and he was publishing papers well into his nineties, making him one of the few scientists to have published at least one major paper in his field during every decade of his career \u2013 which, in Bethe's case, spanned nearly seventy years. Freeman Dyson, once one of his students, called him the \"supreme problem-solver of the 20th century\".", "mentions": {"date_of_birth": [{"start_char": 46, "end_char": 58, "uri": "1906-07-02T00:00:00Z^^http://www.w3.org/2001/XMLSchema#dateTime"}, {"start_char": 46, "end_char": 58, "uri": "1906-07-02T00:00:00Z^^http://www.w3.org/2001/XMLSchema#dateTime"}], "date_of_death": [{"start_char": 61, "end_char": 74, "uri": "2005-03-06T00:00:00Z^^http://www.w3.org/2001/XMLSchema#dateTime"}, {"start_char": 61, "end_char": 74, "uri": "2005-03-06T00:00:00Z^^http://www.w3.org/2001/XMLSchema#dateTime"}], "field_of_work": [], "country": [{"start_char": 93, "end_char": 101, "uri": "http://www.wikidata.org/entity/Q30"}, {"start_char": 93, "end_char": 101, "uri": "http://www.wikidata.org/entity/Q30"}]}, "mentions_same_attribute_class": {"date_of_birth": [], "date_of_death": [], "field_of_work": [], "country": []}}