{"id": "Q156286", "text": "Russell Alan Hulse (born November 28, 1950) is an American physicist and winner of the Nobel Prize in Physics, shared with his thesis advisor Joseph Hooton Taylor Jr., \"for the discovery of a new type of pulsar, a discovery that has opened up new possibilities for the study of gravitation\". He was a specialist in the pulsar studies and gravitational waves.", "mentions": {"date_of_birth": [{"start_char": 25, "end_char": 42, "uri": "1950-11-28T00:00:00Z^^http://www.w3.org/2001/XMLSchema#dateTime"}, {"start_char": 25, "end_char": 42, "uri": "1950-11-28T00:00:00Z^^http://www.w3.org/2001/XMLSchema#dateTime"}], "date_of_death": [], "field_of_work": [], "country": [{"start_char": 50, "end_char": 58, "uri": "http://www.wikidata.org/entity/Q30"}, {"start_char": 50, "end_char": 58, "uri": "http://www.wikidata.org/entity/Q30"}]}, "mentions_same_attribute_class": {"date_of_birth": [], "date_of_death": [], "field_of_work": [], "country": []}}