{"id": "Q15900993", "text": "Barry Clark Barish (born January 27, 1936) is an American experimental physicist. He is a Linde Professor of Physics, emeritus at California Institute of Technology. He is a leading expert on gravitational waves.", "mentions": {"date_of_birth": [{"start_char": 25, "end_char": 41, "uri": "1936-01-27T00:00:00Z^^http://www.w3.org/2001/XMLSchema#dateTime"}], "date_of_death": [], "field_of_work": [], "country": []}, "mentions_same_attribute_class": {"date_of_birth": [], "date_of_death": [], "field_of_work": [], "country": []}}