{"id": "Q160522", "text": "Charles Glover Barkla FRS FRSE (7 June 1877 \u2013 23 October 1944) was a British physicist, and the winner of the Nobel Prize in Physics in 1917 for his work in X-ray spectroscopy and related areas in the study of X-rays (Roentgen rays).", "mentions": {"date_of_birth": [{"start_char": 32, "end_char": 43, "uri": "1877-06-07T00:00:00Z^^http://www.w3.org/2001/XMLSchema#dateTime"}], "date_of_death": [{"start_char": 46, "end_char": 61, "uri": "1944-10-23T00:00:00Z^^http://www.w3.org/2001/XMLSchema#dateTime"}], "field_of_work": [], "country": []}, "mentions_same_attribute_class": {"date_of_birth": [], "date_of_death": [], "field_of_work": [], "country": []}}