{"id": "Q160518", "text": "Nils Gustaf Dal\u00e9n (30 November 1869 \u2013 9 December 1937) was a Swedish Nobel Laureate and industrialist, the founder of the AGA company and inventor of the AGA cooker and the Dal\u00e9n light. In 1912 he was awarded the Nobel Prize in Physics for his \"invention of automatic regulators for use in conjunction with gas accumulators for illuminating lighthouses and buoys\".", "mentions": {"date_of_birth": [{"start_char": 19, "end_char": 35, "uri": "1869-11-30T00:00:00Z^^http://www.w3.org/2001/XMLSchema#dateTime"}], "date_of_death": [{"start_char": 38, "end_char": 53, "uri": "1937-12-09T00:00:00Z^^http://www.w3.org/2001/XMLSchema#dateTime"}], "field_of_work": [], "country": []}, "mentions_same_attribute_class": {"date_of_birth": [], "date_of_death": [], "field_of_work": [], "country": []}}