{"id": "Q162900", "text": "Charles Thomson Rees Wilson, CH, FRS (14 February 1869 \u2013 15 November 1959) was a Scottish physicist and meteorologist who received the Nobel Prize in physics for his invention of the cloud chamber.", "mentions": {"date_of_birth": [{"start_char": 38, "end_char": 54, "uri": "1869-02-14T00:00:00Z^^http://www.w3.org/2001/XMLSchema#dateTime"}, {"start_char": 38, "end_char": 54, "uri": "1869-02-14T00:00:00Z^^http://www.w3.org/2001/XMLSchema#dateTime"}], "date_of_death": [{"start_char": 57, "end_char": 73, "uri": "1959-11-15T00:00:00Z^^http://www.w3.org/2001/XMLSchema#dateTime"}, {"start_char": 57, "end_char": 73, "uri": "1959-11-15T00:00:00Z^^http://www.w3.org/2001/XMLSchema#dateTime"}], "field_of_work": [], "country": []}, "mentions_same_attribute_class": {"date_of_birth": [], "date_of_death": [], "field_of_work": [], "country": []}}