{"id": "Q16389", "text": "Charles Kuen Kao, (born 4 November 1933) is a Chinese-born Hong Kong, American and British electrical engineer and physicist who pioneered in the development and use of fiber optics in telecommunications. Kao, known as the \"Godfather of Broadband\", \"Father of Fiber Optics\" or \"Father of Fiber Optic Communications\", was jointly awarded the 2009 Nobel Prize in Physics for \"groundbreaking achievements concerning the transmission of light in fibers for optical communication\". Kao holds multiple citizenship of Hong Kong, the United Kingdom and the United States.", "mentions": {"date_of_birth": [{"start_char": 24, "end_char": 39, "uri": "1933-11-04T00:00:00Z^^http://www.w3.org/2001/XMLSchema#dateTime"}, {"start_char": 24, "end_char": 39, "uri": "1933-11-04T00:00:00Z^^http://www.w3.org/2001/XMLSchema#dateTime"}], "date_of_death": [], "field_of_work": [{"start_char": 91, "end_char": 110, "uri": "http://www.wikidata.org/entity/Q43035"}, {"start_char": 91, "end_char": 110, "uri": "http://www.wikidata.org/entity/Q43035"}], "country": [{"start_char": 59, "end_char": 68, "uri": "http://www.wikidata.org/entity/Q8646"}, {"start_char": 70, "end_char": 78, "uri": "http://www.wikidata.org/entity/Q30"}, {"start_char": 511, "end_char": 520, "uri": "http://www.wikidata.org/entity/Q8646"}, {"start_char": 549, "end_char": 562, "uri": "http://www.wikidata.org/entity/Q30"}, {"start_char": 59, "end_char": 68, "uri": "http://www.wikidata.org/entity/Q8646"}, {"start_char": 70, "end_char": 78, "uri": "http://www.wikidata.org/entity/Q30"}]}, "mentions_same_attribute_class": {"date_of_birth": [], "date_of_death": [], "field_of_work": [], "country": []}}