{"id": "Q163415", "text": "William Bradford Shockley Jr. (February 13, 1910 \u2013 August 12, 1989) was an American physicist and inventor. Shockley was the manager of a research group that included John Bardeen and Walter Brattain. The three scientists invented the point contact transistor in 1947 and were jointly awarded the 1956 Nobel Prize in Physics. Shockley's attempts to commercialize a new transistor design in the 1950s and 1960s led to California's \"Silicon Valley\" becoming a hotbed of electronics innovation. In his later life, Shockley was a professor of electrical engineering at Stanford University and became a proponent of eugenics.", "mentions": {"date_of_birth": [{"start_char": 31, "end_char": 48, "uri": "1910-02-13T00:00:00Z^^http://www.w3.org/2001/XMLSchema#dateTime"}], "date_of_death": [{"start_char": 51, "end_char": 66, "uri": "1989-08-12T00:00:00Z^^http://www.w3.org/2001/XMLSchema#dateTime"}], "field_of_work": [], "country": [{"start_char": 75, "end_char": 83, "uri": "http://www.wikidata.org/entity/Q30"}]}, "mentions_same_attribute_class": {"date_of_birth": [], "date_of_death": [], "field_of_work": [], "country": []}}