{"id": "Q165969", "text": "Isidor Isaac Rabi (/\u02c8r\u0251\u02d0bi/; born Israel Isaac Rabi, 29 July 1898 \u2013 11 January 1988) was an American physicist and Nobel laureate, recognized in 1944 for his discovery of nuclear magnetic resonance, which is used in magnetic resonance imaging. He was also one of the first scientists in the US to work on the cavity magnetron, which is used in microwave radar and microwave ovens. Born into a traditional Jewish family in Ryman\u00f3w, Galicia, in what was then part of Austria-Hungary, Rabi came to the United States as a baby and was raised in New York's Lower East Side. He entered Cornell University as an electrical engineering student in 1916, but soon switched to chemistry. Later, he became interested in physics. He continued his studies at Columbia University, where he was awarded his doctorate for a thesis on the magnetic susceptibility of certain crystals. In 1927, he headed for Europe, where he met and worked with many of the finest physicists of the time. In 1929 Rabi returned to the United States, where Columbia offered him a faculty position. In collaboration with Gregory Breit, he developed the Breit-Rabi equation and predicted that the Stern\u2013Gerlach experiment could be modified to confirm the properties of the atomic nucleus. His techniques for using nuclear magnetic resonance to discern the magnetic moment and nuclear spin of atoms earned him a Nobel Prize for Physics in 1944. Nuclear magnetic resonance became an important tool for nuclear physics and chemistry. The subsequent development of magnetic resonance imaging from it has made it important to medicine as well. During World War II he worked on radar at the Massachusetts Institute of Technology Radiation Laboratory (RadLab) and on the Manhattan Project. After the war, he served on the General Advisory Committee (GAC) of the Atomic Energy Commission, and was chairman from 1952 to 1956. He also served on the Science Advisory Committee (SAC) of the Office of Defense Mobilization, and was Science Advisor to President Dwight D. Eisenhower. He was involved with the establishment of the Brookhaven National Laboratory in 1946, and later, as United States delegate to UNESCO, with the creation of CERN in 1952. When Columbia created the rank of University Professor in 1964, Rabi was the first to receive such a chair. A special chair was named after him in 1985. He retired from teaching in 1967 but remained active in the department and held the title of University Professor Emeritus and Special Lecturer until his death.", "mentions": {"date_of_birth": [{"start_char": 53, "end_char": 65, "uri": "1898-07-29T00:00:00Z^^http://www.w3.org/2001/XMLSchema#dateTime"}, {"start_char": 53, "end_char": 65, "uri": "1898-07-29T00:00:00Z^^http://www.w3.org/2001/XMLSchema#dateTime"}], "date_of_death": [{"start_char": 68, "end_char": 83, "uri": "1988-01-11T00:00:00Z^^http://www.w3.org/2001/XMLSchema#dateTime"}, {"start_char": 68, "end_char": 83, "uri": "1988-01-11T00:00:00Z^^http://www.w3.org/2001/XMLSchema#dateTime"}], "field_of_work": [], "country": [{"start_char": 92, "end_char": 100, "uri": "http://www.wikidata.org/entity/Q30"}, {"start_char": 291, "end_char": 293, "uri": "http://www.wikidata.org/entity/Q30"}, {"start_char": 499, "end_char": 512, "uri": "http://www.wikidata.org/entity/Q30"}, {"start_char": 998, "end_char": 1011, "uri": "http://www.wikidata.org/entity/Q30"}, {"start_char": 2130, "end_char": 2143, "uri": "http://www.wikidata.org/entity/Q30"}, {"start_char": 92, "end_char": 100, "uri": "http://www.wikidata.org/entity/Q30"}, {"start_char": 291, "end_char": 293, "uri": "http://www.wikidata.org/entity/Q30"}, {"start_char": 2130, "end_char": 2143, "uri": "http://www.wikidata.org/entity/Q30"}]}, "mentions_same_attribute_class": {"date_of_birth": [], "date_of_death": [], "field_of_work": [], "country": []}}