{"id": "Q1673706", "text": "Isamu Akasaki (was born on January 30, 1929) is a Japanese scientist, specializing in the field of semiconductor technology and Nobel Prize laureate, best known for inventing the bright gallium nitride (GaN) p-n junction blue LED in 1989 and subsequently the high-brightness GaN blue LED as well. For this and other achievements Isamu Akasaki was awarded the Kyoto Prize in Advanced Technology in 2009 and the IEEE Edison Medal in 2011. He was also awarded the 2014 Nobel prize in Physics, together with Hiroshi Amano and Shuji Nakamura, \"for the invention of efficient blue light-emitting diodes, which has enabled bright and energy-saving white light sources\".", "mentions": {"date_of_birth": [{"start_char": 27, "end_char": 43, "uri": "1929-01-30T00:00:00Z^^http://www.w3.org/2001/XMLSchema#dateTime"}, {"start_char": 27, "end_char": 43, "uri": "1929-01-30T00:00:00Z^^http://www.w3.org/2001/XMLSchema#dateTime"}], "date_of_death": [], "field_of_work": [], "country": []}, "mentions_same_attribute_class": {"date_of_birth": [], "date_of_death": [], "field_of_work": [], "country": []}}