{"id": "Q169330", "text": "Sir Owen Willans Richardson, FRS (26 April 1879 \u2013 15 February 1959) was a British physicist who won the Nobel Prize in Physics in 1928 for his work on thermionic emission, which led to Richardson's law.", "mentions": {"date_of_birth": [], "date_of_death": [{"start_char": 50, "end_char": 66, "uri": "1959-02-15T00:00:00Z^^http://www.w3.org/2001/XMLSchema#dateTime"}, {"start_char": 50, "end_char": 66, "uri": "1959-02-15T00:00:00Z^^http://www.w3.org/2001/XMLSchema#dateTime"}, {"start_char": 50, "end_char": 66, "uri": "1959-02-15T00:00:00Z^^http://www.w3.org/2001/XMLSchema#dateTime"}], "field_of_work": [], "country": []}, "mentions_same_attribute_class": {"date_of_birth": [], "date_of_death": [], "field_of_work": [], "country": []}}