{"id": "Q169577", "text": "Ernest Orlando Lawrence (August 8, 1901 \u2013 August 27, 1958) was a pioneering American nuclear scientist and winner of the Nobel Prize in Physics in 1939 for his invention of the cyclotron. He is known for his work on uranium-isotope separation for the Manhattan Project, for founding the Lawrence Berkeley National Laboratory and the Lawrence Livermore National Laboratory. A graduate of the University of South Dakota and University of Minnesota, Lawrence obtained a PhD in physics at Yale in 1925. In 1928, he was hired as an associate professor of physics at the University of California, becoming the youngest full professor there two years later. In its library one evening, Lawrence was intrigued by a diagram of an accelerator that produced high-energy particles. He contemplated how it could be made compact, and came up with an idea for a circular accelerating chamber between the poles of an electromagnet. The result was the first cyclotron. Lawrence went on to build a series of ever larger and more expensive cyclotrons. His Radiation Laboratory became an official department of the University of California in 1936, with Lawrence as its director. In addition to the use of the cyclotron for physics, Lawrence also supported its use in research into medical uses of radioisotopes. During World War II, Lawrence developed electromagnetic isotope separation at the Radiation Laboratory. It used devices known as calutrons, a hybrid of the standard laboratory mass spectrometer and cyclotron. A huge electromagnetic separation plant was built at Oak Ridge, Tennessee, which came to be called Y-12. The process was inefficient, but it worked. After the war, Lawrence campaigned extensively for government sponsorship of large scientific programs, and was a forceful advocate of \"Big Science\", with its requirements for big machines and big money. Lawrence strongly backed Edward Teller's campaign for a second nuclear weapons laboratory, which Lawrence located in Livermore, California. After his death, the Regents of the University of California renamed the Lawrence Livermore National Laboratory and Lawrence Berkeley National Laboratory after him. Chemical element number 103 was named lawrencium in his honor after its discovery at Berkeley in 1961.", "mentions": {"date_of_birth": [{"start_char": 25, "end_char": 39, "uri": "1901-08-08T00:00:00Z^^http://www.w3.org/2001/XMLSchema#dateTime"}, {"start_char": 25, "end_char": 39, "uri": "1901-08-08T00:00:00Z^^http://www.w3.org/2001/XMLSchema#dateTime"}], "date_of_death": [{"start_char": 42, "end_char": 57, "uri": "1958-08-27T00:00:00Z^^http://www.w3.org/2001/XMLSchema#dateTime"}, {"start_char": 42, "end_char": 57, "uri": "1958-08-27T00:00:00Z^^http://www.w3.org/2001/XMLSchema#dateTime"}], "field_of_work": [{"start_char": 474, "end_char": 481, "uri": "http://www.wikidata.org/entity/Q413"}, {"start_char": 550, "end_char": 557, "uri": "http://www.wikidata.org/entity/Q413"}, {"start_char": 1204, "end_char": 1211, "uri": "http://www.wikidata.org/entity/Q413"}], "country": [{"start_char": 76, "end_char": 84, "uri": "http://www.wikidata.org/entity/Q30"}, {"start_char": 76, "end_char": 84, "uri": "http://www.wikidata.org/entity/Q30"}]}, "mentions_same_attribute_class": {"date_of_birth": [], "date_of_death": [], "field_of_work": [], "country": []}}