{"id": "Q169366", "text": "Carl David Anderson (September 3, 1905 \u2013 January 11, 1991) was an American physicist. He is best known for his discovery of the positron in 1932, an achievement for which he received the 1936 Nobel Prize in Physics, and of the muon in 1936.", "mentions": {"date_of_birth": [{"start_char": 21, "end_char": 38, "uri": "1905-09-03T00:00:00Z^^http://www.w3.org/2001/XMLSchema#dateTime"}, {"start_char": 21, "end_char": 38, "uri": "1905-09-03T00:00:00Z^^http://www.w3.org/2001/XMLSchema#dateTime"}], "date_of_death": [{"start_char": 41, "end_char": 57, "uri": "1991-01-11T00:00:00Z^^http://www.w3.org/2001/XMLSchema#dateTime"}, {"start_char": 41, "end_char": 57, "uri": "1991-01-11T00:00:00Z^^http://www.w3.org/2001/XMLSchema#dateTime"}], "field_of_work": [], "country": [{"start_char": 66, "end_char": 74, "uri": "http://www.wikidata.org/entity/Q30"}, {"start_char": 66, "end_char": 74, "uri": "http://www.wikidata.org/entity/Q30"}]}, "mentions_same_attribute_class": {"date_of_birth": [], "date_of_death": [], "field_of_work": [], "country": []}}