{"id": "Q170741", "text": "Karl Manne Georg Siegbahn ForMemRS (3 December 1886 \u2013 26 September 1978) was a Swedish physicist who was awarded the Nobel Prize in Physics in 1924 \"for his discoveries and research in the field of X-ray spectroscopy\".", "mentions": {"date_of_birth": [{"start_char": 36, "end_char": 51, "uri": "1886-12-03T00:00:00Z^^http://www.w3.org/2001/XMLSchema#dateTime"}], "date_of_death": [{"start_char": 54, "end_char": 71, "uri": "1978-09-26T00:00:00Z^^http://www.w3.org/2001/XMLSchema#dateTime"}], "field_of_work": [], "country": []}, "mentions_same_attribute_class": {"date_of_birth": [], "date_of_death": [], "field_of_work": [], "country": []}}