{"id": "Q171034", "text": "Robert Woodrow Wilson (born January 10, 1936) is an American astronomer, 1978 Nobel laureate in physics, who with Arno Allan Penzias discovered in 1964 the cosmic microwave background radiation (CMB). The award purse was also shared with a third scientist, Pyotr Leonidovich Kapitsa, for unrelated work. While working on a new type of antenna at Bell Labs in Holmdel Township, New Jersey, they found a source of noise in the atmosphere that they could not explain. After removing all potential sources of noise, including pigeon droppings on the antenna, the noise was finally identified as CMB, which served as important corroboration of the Big Bang theory.", "mentions": {"date_of_birth": [{"start_char": 28, "end_char": 44, "uri": "1936-01-10T00:00:00Z^^http://www.w3.org/2001/XMLSchema#dateTime"}, {"start_char": 28, "end_char": 44, "uri": "1936-01-10T00:00:00Z^^http://www.w3.org/2001/XMLSchema#dateTime"}], "date_of_death": [], "field_of_work": [], "country": [{"start_char": 52, "end_char": 60, "uri": "http://www.wikidata.org/entity/Q30"}, {"start_char": 52, "end_char": 60, "uri": "http://www.wikidata.org/entity/Q30"}]}, "mentions_same_attribute_class": {"date_of_birth": [], "date_of_death": [], "field_of_work": [], "country": []}}