{"id": "Q172118", "text": "Percy Williams Bridgman (21 April 1882 \u2013 20 August 1961) was an American physicist who won the 1946 Nobel Prize in Physics for his work on the physics of high pressures. He also wrote extensively on the scientific method and on other aspects of the philosophy of science.", "mentions": {"date_of_birth": [{"start_char": 25, "end_char": 38, "uri": "1882-04-21T00:00:00Z^^http://www.w3.org/2001/XMLSchema#dateTime"}, {"start_char": 25, "end_char": 38, "uri": "1882-04-21T00:00:00Z^^http://www.w3.org/2001/XMLSchema#dateTime"}], "date_of_death": [{"start_char": 41, "end_char": 55, "uri": "1961-08-20T00:00:00Z^^http://www.w3.org/2001/XMLSchema#dateTime"}, {"start_char": 41, "end_char": 55, "uri": "1961-08-20T00:00:00Z^^http://www.w3.org/2001/XMLSchema#dateTime"}], "field_of_work": [], "country": [{"start_char": 64, "end_char": 72, "uri": "http://www.wikidata.org/entity/Q30"}, {"start_char": 64, "end_char": 72, "uri": "http://www.wikidata.org/entity/Q30"}]}, "mentions_same_attribute_class": {"date_of_birth": [], "date_of_death": [], "field_of_work": [], "country": []}}