{"id": "Q172844", "text": "Pyotr Leonidovich Kapitsa or Peter Kapitza (Russian: \u041f\u0451\u0442\u0440 \u041b\u0435\u043e\u043d\u0438\u0301\u0434\u043e\u0432\u0438\u0447 \u041a\u0430\u043f\u0438\u0301\u0446\u0430, Romanian: Petre Capi\u0163a (8 July [O.S. 26 June] 1894 \u2013 8 April 1984) was a leading Soviet physicist and Nobel laureate.", "mentions": {"date_of_birth": [], "date_of_death": [{"start_char": 132, "end_char": 144, "uri": "1984-04-08T00:00:00Z^^http://www.w3.org/2001/XMLSchema#dateTime"}], "field_of_work": [], "country": [{"start_char": 160, "end_char": 166, "uri": "http://www.wikidata.org/entity/Q15180"}]}, "mentions_same_attribute_class": {"date_of_birth": [], "date_of_death": [], "field_of_work": [], "country": []}}