{"id": "Q172466", "text": "Steven Chu (Chinese: \u6731\u68e3\u6587; pinyin: Zh\u016b D\u00ecw\u00e9n, born February 28, 1948) is an American physicist who is known for his research at Bell Labs and Stanford University in cooling and trapping of atoms with laser light, which won him the Nobel Prize in Physics in 1997, along with his scientific colleagues Claude Cohen-Tannoudji and William Daniel Phillips. Chu served as the 12th United States Secretary of Energy from 2009 to 2013. At the time of his appointment as Energy Secretary, Chu was a professor of physics and molecular and cellular biology at the University of California, Berkeley, and the director of the Lawrence Berkeley National Laboratory, where his research was concerned primarily with the study of biological systems at the single molecule level. On February 1, 2013, he announced he would not serve for the President's second term and resigned on April 22, 2013. Chu is a vocal advocate for more research into renewable energy and nuclear power, arguing that a shift away from fossil fuels is essential to combating climate change. For example, he has conceived of a global \"glucose economy\", a form of a low-carbon economy, in which glucose from tropical plants is shipped around like oil is today.", "mentions": {"date_of_birth": [{"start_char": 50, "end_char": 67, "uri": "1948-02-28T00:00:00Z^^http://www.w3.org/2001/XMLSchema#dateTime"}, {"start_char": 50, "end_char": 67, "uri": "1948-02-28T00:00:00Z^^http://www.w3.org/2001/XMLSchema#dateTime"}], "date_of_death": [], "field_of_work": [], "country": [{"start_char": 75, "end_char": 83, "uri": "http://www.wikidata.org/entity/Q30"}, {"start_char": 374, "end_char": 387, "uri": "http://www.wikidata.org/entity/Q30"}, {"start_char": 75, "end_char": 83, "uri": "http://www.wikidata.org/entity/Q30"}, {"start_char": 374, "end_char": 387, "uri": "http://www.wikidata.org/entity/Q30"}]}, "mentions_same_attribute_class": {"date_of_birth": [], "date_of_death": [], "field_of_work": [], "country": []}}