{"id": "Q172877", "text": "Arno Allan Penzias (born 26 April 1933) is an American physicist, radio astronomer and Nobel laureate in physics who is co-discoverer of the cosmic microwave background radiation, which helped establish the Big Bang theory of cosmology.", "mentions": {"date_of_birth": [{"start_char": 25, "end_char": 38, "uri": "1933-04-26T00:00:00Z^^http://www.w3.org/2001/XMLSchema#dateTime"}, {"start_char": 25, "end_char": 38, "uri": "1933-04-26T00:00:00Z^^http://www.w3.org/2001/XMLSchema#dateTime"}], "date_of_death": [], "field_of_work": [], "country": [{"start_char": 46, "end_char": 54, "uri": "http://www.wikidata.org/entity/Q30"}, {"start_char": 46, "end_char": 54, "uri": "http://www.wikidata.org/entity/Q30"}]}, "mentions_same_attribute_class": {"date_of_birth": [], "date_of_death": [], "field_of_work": [], "country": []}}