{"id": "Q175519", "text": "Raymond (Ray) Davis, Jr. (October 14, 1914 \u2013 May 31, 2006) was an American chemist, physicist, and Nobel Prize in Physics laureate.", "mentions": {"date_of_birth": [{"start_char": 26, "end_char": 42, "uri": "1914-10-14T00:00:00Z^^http://www.w3.org/2001/XMLSchema#dateTime"}], "date_of_death": [{"start_char": 45, "end_char": 57, "uri": "2006-05-31T00:00:00Z^^http://www.w3.org/2001/XMLSchema#dateTime"}], "field_of_work": [], "country": [{"start_char": 66, "end_char": 74, "uri": "http://www.wikidata.org/entity/Q30"}]}, "mentions_same_attribute_class": {"date_of_birth": [], "date_of_death": [], "field_of_work": [], "country": []}}