{"id": "Q179852", "text": "Reona Esaki (\u6c5f\u5d0e \u73b2\u65bc\u5948 Esaki Reona, born March 12, 1925), also known as Leo Esaki, is a Japanese physicist who shared the Nobel Prize in Physics in 1973 with Ivar Giaever and Brian David Josephson for his discovery of the phenomenon of electron tunneling. He is known for his invention of the Esaki diode, which exploited that phenomenon. This research was done when he was with Tokyo Tsushin Kogyo (now known as Sony). He has also contributed in being a pioneer of the semiconductor superlattice while he was with IBM.", "mentions": {"date_of_birth": [{"start_char": 38, "end_char": 52, "uri": "1925-03-12T00:00:00Z^^http://www.w3.org/2001/XMLSchema#dateTime"}, {"start_char": 38, "end_char": 52, "uri": "1925-03-12T00:00:00Z^^http://www.w3.org/2001/XMLSchema#dateTime"}], "date_of_death": [], "field_of_work": [], "country": []}, "mentions_same_attribute_class": {"date_of_birth": [], "date_of_death": [], "field_of_work": [], "country": []}}