{"id": "Q179572", "text": "George Fitzgerald Smoot III (born February 20, 1945) is an American astrophysicist, cosmologist, Nobel laureate, and one of two contestants to win the US$1 million prize on Are You Smarter than a 5th Grader?. He won the Nobel Prize in Physics in 2006 for his work on the Cosmic Background Explorer with John C. Mather that led to the \"discovery of the black body form and anisotropy of the cosmic microwave background radiation\". Smoot is the only Nobel laureate born in Florida. This work helped further the Big Bang theory of the universe using the Cosmic Background Explorer (COBE) satellite. According to the Nobel Prize committee, \"the COBE project can also be regarded as the starting point for cosmology as a precision science.\" Smoot donated his share of the Nobel Prize money, less travel costs, to a charitable foundation. Currently Smoot is a professor of physics at the University of California, Berkeley, senior scientist at the Lawrence Berkeley National Laboratory, and since 2010, a professor of physics at the Paris Diderot University, France. In 2003, he was awarded the Einstein Medal and the Oersted Medal in 2009.", "mentions": {"date_of_birth": [{"start_char": 34, "end_char": 51, "uri": "1945-02-20T00:00:00Z^^http://www.w3.org/2001/XMLSchema#dateTime"}, {"start_char": 34, "end_char": 51, "uri": "1945-02-20T00:00:00Z^^http://www.w3.org/2001/XMLSchema#dateTime"}], "date_of_death": [], "field_of_work": [], "country": [{"start_char": 59, "end_char": 67, "uri": "http://www.wikidata.org/entity/Q30"}, {"start_char": 151, "end_char": 153, "uri": "http://www.wikidata.org/entity/Q30"}, {"start_char": 59, "end_char": 67, "uri": "http://www.wikidata.org/entity/Q30"}, {"start_char": 151, "end_char": 153, "uri": "http://www.wikidata.org/entity/Q30"}]}, "mentions_same_attribute_class": {"date_of_birth": [], "date_of_death": [], "field_of_work": [], "country": []}}