{"id": "Q181369", "text": "Chen-Ning Franklin Yang, also known as Yang Zhenning (simplified Chinese: \u6768\u632f\u5b81; traditional Chinese: \u694a\u632f\u5be7; pinyin: Y\u00e1ng Zh\u00e8nn\u00edng; [j\u0251\u030c\u014b ts\u031c\u02b0\u0259\u0302n n\u01d0\u014b]; born October 1, 1922), is a Chinese-born American physicist who works on statistical mechanics and particle physics. He and Tsung-dao Lee received the 1957 Nobel Prize in Physics for their work on parity nonconservation of weak interaction. The two proved theoretically[citation needed] that one of the basic quantum-mechanics laws, the conservation of parity, is violated in the so-called weak nuclear reactions, those nuclear processes that result in the emission of beta or alpha particles.", "mentions": {"date_of_birth": [{"start_char": 153, "end_char": 168, "uri": "1922-10-01T00:00:00Z^^http://www.w3.org/2001/XMLSchema#dateTime"}, {"start_char": 153, "end_char": 168, "uri": "1922-10-01T00:00:00Z^^http://www.w3.org/2001/XMLSchema#dateTime"}], "date_of_death": [], "field_of_work": [{"start_char": 247, "end_char": 263, "uri": "http://www.wikidata.org/entity/Q18334"}, {"start_char": 247, "end_char": 263, "uri": "http://www.wikidata.org/entity/Q18334"}], "country": [{"start_char": 189, "end_char": 197, "uri": "http://www.wikidata.org/entity/Q30"}, {"start_char": 189, "end_char": 197, "uri": "http://www.wikidata.org/entity/Q30"}]}, "mentions_same_attribute_class": {"date_of_birth": [], "date_of_death": [], "field_of_work": [], "country": []}}