{"id": "Q182031", "text": "Jack St. Clair Kilby (November 8, 1923 \u2013 June 20, 2005) was an American electrical engineer who took part (along with Robert Noyce) in the realization of the first integrated circuit while working at Texas Instruments (TI) in 1958. He was awarded the Nobel Prize in physics on December 10, 2000. To congratulate him, US President Bill Clinton wrote, \"You can take pride in the knowledge that your work will help to improve lives for generations to come.\" He is also the inventor of the handheld calculator and the thermal printer, for which he has patents. He also has patents for seven other inventions.", "mentions": {"date_of_birth": [{"start_char": 22, "end_char": 38, "uri": "1923-11-08T00:00:00Z^^http://www.w3.org/2001/XMLSchema#dateTime"}], "date_of_death": [{"start_char": 41, "end_char": 54, "uri": "2005-06-20T00:00:00Z^^http://www.w3.org/2001/XMLSchema#dateTime"}], "field_of_work": [{"start_char": 72, "end_char": 91, "uri": "http://www.wikidata.org/entity/Q43035"}], "country": [{"start_char": 63, "end_char": 71, "uri": "http://www.wikidata.org/entity/Q30"}]}, "mentions_same_attribute_class": {"date_of_birth": [], "date_of_death": [], "field_of_work": [], "country": []}}