{"id": "Q183279", "text": "Zhores Ivanovich Alferov (Russian: \u0416\u043e\u0440\u0435\u0301\u0441 \u0418\u0432\u0430\u0301\u043d\u043e\u0432\u0438\u0447 \u0410\u043b\u0444\u0451\u0440\u043e\u0432, [\u0290\u0250\u02c8r\u02b2\u025bs \u026a\u02c8van\u0259v\u02b2\u026at\u0255 \u0250l\u02c8f\u02b2\u0275r\u0259f]; Belarusian: \u0416\u0430\u0440\u044d\u0441 \u0406\u0432\u0430\u0301\u043d\u0430\u0432\u0456\u0447 \u0410\u043b\u0444\u0451\u0440\u0430\u045e; born March 15, 1930) is a Belarusian, Soviet and Russian physicist and academic who contributed significantly to the creation of modern heterostructure physics and electronics. He is the inventor of the heterotransistor and the winner of 2000 Nobel Prize in Physics. He is also a Russian politician and has been a member of the Russian State Parliament, the Duma, since 1995. Lately, he has become one of the most influential members of the Communist Party of the Russian Federation.", "mentions": {"date_of_birth": [{"start_char": 136, "end_char": 150, "uri": "1930-03-15T00:00:00Z^^http://www.w3.org/2001/XMLSchema#dateTime"}, {"start_char": 136, "end_char": 150, "uri": "1930-03-15T00:00:00Z^^http://www.w3.org/2001/XMLSchema#dateTime"}], "date_of_death": [], "field_of_work": [], "country": [{"start_char": 169, "end_char": 175, "uri": "http://www.wikidata.org/entity/Q15180"}, {"start_char": 169, "end_char": 175, "uri": "http://www.wikidata.org/entity/Q15180"}]}, "mentions_same_attribute_class": {"date_of_birth": [], "date_of_death": [], "field_of_work": [], "country": []}}