{"id": "Q183679", "text": "Tsung-Dao Lee (T. D. Lee; Chinese: \u674e\u653f\u9053; pinyin: L\u01d0 Zh\u00e8ngd\u00e0o; born November 24, 1926) is a Chinese-born American physicist, known for his work on parity violation, the Lee Model, particle physics, relativistic heavy ion (RHIC) physics, nontopological solitons and soliton stars. He holds the rank of University Professor Emeritus at Columbia University, where he has taught since 1953 and from which he retired in 2012. In 1957, Lee, at the age of 30, won the Nobel Prize in Physics with C. N. Yang for their work on the violation of the parity law in weak interactions, which Chien-Shiung Wu experimentally verified. Lee was the youngest Nobel laureate after World War II until Malala Yousafzai was awarded the Nobel Peace Prize in 2014. He is the fourth youngest Nobel laureate in history after W. L. Bragg (who won the prize at 25 with his father W. H. Bragg in 1915), Werner Heisenberg (who won in 1932 also at 30) and Malala Yousafzai. Lee and Yang were the first Chinese laureates. Since he became a naturalized American citizen in 1962, Lee is also the youngest American ever to have won a Nobel Prize.", "mentions": {"date_of_birth": [{"start_char": 66, "end_char": 83, "uri": "1926-11-24T00:00:00Z^^http://www.w3.org/2001/XMLSchema#dateTime"}, {"start_char": 66, "end_char": 83, "uri": "1926-11-24T00:00:00Z^^http://www.w3.org/2001/XMLSchema#dateTime"}], "date_of_death": [], "field_of_work": [{"start_char": 178, "end_char": 194, "uri": "http://www.wikidata.org/entity/Q18334"}, {"start_char": 178, "end_char": 194, "uri": "http://www.wikidata.org/entity/Q18334"}], "country": [{"start_char": 103, "end_char": 111, "uri": "http://www.wikidata.org/entity/Q30"}, {"start_char": 1017, "end_char": 1025, "uri": "http://www.wikidata.org/entity/Q30"}, {"start_char": 1068, "end_char": 1076, "uri": "http://www.wikidata.org/entity/Q30"}, {"start_char": 103, "end_char": 111, "uri": "http://www.wikidata.org/entity/Q30"}]}, "mentions_same_attribute_class": {"date_of_birth": [], "date_of_death": [], "field_of_work": [], "country": []}}