{"id": "Q183655", "text": "Owen Chamberlain (July 10, 1920 \u2013 February 28, 2006) was an American physicist, and Nobel laureate in physics for his discovery, with collaborator Emilio Segr\u00e8, of antiprotons, a sub-atomic antiparticle.", "mentions": {"date_of_birth": [{"start_char": 18, "end_char": 31, "uri": "1920-07-10T00:00:00Z^^http://www.w3.org/2001/XMLSchema#dateTime"}, {"start_char": 18, "end_char": 31, "uri": "1920-07-10T00:00:00Z^^http://www.w3.org/2001/XMLSchema#dateTime"}], "date_of_death": [{"start_char": 34, "end_char": 51, "uri": "2006-02-28T00:00:00Z^^http://www.w3.org/2001/XMLSchema#dateTime"}, {"start_char": 34, "end_char": 51, "uri": "2006-02-28T00:00:00Z^^http://www.w3.org/2001/XMLSchema#dateTime"}], "field_of_work": [], "country": [{"start_char": 60, "end_char": 68, "uri": "http://www.wikidata.org/entity/Q30"}, {"start_char": 60, "end_char": 68, "uri": "http://www.wikidata.org/entity/Q30"}]}, "mentions_same_attribute_class": {"date_of_birth": [], "date_of_death": [], "field_of_work": [], "country": []}}