{"id": "Q183631", "text": "Ernest Thomas Sinton Walton (6 October 1903 \u2013 25 June 1995) was an Irish physicist and Nobel laureate for his work with John Cockcroft with \"atom-smashing\" experiments done at Cambridge University in the early 1930s, and so became the first person in history to artificially split the atom, thus ushering the nuclear age.", "mentions": {"date_of_birth": [{"start_char": 29, "end_char": 43, "uri": "1903-10-06T00:00:00Z^^http://www.w3.org/2001/XMLSchema#dateTime"}, {"start_char": 29, "end_char": 43, "uri": "1903-10-06T00:00:00Z^^http://www.w3.org/2001/XMLSchema#dateTime"}], "date_of_death": [{"start_char": 46, "end_char": 58, "uri": "1995-06-25T00:00:00Z^^http://www.w3.org/2001/XMLSchema#dateTime"}, {"start_char": 46, "end_char": 58, "uri": "1995-06-25T00:00:00Z^^http://www.w3.org/2001/XMLSchema#dateTime"}], "field_of_work": [], "country": []}, "mentions_same_attribute_class": {"date_of_birth": [], "date_of_death": [], "field_of_work": [], "country": []}}