{"id": "Q183270", "text": "Edward Mills Purcell (August 30, 1912 \u2013 March 7, 1997) was an American physicist who shared the 1952 Nobel Prize for Physics for his independent discovery (published 1946) of nuclear magnetic resonance in liquids and in solids. Nuclear magnetic resonance (NMR) has become widely used to study the molecular structure of pure materials and the composition of mixtures.", "mentions": {"date_of_birth": [{"start_char": 22, "end_char": 37, "uri": "1912-08-30T00:00:00Z^^http://www.w3.org/2001/XMLSchema#dateTime"}, {"start_char": 22, "end_char": 37, "uri": "1912-08-30T00:00:00Z^^http://www.w3.org/2001/XMLSchema#dateTime"}], "date_of_death": [{"start_char": 40, "end_char": 53, "uri": "1997-03-07T00:00:00Z^^http://www.w3.org/2001/XMLSchema#dateTime"}, {"start_char": 40, "end_char": 53, "uri": "1997-03-07T00:00:00Z^^http://www.w3.org/2001/XMLSchema#dateTime"}], "field_of_work": [], "country": [{"start_char": 62, "end_char": 70, "uri": "http://www.wikidata.org/entity/Q30"}, {"start_char": 62, "end_char": 70, "uri": "http://www.wikidata.org/entity/Q30"}]}, "mentions_same_attribute_class": {"date_of_birth": [], "date_of_death": [], "field_of_work": [], "country": []}}