{"id": "Q184563", "text": "Sin-Itiro Tomonaga (\u671d\u6c38 \u632f\u4e00\u90ce Tomonaga Shin'ichir\u014d, March 31, 1906 \u2013 July 8, 1979) was a Japanese physicist, influential in the development of quantum electrodynamics, work for which he was jointly awarded the Nobel Prize in Physics in 1965 along with Richard Feynman and Julian Schwinger.", "mentions": {"date_of_birth": [{"start_char": 49, "end_char": 63, "uri": "1906-03-31T00:00:00Z^^http://www.w3.org/2001/XMLSchema#dateTime"}, {"start_char": 49, "end_char": 63, "uri": "1906-03-31T00:00:00Z^^http://www.w3.org/2001/XMLSchema#dateTime"}, {"start_char": 49, "end_char": 63, "uri": "1906-03-31T00:00:00Z^^http://www.w3.org/2001/XMLSchema#dateTime"}], "date_of_death": [{"start_char": 66, "end_char": 78, "uri": "1979-07-08T00:00:00Z^^http://www.w3.org/2001/XMLSchema#dateTime"}, {"start_char": 66, "end_char": 78, "uri": "1979-07-08T00:00:00Z^^http://www.w3.org/2001/XMLSchema#dateTime"}, {"start_char": 66, "end_char": 78, "uri": "1979-07-08T00:00:00Z^^http://www.w3.org/2001/XMLSchema#dateTime"}], "field_of_work": [], "country": []}, "mentions_same_attribute_class": {"date_of_birth": [], "date_of_death": [], "field_of_work": [], "country": []}}