{"id": "Q184577", "text": "Walter Houser Brattain (February 10, 1902 \u2013 October 13, 1987) was an American physicist at Bell Labs who, along with fellow scientists John Bardeen and William Shockley, invented the point-contact transistor in December, 1947. They shared the 1956 Nobel Prize in Physics for their invention. Brattain devoted much of his life to research on surface states.", "mentions": {"date_of_birth": [{"start_char": 24, "end_char": 41, "uri": "1902-02-10T00:00:00Z^^http://www.w3.org/2001/XMLSchema#dateTime"}, {"start_char": 24, "end_char": 41, "uri": "1902-02-10T00:00:00Z^^http://www.w3.org/2001/XMLSchema#dateTime"}], "date_of_death": [{"start_char": 44, "end_char": 60, "uri": "1987-10-13T00:00:00Z^^http://www.w3.org/2001/XMLSchema#dateTime"}, {"start_char": 44, "end_char": 60, "uri": "1987-10-13T00:00:00Z^^http://www.w3.org/2001/XMLSchema#dateTime"}], "field_of_work": [], "country": [{"start_char": 69, "end_char": 77, "uri": "http://www.wikidata.org/entity/Q30"}, {"start_char": 69, "end_char": 77, "uri": "http://www.wikidata.org/entity/Q30"}]}, "mentions_same_attribute_class": {"date_of_birth": [], "date_of_death": [], "field_of_work": [], "country": []}}