{"id": "Q184592", "text": "Gerardus (Gerard) 't Hooft ([\u02cc\u0263e\u02d0r\u0251rt \u0259t \u02c8\u0266o\u02d0ft]; born July 5, 1946) is a Dutch theoretical physicist and professor at Utrecht University, the Netherlands. He shared the 1999 Nobel Prize in Physics with his thesis advisor Martinus J. G. Veltman \"for elucidating the quantum structure of electroweak interactions\". His work concentrates on gauge theory, black holes, quantum gravity and fundamental aspects of quantum mechanics. His contributions to physics include a proof that gauge theories are renormalizable, dimensional regularization, and the holographic principle.", "mentions": {"date_of_birth": [{"start_char": 55, "end_char": 67, "uri": "1946-07-05T00:00:00Z^^http://www.w3.org/2001/XMLSchema#dateTime"}], "date_of_death": [], "field_of_work": [{"start_char": 449, "end_char": 456, "uri": "http://www.wikidata.org/entity/Q413"}], "country": []}, "mentions_same_attribute_class": {"date_of_birth": [], "date_of_death": [], "field_of_work": [], "country": []}}