{"id": "Q186481", "text": "Riccardo Giacconi (born October 6, 1931) is an American Nobel Prize-winning astrophysicist who laid the foundations of X-ray astronomy. He is currently a professor at the Johns Hopkins University.", "mentions": {"date_of_birth": [{"start_char": 24, "end_char": 39, "uri": "1931-10-06T00:00:00Z^^http://www.w3.org/2001/XMLSchema#dateTime"}, {"start_char": 24, "end_char": 39, "uri": "1931-10-06T00:00:00Z^^http://www.w3.org/2001/XMLSchema#dateTime"}], "date_of_death": [], "field_of_work": [], "country": [{"start_char": 47, "end_char": 55, "uri": "http://www.wikidata.org/entity/Q30"}, {"start_char": 47, "end_char": 55, "uri": "http://www.wikidata.org/entity/Q30"}]}, "mentions_same_attribute_class": {"date_of_birth": [], "date_of_death": [], "field_of_work": [], "country": []}}