{"id": "Q186497", "text": "Willis Eugene Lamb, Jr. (July 12, 1913 \u2013 May 15, 2008) was an American physicist who won the Nobel Prize in Physics in 1955 \"for his discoveries concerning the fine structure of the hydrogen spectrum.\" The Nobel Committee that year awarded half the prize to Lamb and the other half to Polykarp Kusch, who won \"for his precision determination of the magnetic moment of the electron.\" Lamb was able to determine precisely a surprising shift in electron energies in a hydrogen atom (see Lamb shift). Lamb was a professor at the University of Arizona College of Optical Sciences.", "mentions": {"date_of_birth": [{"start_char": 25, "end_char": 38, "uri": "1913-07-12T00:00:00Z^^http://www.w3.org/2001/XMLSchema#dateTime"}], "date_of_death": [{"start_char": 41, "end_char": 53, "uri": "2008-05-15T00:00:00Z^^http://www.w3.org/2001/XMLSchema#dateTime"}], "field_of_work": [], "country": [{"start_char": 62, "end_char": 70, "uri": "http://www.wikidata.org/entity/Q30"}]}, "mentions_same_attribute_class": {"date_of_birth": [], "date_of_death": [], "field_of_work": [], "country": []}}