{"id": "Q186465", "text": "Julian Seymour Schwinger (February 12, 1918 \u2013 July 16, 1994) was a Nobel Prize winning American theoretical physicist. He is best known for his work on the theory of quantum electrodynamics (QED), in particular for developing a relativistically invariant perturbation theory, and for renormalizing QED to one loop order. Schwinger was a professor in the physics department at UCLA. Schwinger is recognized as one of the greatest physicists of the twentieth century, responsible for much of modern quantum field theory, including a variational approach, and the equations of motion for quantum fields. He developed the first electroweak model, and the first example of confinement in 1+1 dimensions. He is responsible for the theory of multiple neutrinos, Schwinger terms, and the theory of the spin 3/2 field.", "mentions": {"date_of_birth": [{"start_char": 26, "end_char": 43, "uri": "1918-02-12T00:00:00Z^^http://www.w3.org/2001/XMLSchema#dateTime"}, {"start_char": 26, "end_char": 43, "uri": "1918-02-12T00:00:00Z^^http://www.w3.org/2001/XMLSchema#dateTime"}], "date_of_death": [{"start_char": 46, "end_char": 59, "uri": "1994-07-16T00:00:00Z^^http://www.w3.org/2001/XMLSchema#dateTime"}, {"start_char": 46, "end_char": 59, "uri": "1994-07-16T00:00:00Z^^http://www.w3.org/2001/XMLSchema#dateTime"}], "field_of_work": [{"start_char": 354, "end_char": 361, "uri": "http://www.wikidata.org/entity/Q413"}, {"start_char": 354, "end_char": 361, "uri": "http://www.wikidata.org/entity/Q413"}], "country": [{"start_char": 87, "end_char": 95, "uri": "http://www.wikidata.org/entity/Q30"}, {"start_char": 87, "end_char": 95, "uri": "http://www.wikidata.org/entity/Q30"}]}, "mentions_same_attribute_class": {"date_of_birth": [], "date_of_death": [], "field_of_work": [], "country": []}}