{"id": "Q187199", "text": "Carlo Rubbia, OMRI, OMCA (born on 31 March 1934) is an Italian particle physicist and inventor who shared the Nobel Prize in Physics in 1984 with Simon van der Meer for work leading to the discovery of the W and Z particles at CERN.", "mentions": {"date_of_birth": [{"start_char": 34, "end_char": 47, "uri": "1934-03-31T00:00:00Z^^http://www.w3.org/2001/XMLSchema#dateTime"}, {"start_char": 34, "end_char": 47, "uri": "1934-03-31T00:00:00Z^^http://www.w3.org/2001/XMLSchema#dateTime"}], "date_of_death": [], "field_of_work": [], "country": []}, "mentions_same_attribute_class": {"date_of_birth": [], "date_of_death": [], "field_of_work": [], "country": []}}