{"id": "Q187822", "text": "Jerome Isaac Friedman (born March 28, 1930) is an American physicist. He is Institute Professor and Professor of Physics, Emeritus, at the Massachusetts Institute of Technology. He won the 1990 Nobel Prize in Physics along with Henry Kendall and Richard Taylor, for work showing an internal structure for protons later known to be quarks. Dr. Friedman currently sits on the Board of Sponsors of the Bulletin of the Atomic Scientists.", "mentions": {"date_of_birth": [{"start_char": 28, "end_char": 42, "uri": "1930-03-28T00:00:00Z^^http://www.w3.org/2001/XMLSchema#dateTime"}, {"start_char": 28, "end_char": 42, "uri": "1930-03-28T00:00:00Z^^http://www.w3.org/2001/XMLSchema#dateTime"}], "date_of_death": [], "field_of_work": [{"start_char": 113, "end_char": 120, "uri": "http://www.wikidata.org/entity/Q413"}, {"start_char": 113, "end_char": 120, "uri": "http://www.wikidata.org/entity/Q413"}], "country": [{"start_char": 50, "end_char": 58, "uri": "http://www.wikidata.org/entity/Q30"}, {"start_char": 50, "end_char": 58, "uri": "http://www.wikidata.org/entity/Q30"}]}, "mentions_same_attribute_class": {"date_of_birth": [], "date_of_death": [], "field_of_work": [], "country": []}}