{"id": "Q187224", "text": "Pierre-Gilles de Gennes ([\u0292\u025bn]; October 24, 1932 \u2013 May 18, 2007) was a French physicist and the Nobel Prize laureate in physics in 1991.", "mentions": {"date_of_birth": [{"start_char": 32, "end_char": 48, "uri": "1932-10-24T00:00:00Z^^http://www.w3.org/2001/XMLSchema#dateTime"}, {"start_char": 32, "end_char": 48, "uri": "1932-10-24T00:00:00Z^^http://www.w3.org/2001/XMLSchema#dateTime"}], "date_of_death": [{"start_char": 51, "end_char": 63, "uri": "2007-05-18T00:00:00Z^^http://www.w3.org/2001/XMLSchema#dateTime"}, {"start_char": 51, "end_char": 63, "uri": "2007-05-18T00:00:00Z^^http://www.w3.org/2001/XMLSchema#dateTime"}], "field_of_work": [], "country": []}, "mentions_same_attribute_class": {"date_of_birth": [], "date_of_death": [], "field_of_work": [], "country": []}}