{"id": "Q188128", "text": "Alexei Alexeyevich Abrikosov (Russian: \u0410\u043b\u0435\u043a\u0441\u0435\u0301\u0439 \u0410\u043b\u0435\u043a\u0441\u0435\u0301\u0435\u0432\u0438\u0447 \u0410\u0431\u0440\u0438\u043a\u043e\u0301\u0441\u043e\u0432; born June 25, 1928) is a Soviet, Russian and American theoretical physicist whose main contributions are in the field of condensed matter physics. He was awarded the Nobel Prize in Physics in 2003.", "mentions": {"date_of_birth": [{"start_char": 77, "end_char": 90, "uri": "1928-06-25T00:00:00Z^^http://www.w3.org/2001/XMLSchema#dateTime"}], "date_of_death": [], "field_of_work": [{"start_char": 126, "end_char": 147, "uri": "http://www.wikidata.org/entity/Q18362"}, {"start_char": 193, "end_char": 217, "uri": "http://www.wikidata.org/entity/Q214781"}], "country": [{"start_char": 97, "end_char": 103, "uri": "http://www.wikidata.org/entity/Q15180"}, {"start_char": 117, "end_char": 125, "uri": "http://www.wikidata.org/entity/Q30"}]}, "mentions_same_attribute_class": {"date_of_birth": [], "date_of_death": [], "field_of_work": [], "country": []}}