{"id": "Q188293", "text": "Frits Zernike (/\u02c8z\u025c\u02d0rn.\u1d7b.ki/; 16 July 1888 \u2013 10 March 1966) was a Dutch physicist and winner of the Nobel prize for physics in 1953 for his invention of the phase contrast microscope, an instrument that permits the study of internal cell structure without the need to stain and thus kill the cells.", "mentions": {"date_of_birth": [{"start_char": 30, "end_char": 42, "uri": "1888-07-16T00:00:00Z^^http://www.w3.org/2001/XMLSchema#dateTime"}, {"start_char": 30, "end_char": 42, "uri": "1888-07-16T00:00:00Z^^http://www.w3.org/2001/XMLSchema#dateTime"}], "date_of_death": [{"start_char": 45, "end_char": 58, "uri": "1966-03-10T00:00:00Z^^http://www.w3.org/2001/XMLSchema#dateTime"}, {"start_char": 45, "end_char": 58, "uri": "1966-03-10T00:00:00Z^^http://www.w3.org/2001/XMLSchema#dateTime"}], "field_of_work": [], "country": []}, "mentions_same_attribute_class": {"date_of_birth": [], "date_of_death": [], "field_of_work": [], "country": []}}