{"id": "Q188120", "text": "Yoichiro Nambu (\u5357\u90e8 \u967d\u4e00\u90ce Nanbu Y\u014dichir\u014d, 18 January 1921 \u2013 5 July 2015) was a Japanese-born American physicist, a professor at the University of Chicago. Known for his contributions to the field of theoretical physics, he was awarded half of the Nobel Prize in Physics in 2008 for the discovery in 1960 of the mechanism of spontaneous broken symmetry in subatomic physics, related at first to the strong interaction's chiral symmetry and later to the electroweak interaction and Higgs mechanism. The other half was split equally between Makoto Kobayashi and Toshihide Maskawa \"for the discovery of the origin of the broken symmetry which predicts the existence of at least three families of quarks in nature.\"", "mentions": {"date_of_birth": [{"start_char": 39, "end_char": 54, "uri": "1921-01-18T00:00:00Z^^http://www.w3.org/2001/XMLSchema#dateTime"}, {"start_char": 39, "end_char": 54, "uri": "1921-01-18T00:00:00Z^^http://www.w3.org/2001/XMLSchema#dateTime"}], "date_of_death": [{"start_char": 57, "end_char": 68, "uri": "2015-07-05T00:00:00Z^^http://www.w3.org/2001/XMLSchema#dateTime"}, {"start_char": 57, "end_char": 68, "uri": "2015-07-05T00:00:00Z^^http://www.w3.org/2001/XMLSchema#dateTime"}], "field_of_work": [], "country": [{"start_char": 90, "end_char": 98, "uri": "http://www.wikidata.org/entity/Q30"}, {"start_char": 90, "end_char": 98, "uri": "http://www.wikidata.org/entity/Q30"}]}, "mentions_same_attribute_class": {"date_of_birth": [], "date_of_death": [], "field_of_work": [], "country": []}}