{"id": "Q189485", "text": "Sir Nevill Francis Mott CH FRS (30 September 1905 \u2013 8 August 1996) was an English physicist who won the Nobel Prize for Physics in 1977 for his work on the electronic structure of magnetic and disordered systems, especially amorphous semiconductors. The award was shared with Philip W. Anderson and J. H. Van Vleck. The three had conducted loosely related research. Mott and Anderson clarified the reasons why magnetic or amorphous materials can some times be metallic and some times insulating.", "mentions": {"date_of_birth": [{"start_char": 32, "end_char": 49, "uri": "1905-09-30T00:00:00Z^^http://www.w3.org/2001/XMLSchema#dateTime"}, {"start_char": 32, "end_char": 49, "uri": "1905-09-30T00:00:00Z^^http://www.w3.org/2001/XMLSchema#dateTime"}], "date_of_death": [{"start_char": 52, "end_char": 65, "uri": "1996-08-08T00:00:00Z^^http://www.w3.org/2001/XMLSchema#dateTime"}, {"start_char": 52, "end_char": 65, "uri": "1996-08-08T00:00:00Z^^http://www.w3.org/2001/XMLSchema#dateTime"}], "field_of_work": [], "country": []}, "mentions_same_attribute_class": {"date_of_birth": [], "date_of_death": [], "field_of_work": [], "country": []}}