{"id": "Q189990", "text": "Antony Hewish FRS (born 11 May 1924 in Fowey, Cornwall) is a British radio astronomer who won the Nobel Prize for Physics in 1974 (together with fellow radio-astronomer Martin Ryle) for his work on the development of radio aperture synthesis and its role in the discovery of pulsars. He was also awarded the Eddington Medal of the Royal Astronomical Society in 1969.", "mentions": {"date_of_birth": [{"start_char": 24, "end_char": 35, "uri": "1924-05-11T00:00:00Z^^http://www.w3.org/2001/XMLSchema#dateTime"}], "date_of_death": [], "field_of_work": [], "country": []}, "mentions_same_attribute_class": {"date_of_birth": [], "date_of_death": [], "field_of_work": [], "country": []}}