{"id": "Q189997", "text": "Robert Betts Laughlin (born November 1, 1950) is the Anne T. and Robert M. Bass Professor of Physics and Applied Physics at Stanford University. Along with Horst L. St\u00f6rmer of Columbia University and Daniel C. Tsui of Princeton University, he was awarded a share of the 1998 Nobel Prize in physics for their explanation of the fractional quantum Hall effect. Laughlin was born in Visalia, California. He earned a B.A. in Mathematics from UC Berkeley in 1972, and his Ph.D. in physics in 1979 at the Massachusetts Institute of Technology (MIT), Cambridge, Massachusetts, USA. Between 2004 and 2006 he served as the president of KAIST in Daejeon, South Korea.", "mentions": {"date_of_birth": [{"start_char": 28, "end_char": 44, "uri": "1950-11-01T00:00:00Z^^http://www.w3.org/2001/XMLSchema#dateTime"}, {"start_char": 28, "end_char": 44, "uri": "1950-11-01T00:00:00Z^^http://www.w3.org/2001/XMLSchema#dateTime"}], "date_of_death": [], "field_of_work": [], "country": [{"start_char": 570, "end_char": 573, "uri": "http://www.wikidata.org/entity/Q30"}]}, "mentions_same_attribute_class": {"date_of_birth": [], "date_of_death": [], "field_of_work": [], "country": []}}