{"id": "Q189741", "text": "Melvin Schwartz (November 2, 1932 \u2013 August 28, 2006) was an American physicist. He shared the 1988 Nobel Prize in Physics with Leon M. Lederman and Jack Steinberger for their development of the neutrino beam method and their demonstration of the doublet structure of the leptons through the discovery of the muon neutrino.", "mentions": {"date_of_birth": [{"start_char": 17, "end_char": 33, "uri": "1932-11-02T00:00:00Z^^http://www.w3.org/2001/XMLSchema#dateTime"}, {"start_char": 17, "end_char": 33, "uri": "1932-11-02T00:00:00Z^^http://www.w3.org/2001/XMLSchema#dateTime"}], "date_of_death": [{"start_char": 36, "end_char": 51, "uri": "2006-08-28T00:00:00Z^^http://www.w3.org/2001/XMLSchema#dateTime"}, {"start_char": 36, "end_char": 51, "uri": "2006-08-28T00:00:00Z^^http://www.w3.org/2001/XMLSchema#dateTime"}], "field_of_work": [], "country": [{"start_char": 60, "end_char": 68, "uri": "http://www.wikidata.org/entity/Q30"}, {"start_char": 60, "end_char": 68, "uri": "http://www.wikidata.org/entity/Q30"}]}, "mentions_same_attribute_class": {"date_of_birth": [], "date_of_death": [], "field_of_work": [], "country": []}}