{"id": "Q190766", "text": "Sir Martin Ryle FRS (27 September 1918 \u2013 14 October 1984) was an English radio astronomer who developed revolutionary radio telescope systems (see e.g. aperture synthesis) and used them for accurate location and imaging of weak radio sources. In 1946 Ryle and Vonberg were the first people to publish interferometric astronomical measurements at radio wavelengths, Joseph Pawsey from the University of Sydney claimed to have actually made interferometric measurements earlier in the same year. With improved equipment, Ryle observed the most distant known galaxies in the universe at that time. He was the first Professor of Radio Astronomy at the University of Cambridge, and founding director of the Mullard Radio Astronomy Observatory. He was Astronomer Royal from 1972 to 1982. Ryle and Antony Hewish shared the Nobel Prize for Physics in 1974, the first Nobel prize awarded in recognition of astronomical research.", "mentions": {"date_of_birth": [{"start_char": 21, "end_char": 38, "uri": "1918-09-27T00:00:00Z^^http://www.w3.org/2001/XMLSchema#dateTime"}, {"start_char": 21, "end_char": 38, "uri": "1918-09-27T00:00:00Z^^http://www.w3.org/2001/XMLSchema#dateTime"}], "date_of_death": [{"start_char": 41, "end_char": 56, "uri": "1984-10-14T00:00:00Z^^http://www.w3.org/2001/XMLSchema#dateTime"}, {"start_char": 41, "end_char": 56, "uri": "1984-10-14T00:00:00Z^^http://www.w3.org/2001/XMLSchema#dateTime"}], "field_of_work": [{"start_char": 631, "end_char": 640, "uri": "http://www.wikidata.org/entity/Q333"}, {"start_char": 631, "end_char": 640, "uri": "http://www.wikidata.org/entity/Q333"}], "country": []}, "mentions_same_attribute_class": {"date_of_birth": [], "date_of_death": [], "field_of_work": [], "country": []}}