{"id": "Q190756", "text": "William Daniel Phillips (born November 5, 1948) is a Nobel Prize award winning, American physicist. He shared the Nobel Prize in Physics, in 1997, with Steven Chu and Claude Cohen-Tannoudji.", "mentions": {"date_of_birth": [{"start_char": 30, "end_char": 46, "uri": "1948-11-05T00:00:00Z^^http://www.w3.org/2001/XMLSchema#dateTime"}, {"start_char": 30, "end_char": 46, "uri": "1948-11-05T00:00:00Z^^http://www.w3.org/2001/XMLSchema#dateTime"}], "date_of_death": [], "field_of_work": [], "country": [{"start_char": 80, "end_char": 88, "uri": "http://www.wikidata.org/entity/Q30"}, {"start_char": 80, "end_char": 88, "uri": "http://www.wikidata.org/entity/Q30"}]}, "mentions_same_attribute_class": {"date_of_birth": [], "date_of_death": [], "field_of_work": [], "country": []}}