{"id": "Q190495", "text": "Henry Way Kendall (December 9, 1926 \u2013 February 15, 1999) was an American particle physicist who won the Nobel Prize in Physics in 1990 jointly with Jerome Isaac Friedman and Richard E. Taylor \"for their pioneering investigations concerning deep inelastic scattering of electrons on protons and bound neutrons, which have been of essential importance for the development of the quark model in particle physics.\"", "mentions": {"date_of_birth": [{"start_char": 19, "end_char": 35, "uri": "1926-12-09T00:00:00Z^^http://www.w3.org/2001/XMLSchema#dateTime"}, {"start_char": 19, "end_char": 35, "uri": "1926-12-09T00:00:00Z^^http://www.w3.org/2001/XMLSchema#dateTime"}], "date_of_death": [{"start_char": 38, "end_char": 55, "uri": "1999-02-15T00:00:00Z^^http://www.w3.org/2001/XMLSchema#dateTime"}, {"start_char": 38, "end_char": 55, "uri": "1999-02-15T00:00:00Z^^http://www.w3.org/2001/XMLSchema#dateTime"}], "field_of_work": [], "country": [{"start_char": 64, "end_char": 72, "uri": "http://www.wikidata.org/entity/Q30"}, {"start_char": 64, "end_char": 72, "uri": "http://www.wikidata.org/entity/Q30"}]}, "mentions_same_attribute_class": {"date_of_birth": [], "date_of_death": [], "field_of_work": [], "country": []}}