{"id": "Q190503", "text": "Arthur Leonard Schawlow (May 5, 1921 \u2013 April 28, 1999) was an American physicist. He shared the 1981 Nobel Prize in Physics with Nicolaas Bloembergen and Kai Siegbahn for his work on lasers.", "mentions": {"date_of_birth": [{"start_char": 25, "end_char": 36, "uri": "1921-05-05T00:00:00Z^^http://www.w3.org/2001/XMLSchema#dateTime"}, {"start_char": 25, "end_char": 36, "uri": "1921-05-05T00:00:00Z^^http://www.w3.org/2001/XMLSchema#dateTime"}], "date_of_death": [{"start_char": 39, "end_char": 53, "uri": "1999-04-28T00:00:00Z^^http://www.w3.org/2001/XMLSchema#dateTime"}, {"start_char": 39, "end_char": 53, "uri": "1999-04-28T00:00:00Z^^http://www.w3.org/2001/XMLSchema#dateTime"}], "field_of_work": [{"start_char": 71, "end_char": 80, "uri": "http://www.wikidata.org/entity/Q169470"}, {"start_char": 71, "end_char": 80, "uri": "http://www.wikidata.org/entity/Q169470"}], "country": [{"start_char": 62, "end_char": 70, "uri": "http://www.wikidata.org/entity/Q30"}, {"start_char": 62, "end_char": 70, "uri": "http://www.wikidata.org/entity/Q30"}]}, "mentions_same_attribute_class": {"date_of_birth": [], "date_of_death": [], "field_of_work": [], "country": []}}