{"id": "Q190697", "text": "Claude Cohen-Tannoudji (born 1 April 1933) is a French physicist and Nobel Laureate. He shared the 1997 Nobel Prize in Physics with Steven Chu and William Daniel Phillips for research in methods of laser cooling and trapping atoms. He is still an active researcher, working at the \u00c9cole Normale Sup\u00e9rieure in Paris.", "mentions": {"date_of_birth": [{"start_char": 29, "end_char": 41, "uri": "1933-04-01T00:00:00Z^^http://www.w3.org/2001/XMLSchema#dateTime"}, {"start_char": 29, "end_char": 41, "uri": "1933-04-01T00:00:00Z^^http://www.w3.org/2001/XMLSchema#dateTime"}], "date_of_death": [], "field_of_work": [], "country": []}, "mentions_same_attribute_class": {"date_of_birth": [], "date_of_death": [], "field_of_work": [], "country": []}}