{"id": "Q190745", "text": "Leo James Rainwater (December 9, 1917 \u2013 May 31, 1986) was an American physicist who shared the Nobel Prize in Physics in 1975 for his part in determining the asymmetrical shapes of certain atomic nuclei. During World War II, he worked on the Manhattan Project that developed the first atomic bombs. In 1949, he began developing his theory that, contrary to what was then believed, not all atomic nuclei are spherical. His ideas were later tested and confirmed by Aage Bohr's and Ben Mottelson's experiments. He also contributed to the scientific understanding of X-rays and participated in the United States Atomic Energy Commission and naval research projects. Rainwater joined the physics faculty at Columbia in 1946, where he reached the rank of full professor in 1952 and was named Pupin Professor of Physics in 1982. He received the Ernest Orlando Lawrence Award for Physics in 1963 and in 1975 was awarded the Nobel Prize in Physics, \"for the discovery of the connection between collective motion and particle motion in atomic nuclei and the development of the theory of the structure of the atomic nucleus based on this connection\".", "mentions": {"date_of_birth": [{"start_char": 21, "end_char": 37, "uri": "1917-12-09T00:00:00Z^^http://www.w3.org/2001/XMLSchema#dateTime"}, {"start_char": 21, "end_char": 37, "uri": "1917-12-09T00:00:00Z^^http://www.w3.org/2001/XMLSchema#dateTime"}], "date_of_death": [{"start_char": 40, "end_char": 52, "uri": "1986-05-31T00:00:00Z^^http://www.w3.org/2001/XMLSchema#dateTime"}, {"start_char": 40, "end_char": 52, "uri": "1986-05-31T00:00:00Z^^http://www.w3.org/2001/XMLSchema#dateTime"}], "field_of_work": [], "country": [{"start_char": 61, "end_char": 69, "uri": "http://www.wikidata.org/entity/Q30"}, {"start_char": 61, "end_char": 69, "uri": "http://www.wikidata.org/entity/Q30"}]}, "mentions_same_attribute_class": {"date_of_birth": [], "date_of_death": [], "field_of_work": [], "country": []}}