{"id": "Q191922", "text": "Frederick Reines (RYE-ness); (March 16, 1918 \u2013 August 26, 1998) was an American physicist. He was awarded the 1995 Nobel Prize in Physics for his co-detection of the neutrino with Clyde Cowan in the neutrino experiment. He may be the only scientist in history \"so intimately associated with the discovery of an elementary particle and the subsequent thorough investigation of its fundamental properties\". A graduate of the Stevens Institute of Technology and New York University, Reines joined the Manhattan Project's Los Alamos Laboratory in 1944, working in the Theoretical Division in Richard Feynman's group. He became a group leader there in 1946. He participated in a number of nuclear tests, culminating in his becoming the director of the Operation Greenhouse test series in the Pacific in 1951. In the early 1950s, working in Hanford and Savannah River Sites, Reines and Cowan developed the equipment and procedures with which they first detected the supposedly undetectable neutrinos in June 1956. Reines dedicated the major part of his career to the study of the neutrino's properties and interactions, which work would influence study of the neutrino for many researchers to come. This included the detection of neutrinos created in the atmosphere by cosmic rays, and the 1987 detection of neutrinos emitted from Supernova SN1987A, which inaugurated the field of neutrino astronomy.", "mentions": {"date_of_birth": [{"start_char": 30, "end_char": 44, "uri": "1918-03-16T00:00:00Z^^http://www.w3.org/2001/XMLSchema#dateTime"}, {"start_char": 30, "end_char": 44, "uri": "1918-03-16T00:00:00Z^^http://www.w3.org/2001/XMLSchema#dateTime"}], "date_of_death": [{"start_char": 47, "end_char": 62, "uri": "1998-08-26T00:00:00Z^^http://www.w3.org/2001/XMLSchema#dateTime"}, {"start_char": 47, "end_char": 62, "uri": "1998-08-26T00:00:00Z^^http://www.w3.org/2001/XMLSchema#dateTime"}], "field_of_work": [], "country": [{"start_char": 71, "end_char": 79, "uri": "http://www.wikidata.org/entity/Q30"}, {"start_char": 71, "end_char": 79, "uri": "http://www.wikidata.org/entity/Q30"}]}, "mentions_same_attribute_class": {"date_of_birth": [], "date_of_death": [], "field_of_work": [], "country": []}}