{"id": "Q192703", "text": "Ilya Mikhailovich Frank (Russian: \u0418\u043b\u044c\u044f\u0301 \u041c\u0438\u0445\u0430\u0301\u0439\u043b\u043e\u0432\u0438\u0447 \u0424\u0440\u0430\u043d\u043a) (23 October 1908 \u2013 22 June 1990) was a Soviet winner of the Nobel Prize for Physics in 1958 jointly with Pavel Alekseyevich Cherenkov and Igor Y. Tamm, also of the Soviet Union. He received the award for his work in explaining the phenomenon of Cherenkov radiation. He received the Stalin prize in 1946 and 1953 and the USSR state prize in 1971.", "mentions": {"date_of_birth": [{"start_char": 60, "end_char": 75, "uri": "1908-10-23T00:00:00Z^^http://www.w3.org/2001/XMLSchema#dateTime"}, {"start_char": 60, "end_char": 75, "uri": "1908-10-23T00:00:00Z^^http://www.w3.org/2001/XMLSchema#dateTime"}], "date_of_death": [{"start_char": 78, "end_char": 90, "uri": "1990-06-22T00:00:00Z^^http://www.w3.org/2001/XMLSchema#dateTime"}, {"start_char": 78, "end_char": 90, "uri": "1990-06-22T00:00:00Z^^http://www.w3.org/2001/XMLSchema#dateTime"}], "field_of_work": [], "country": [{"start_char": 98, "end_char": 104, "uri": "http://www.wikidata.org/entity/Q15180"}, {"start_char": 223, "end_char": 235, "uri": "http://www.wikidata.org/entity/Q15180"}, {"start_char": 379, "end_char": 383, "uri": "http://www.wikidata.org/entity/Q15180"}, {"start_char": 98, "end_char": 104, "uri": "http://www.wikidata.org/entity/Q15180"}, {"start_char": 223, "end_char": 235, "uri": "http://www.wikidata.org/entity/Q15180"}, {"start_char": 379, "end_char": 383, "uri": "http://www.wikidata.org/entity/Q15180"}]}, "mentions_same_attribute_class": {"date_of_birth": [], "date_of_death": [], "field_of_work": [], "country": []}}