{"id": "Q192688", "text": "Ivar Giaever (Norwegian: Gi\u00e6ver, [\u02c8i\u02d0v\u0251r \u02c8je\u02d0v\u0259r]; born April 5, 1929) is a Norwegian-American physicist who shared the Nobel Prize in Physics in 1973 with Leo Esaki and Brian Josephson \"for their discoveries regarding tunnelling phenomena in solids\". Giaever's share of the prize was specifically for his \"experimental discoveries regarding tunnelling phenomena in superconductors\". Giaever is an institute professor emeritus at the Rensselaer Polytechnic Institute, a professor-at-large at the University of Oslo, and the president of Applied Biophysics.", "mentions": {"date_of_birth": [{"start_char": 56, "end_char": 69, "uri": "1929-04-05T00:00:00Z^^http://www.w3.org/2001/XMLSchema#dateTime"}, {"start_char": 56, "end_char": 69, "uri": "1929-04-05T00:00:00Z^^http://www.w3.org/2001/XMLSchema#dateTime"}], "date_of_death": [], "field_of_work": [], "country": []}, "mentions_same_attribute_class": {"date_of_birth": [], "date_of_death": [], "field_of_work": [], "country": []}}