{"id": "Q192685", "text": "Joseph Hooton Taylor, Jr. (born March 29, 1941), is an American astrophysicist and Nobel Prize in Physics laureate for his discovery with Russell Alan Hulse of a \"new type of pulsar, a discovery that has opened up new possibilities for the study of gravitation\".", "mentions": {"date_of_birth": [{"start_char": 32, "end_char": 46, "uri": "1941-03-29T00:00:00Z^^http://www.w3.org/2001/XMLSchema#dateTime"}], "date_of_death": [], "field_of_work": [], "country": [{"start_char": 55, "end_char": 63, "uri": "http://www.wikidata.org/entity/Q30"}]}, "mentions_same_attribute_class": {"date_of_birth": [], "date_of_death": [], "field_of_work": [], "country": []}}