{"id": "Q192712", "text": "Kai Manne B\u00f6rje Siegbahn (20 April 1918 \u2013 20 July 2007) was a Swedish physicist. Siegbahn was born in Lund, Sweden, son of Manne Siegbahn the 1924 physics Nobel Prize winner. Siegbahn earned his doctorate at the University of Stockholm in 1944. He was professor at the Royal Institute of Technology 1951\u20131954, and then professor of experimental physics at Uppsala University 1954\u20131984, which was the same chair his father had held. He shared the 1981 Nobel Prize in Physics with Nicolaas Bloembergen and Arthur Schawlow for their work in laser spectroscopy. Siegbahn obtained the Nobel Prize for developing the method of Electron Spectroscopy for Chemical Analysis (ESCA), now usually described as X-ray photoelectron spectroscopy (XPS). At the time of his death he was still active as a scientist at the \u00c5ngstr\u00f6m Laboratory at Uppsala University.", "mentions": {"date_of_birth": [{"start_char": 26, "end_char": 39, "uri": "1918-04-20T00:00:00Z^^http://www.w3.org/2001/XMLSchema#dateTime"}], "date_of_death": [{"start_char": 42, "end_char": 54, "uri": "2007-07-20T00:00:00Z^^http://www.w3.org/2001/XMLSchema#dateTime"}], "field_of_work": [], "country": [{"start_char": 62, "end_char": 69, "uri": "http://www.wikidata.org/entity/Q34"}]}, "mentions_same_attribute_class": {"date_of_birth": [], "date_of_death": [], "field_of_work": [], "country": []}}