{"id": "Q192106", "text": "Burton Richter (born March 22, 1931) is a Nobel Prize-winning American physicist. He led the Stanford Linear Accelerator Center (SLAC) team which co-discovered the J/\u03c8 meson in 1974, alongside the Brookhaven National Laboratory (BNL) team led by Samuel Ting. This discovery was part of the so-called November Revolution of particle physics. He was the SLAC director from 1984 to 1999.", "mentions": {"date_of_birth": [{"start_char": 21, "end_char": 35, "uri": "1931-03-22T00:00:00Z^^http://www.w3.org/2001/XMLSchema#dateTime"}, {"start_char": 21, "end_char": 35, "uri": "1931-03-22T00:00:00Z^^http://www.w3.org/2001/XMLSchema#dateTime"}], "date_of_death": [], "field_of_work": [], "country": [{"start_char": 62, "end_char": 70, "uri": "http://www.wikidata.org/entity/Q30"}, {"start_char": 62, "end_char": 70, "uri": "http://www.wikidata.org/entity/Q30"}]}, "mentions_same_attribute_class": {"date_of_birth": [], "date_of_death": [], "field_of_work": [], "country": []}}