{"id": "Q192715", "text": "Samuel Chao Chung Ting (Chinese: \u4e01\u8087\u4e2d; pinyin: D\u012bng Zh\u00e0ozh\u014dng; Wade\u2013Giles: Ting Chao-chung) (born January 27, 1936) is an American physicist who received the Nobel Prize in 1976, with Burton Richter, for discovering the subatomic J/\u03c8 particle. He is the principal investigator for the international $1.5 billion Alpha Magnetic Spectrometer experiment which was installed on the International Space Station on 19 May 2011.", "mentions": {"date_of_birth": [{"start_char": 97, "end_char": 113, "uri": "1936-01-27T00:00:00Z^^http://www.w3.org/2001/XMLSchema#dateTime"}, {"start_char": 97, "end_char": 113, "uri": "1936-01-27T00:00:00Z^^http://www.w3.org/2001/XMLSchema#dateTime"}], "date_of_death": [], "field_of_work": [], "country": [{"start_char": 121, "end_char": 129, "uri": "http://www.wikidata.org/entity/Q30"}, {"start_char": 121, "end_char": 129, "uri": "http://www.wikidata.org/entity/Q30"}]}, "mentions_same_attribute_class": {"date_of_birth": [], "date_of_death": [], "field_of_work": [], "country": []}}