{"id": "Q192708", "text": "Robert Coleman Richardson (June 26, 1937 \u2013 February 19, 2013) was an American experimental physicist whose area of research included sub-millikelvin temperature studies of helium-3. Richardson, along with David Lee, as senior researchers, and then graduate student Douglas Osheroff, shared the 1996 Nobel Prize in Physics for their 1972 discovery of the property of superfluidity in helium-3 atoms in the Cornell University Laboratory of Atomic and Solid State Physics. Richardson was born in Washington D.C. He went to high school at Washington-Lee in Arlington, Virginia. He later described Washington-Lee's biology and physics courses as \"very old-fashioned\" for the time. \"The idea of 'advanced placement' had not yet been invented,\" he wrote in his Nobel Prize autobiography. He took his first calculus course when he was a sophomore in college. Richardson attended Virginia Tech and received a B.S. in 1958 and a M.S. in 1960. He received his PhD from Duke University in 1965. At the time of his death, he was the Floyd Newman Professor of Physics at Cornell University, although he no longer operated a laboratory. From 1998 to 2007 he served as Cornell's vice provost for research, and from 2007 to 2009 was senior science adviser to the president and provost. His past experimental work focused on using Nuclear Magnetic Resonance to study the quantum properties of liquids and solids at extremely low temperatures. Richardson was an Eagle Scout, and mentioned the scouting activities of his youth in the biography he submitted to the Nobel Foundation at the time of his award.", "mentions": {"date_of_birth": [{"start_char": 27, "end_char": 40, "uri": "1937-06-26T00:00:00Z^^http://www.w3.org/2001/XMLSchema#dateTime"}, {"start_char": 27, "end_char": 40, "uri": "1937-06-26T00:00:00Z^^http://www.w3.org/2001/XMLSchema#dateTime"}], "date_of_death": [{"start_char": 43, "end_char": 60, "uri": "2013-02-19T00:00:00Z^^http://www.w3.org/2001/XMLSchema#dateTime"}, {"start_char": 43, "end_char": 60, "uri": "2013-02-19T00:00:00Z^^http://www.w3.org/2001/XMLSchema#dateTime"}], "field_of_work": [], "country": [{"start_char": 69, "end_char": 77, "uri": "http://www.wikidata.org/entity/Q30"}, {"start_char": 69, "end_char": 77, "uri": "http://www.wikidata.org/entity/Q30"}]}, "mentions_same_attribute_class": {"date_of_birth": [], "date_of_death": [], "field_of_work": [], "country": []}}