{"id": "Q192689", "text": "Bertram Neville Brockhouse, CC FRSC FRS (July 15, 1918 \u2013 October 13, 2003) was a Canadian physicist. He was awarded the Nobel Prize in Physics (1994, shared with Clifford Shull) \"for pioneering contributions to the development of neutron scattering techniques for studies of condensed matter\", in particular \"for the development of neutron spectroscopy\".", "mentions": {"date_of_birth": [{"start_char": 41, "end_char": 54, "uri": "1918-07-15T00:00:00Z^^http://www.w3.org/2001/XMLSchema#dateTime"}, {"start_char": 41, "end_char": 54, "uri": "1918-07-15T00:00:00Z^^http://www.w3.org/2001/XMLSchema#dateTime"}], "date_of_death": [{"start_char": 57, "end_char": 73, "uri": "2003-10-13T00:00:00Z^^http://www.w3.org/2001/XMLSchema#dateTime"}, {"start_char": 57, "end_char": 73, "uri": "2003-10-13T00:00:00Z^^http://www.w3.org/2001/XMLSchema#dateTime"}], "field_of_work": [], "country": [{"start_char": 81, "end_char": 89, "uri": "http://www.wikidata.org/entity/Q16"}, {"start_char": 81, "end_char": 89, "uri": "http://www.wikidata.org/entity/Q16"}]}, "mentions_same_attribute_class": {"date_of_birth": [], "date_of_death": [], "field_of_work": [], "country": []}}