{"id": "Q193503", "text": "Kenneth Geddes Wilson (June 8, 1936 \u2013 June 15, 2013) was an American theoretical physicist and a pioneer in leveraging computers for studying particle physics. He was awarded the 1982 Nobel Prize in Physics for his work on phase transitions\u2014illuminating the subtle essence of phenomena like melting ice and emerging magnetism. It was embodied in his fundamental work on the renormalization group.", "mentions": {"date_of_birth": [{"start_char": 23, "end_char": 35, "uri": "1936-06-08T00:00:00Z^^http://www.w3.org/2001/XMLSchema#dateTime"}, {"start_char": 23, "end_char": 35, "uri": "1936-06-08T00:00:00Z^^http://www.w3.org/2001/XMLSchema#dateTime"}], "date_of_death": [{"start_char": 38, "end_char": 51, "uri": "2013-06-15T00:00:00Z^^http://www.w3.org/2001/XMLSchema#dateTime"}, {"start_char": 38, "end_char": 51, "uri": "2013-06-15T00:00:00Z^^http://www.w3.org/2001/XMLSchema#dateTime"}], "field_of_work": [], "country": [{"start_char": 60, "end_char": 68, "uri": "http://www.wikidata.org/entity/Q30"}, {"start_char": 60, "end_char": 68, "uri": "http://www.wikidata.org/entity/Q30"}]}, "mentions_same_attribute_class": {"date_of_birth": [], "date_of_death": [], "field_of_work": [], "country": []}}