{"id": "Q193655", "text": "John Hasbrouck Van Vleck (March 13, 1899 \u2013 October 27, 1980) was an American physicist and mathematician, co-awarded the 1977 Nobel Prize in Physics, for his contributions to the understanding of the behavior of electrons in magnetic solids.", "mentions": {"date_of_birth": [{"start_char": 26, "end_char": 40, "uri": "1899-03-13T00:00:00Z^^http://www.w3.org/2001/XMLSchema#dateTime"}, {"start_char": 26, "end_char": 40, "uri": "1899-03-13T00:00:00Z^^http://www.w3.org/2001/XMLSchema#dateTime"}], "date_of_death": [{"start_char": 43, "end_char": 59, "uri": "1980-10-27T00:00:00Z^^http://www.w3.org/2001/XMLSchema#dateTime"}, {"start_char": 43, "end_char": 59, "uri": "1980-10-27T00:00:00Z^^http://www.w3.org/2001/XMLSchema#dateTime"}], "field_of_work": [], "country": [{"start_char": 68, "end_char": 76, "uri": "http://www.wikidata.org/entity/Q30"}, {"start_char": 68, "end_char": 76, "uri": "http://www.wikidata.org/entity/Q30"}]}, "mentions_same_attribute_class": {"date_of_birth": [], "date_of_death": [], "field_of_work": [], "country": []}}