{"id": "Q193496", "text": "James Watson Cronin (born September 29, 1931) is an American nuclear physicist. Cronin was born in Chicago, Illinois and attended Southern Methodist University in Dallas, Texas. Cronin and co-researcher Val Logsdon Fitch were awarded the 1980 Nobel Prize in Physics for a 1964 experiment that proved that certain subatomic reactions do not adhere to fundamental symmetry principles. Specifically, they proved, by examining the decay of kaons, that a reaction run in reverse does not merely retrace the path of the original reaction, which showed that the interactions of subatomic particles are not indifferent to time. Thus the phenomenon of CP violation was discovered. Cronin received the Ernest Orlando Lawrence Award in 1976 for major experimental contributions to particle physics including fundamental work on weak interactions culminating in the discovery of asymmetry under time reversal. In 1999, he was awarded the National Medal of Science. Cronin is Professor Emeritus at the University of Chicago and a spokesperson emeritus for the Auger project. Cronin is a member of the Board of Sponsors of the Bulletin of the Atomic Scientists.", "mentions": {"date_of_birth": [{"start_char": 26, "end_char": 44, "uri": "1931-09-29T00:00:00Z^^http://www.w3.org/2001/XMLSchema#dateTime"}, {"start_char": 26, "end_char": 44, "uri": "1931-09-29T00:00:00Z^^http://www.w3.org/2001/XMLSchema#dateTime"}], "date_of_death": [], "field_of_work": [], "country": [{"start_char": 52, "end_char": 60, "uri": "http://www.wikidata.org/entity/Q30"}, {"start_char": 52, "end_char": 60, "uri": "http://www.wikidata.org/entity/Q30"}]}, "mentions_same_attribute_class": {"date_of_birth": [], "date_of_death": [], "field_of_work": [], "country": []}}