{"id": "Q201470", "text": "Richard Edward Taylor, CC FRS FRSC (born November 2, 1929 in Medicine Hat, Alberta) is a Nobel Prize\u2013winning professor emeritus at Stanford University. In 1990, he shared the Nobel Prize in Physics with Jerome Friedman and Henry Kendall \"for their pioneering investigations concerning deep inelastic scattering of electrons on protons and bound neutrons, which have been of essential importance for the development of the quark model in particle physics.\"", "mentions": {"date_of_birth": [{"start_char": 41, "end_char": 57, "uri": "1929-11-02T00:00:00Z^^http://www.w3.org/2001/XMLSchema#dateTime"}], "date_of_death": [], "field_of_work": [], "country": []}, "mentions_same_attribute_class": {"date_of_birth": [], "date_of_death": [], "field_of_work": [], "country": []}}