{"id": "Q201853", "text": "David Morris Lee (born January 20, 1931) is an American physicist who shared the 1996 Nobel Prize in Physics with Robert C. Richardson and Douglas Osheroff \"for their discovery of superfluidity in helium-3.\"", "mentions": {"date_of_birth": [{"start_char": 23, "end_char": 39, "uri": "1931-01-20T00:00:00Z^^http://www.w3.org/2001/XMLSchema#dateTime"}], "date_of_death": [], "field_of_work": [], "country": [{"start_char": 47, "end_char": 55, "uri": "http://www.wikidata.org/entity/Q30"}]}, "mentions_same_attribute_class": {"date_of_birth": [], "date_of_death": [], "field_of_work": [], "country": []}}