{"id": "Q201452", "text": "Brian Paul Schmidt AC, FRS, FAA (born February 24, 1967) is the Vice-Chancellor of The Australian National University (ANU). He was previously a Distinguished Professor, Australian Research Council Laureate Fellow and astrophysicist at the University's Mount Stromlo Observatory and Research School of Astronomy and Astrophysics and he is known for his research in using supernovae as cosmological probes. He currently holds an Australia Research Council Federation Fellowship and was elected a Fellow of the Royal Society (FRS) in 2012. Schmidt shared both the 2006 Shaw Prize in Astronomy and the 2011 Nobel Prize in Physics with Saul Perlmutter and Adam Riess for providing evidence that the expansion of the universe is accelerating, making him the only Montana-born Nobel laureate. In June 2015, his appointment as the next Vice-Chancellor of the Australian National University, commencing in January 2016, was announced.", "mentions": {"date_of_birth": [{"start_char": 38, "end_char": 55, "uri": "1967-02-24T00:00:00Z^^http://www.w3.org/2001/XMLSchema#dateTime"}], "date_of_death": [], "field_of_work": [{"start_char": 218, "end_char": 232, "uri": "http://www.wikidata.org/entity/Q37547"}, {"start_char": 316, "end_char": 328, "uri": "http://www.wikidata.org/entity/Q37547"}, {"start_char": 218, "end_char": 232, "uri": "http://www.wikidata.org/entity/Q37547"}, {"start_char": 316, "end_char": 328, "uri": "http://www.wikidata.org/entity/Q37547"}], "country": [{"start_char": 428, "end_char": 437, "uri": "http://www.wikidata.org/entity/Q408"}, {"start_char": 428, "end_char": 437, "uri": "http://www.wikidata.org/entity/Q408"}]}, "mentions_same_attribute_class": {"date_of_birth": [], "date_of_death": [], "field_of_work": [], "country": []}}