{"id": "Q201506", "text": "Clifford Glenwood Shull (Pittsburgh, Pennsylvania, September 23, 1915 \u2013 March 31, 2001) was a Nobel Prize-winning American physicist.", "mentions": {"date_of_birth": [{"start_char": 51, "end_char": 69, "uri": "1915-09-23T00:00:00Z^^http://www.w3.org/2001/XMLSchema#dateTime"}], "date_of_death": [{"start_char": 72, "end_char": 86, "uri": "2001-03-31T00:00:00Z^^http://www.w3.org/2001/XMLSchema#dateTime"}], "field_of_work": [], "country": [{"start_char": 114, "end_char": 122, "uri": "http://www.wikidata.org/entity/Q30"}]}, "mentions_same_attribute_class": {"date_of_birth": [], "date_of_death": [], "field_of_work": [], "country": []}}