{"id": "Q202138", "text": "Daniel Chee Tsui (Chinese: \u5d14\u7426; pinyin: Cu\u012b Q\u00ed, born February 28, 1939, Henan Province, China) is a Chinese-born American physicist whose areas of research included electrical properties of thin films and microstructures of semiconductors and solid-state physics. He was previously the Arthur LeGrand Doty Professor of Electrical Engineering at Princeton University and adjunct senior research scientist in the Department of Physics at Columbia University, where he was a visiting professor from 2006 to 2008. Currently, he is a research professor at Boston University. In 1998, along with Horst L. St\u00f6rmer of Columbia and Robert Laughlin of Stanford, Tsui was awarded the Nobel Prize in Physics for his contributions to the discovery of the fractional quantum Hall effect.", "mentions": {"date_of_birth": [{"start_char": 52, "end_char": 69, "uri": "1939-02-28T00:00:00Z^^http://www.w3.org/2001/XMLSchema#dateTime"}, {"start_char": 52, "end_char": 69, "uri": "1939-02-28T00:00:00Z^^http://www.w3.org/2001/XMLSchema#dateTime"}], "date_of_death": [], "field_of_work": [{"start_char": 424, "end_char": 431, "uri": "http://www.wikidata.org/entity/Q413"}, {"start_char": 424, "end_char": 431, "uri": "http://www.wikidata.org/entity/Q413"}], "country": [{"start_char": 112, "end_char": 120, "uri": "http://www.wikidata.org/entity/Q30"}, {"start_char": 112, "end_char": 120, "uri": "http://www.wikidata.org/entity/Q30"}]}, "mentions_same_attribute_class": {"date_of_birth": [], "date_of_death": [], "field_of_work": [], "country": []}}