{"id": "Q202164", "text": "Makoto Kobayashi (\u5c0f\u6797 \u8aa0 Kobayashi Makoto) (born April 7, 1944 in Nagoya, Japan) is a Japanese physicist known for his work on CP-violation who was awarded one fourth of the 2008 Nobel Prize in Physics \"for the discovery of the origin of the broken symmetry which predicts the existence of at least three families of quarks in nature.\"", "mentions": {"date_of_birth": [{"start_char": 47, "end_char": 60, "uri": "1944-04-07T00:00:00Z^^http://www.w3.org/2001/XMLSchema#dateTime"}, {"start_char": 47, "end_char": 60, "uri": "1944-04-07T00:00:00Z^^http://www.w3.org/2001/XMLSchema#dateTime"}], "date_of_death": [], "field_of_work": [], "country": [{"start_char": 72, "end_char": 77, "uri": "http://www.wikidata.org/entity/Q17"}, {"start_char": 72, "end_char": 77, "uri": "http://www.wikidata.org/entity/Q17"}]}, "mentions_same_attribute_class": {"date_of_birth": [], "date_of_death": [], "field_of_work": [], "country": []}}