{"id": "Q202168", "text": "Toshihide Maskawa (or Masukawa) (\u76ca\u5ddd \u654f\u82f1 Masukawa Toshihide, born February 7, 1940 in Nagoya, Japan) is a Japanese theoretical physicist known for his work on CP-violation who was awarded one quarter of the 2008 Nobel Prize in Physics \"for the discovery of the origin of the broken symmetry which predicts the existence of at least three families of quarks in nature.\"", "mentions": {"date_of_birth": [], "date_of_death": [], "field_of_work": [], "country": [{"start_char": 92, "end_char": 97, "uri": "http://www.wikidata.org/entity/Q17"}, {"start_char": 92, "end_char": 97, "uri": "http://www.wikidata.org/entity/Q17"}]}, "mentions_same_attribute_class": {"date_of_birth": [], "date_of_death": [], "field_of_work": [], "country": []}}