{"id": "Q202149", "text": "Martinus Justinus Godefriedus \"Tini\" Veltman ([\u02c8v\u025bltm\u0251n]; born June 27, 1931) is a Dutch theoretical physicist. He shared the 1999 Nobel Prize in physics with his former student Gerardus 't Hooft for their work on particle theory.", "mentions": {"date_of_birth": [{"start_char": 63, "end_char": 76, "uri": "1931-06-27T00:00:00Z^^http://www.w3.org/2001/XMLSchema#dateTime"}], "date_of_death": [], "field_of_work": [], "country": []}, "mentions_same_attribute_class": {"date_of_birth": [], "date_of_death": [], "field_of_work": [], "country": []}}