{"id": "Q206390", "text": "John Lewis \"Jan\" Hall (born August 21, 1934) is an American physicist, and Nobel laureate in physics. He shared one fourth of the 2005 Nobel Prize in Physics with Theodor W. H\u00e4nsch and Roy Glauber for his work in precision spectroscopy.", "mentions": {"date_of_birth": [{"start_char": 28, "end_char": 43, "uri": "1934-08-21T00:00:00Z^^http://www.w3.org/2001/XMLSchema#dateTime"}], "date_of_death": [], "field_of_work": [], "country": [{"start_char": 51, "end_char": 59, "uri": "http://www.wikidata.org/entity/Q30"}]}, "mentions_same_attribute_class": {"date_of_birth": [], "date_of_death": [], "field_of_work": [], "country": []}}