{"id": "Q206405", "text": "Douglas Dean Osheroff (born August 1, 1945) is a physicist known for his work in experimental condensed matter physics, in particular for his co-discovery of superfluidity in Helium-3. For his contributions he shared the 1996 Nobel Prize in Physics along with David Lee and Robert C. Richardson.", "mentions": {"date_of_birth": [{"start_char": 28, "end_char": 42, "uri": "1945-08-01T00:00:00Z^^http://www.w3.org/2001/XMLSchema#dateTime"}], "date_of_death": [], "field_of_work": [], "country": []}, "mentions_same_attribute_class": {"date_of_birth": [], "date_of_death": [], "field_of_work": [], "country": []}}