{"id": "Q206379", "text": "Carl Edwin Wieman (born March 26, 1951) is an American physicist and educationist at Stanford University and recipient of the Nobel Prize in Physics at the University of Colorado for the production, in 1995 with Eric Allin Cornell and Wolfgang Ketterle, of the first true Bose\u2013Einstein condensate.", "mentions": {"date_of_birth": [{"start_char": 24, "end_char": 38, "uri": "1951-03-26T00:00:00Z^^http://www.w3.org/2001/XMLSchema#dateTime"}, {"start_char": 24, "end_char": 38, "uri": "1951-03-26T00:00:00Z^^http://www.w3.org/2001/XMLSchema#dateTime"}], "date_of_death": [], "field_of_work": [], "country": [{"start_char": 46, "end_char": 54, "uri": "http://www.wikidata.org/entity/Q30"}, {"start_char": 46, "end_char": 54, "uri": "http://www.wikidata.org/entity/Q30"}]}, "mentions_same_attribute_class": {"date_of_birth": [], "date_of_death": [], "field_of_work": [], "country": []}}