{"id": "Q2128461", "text": "Rainer (Rai) Weiss (born September 29, 1932) is a professor of physics emeritus at MIT. He is best known for inventing the laser interferometric technique which is the basic operation of LIGO. Rainer Weiss is Chair of the COBE Science Working Group.", "mentions": {"date_of_birth": [{"start_char": 25, "end_char": 43, "uri": "1932-09-29T00:00:00Z^^http://www.w3.org/2001/XMLSchema#dateTime"}], "date_of_death": [], "field_of_work": [{"start_char": 63, "end_char": 70, "uri": "http://www.wikidata.org/entity/Q413"}], "country": []}, "mentions_same_attribute_class": {"date_of_birth": [], "date_of_death": [], "field_of_work": [], "country": []}}