{"id": "Q28189", "text": "Mohammad Abdus Salam NI, SPk, KBE (Punjabi, Urdu: \u0645\u062d\u0645\u062f \u0639\u0628\u062f \u0627\u0644\u0633\u0644\u0627\u0645; [\u0259bd\u032a\u028as s\u0259l\u0251m]; 29 January 1926 \u2013 21 November 1996), was a Pakistani theoretical physicist. Salam, a major figure in 20th century theoretical physics, shared the 1979 Nobel Prize in Physics with Sheldon Glashow and Steven Weinberg for his contribution to the landmark electroweak unification. He was the first Pakistani to receive a Nobel Prize in science and the second of an Islamic country after Muslim Nobel Laureate (after Anwar Sadat of Egypt) . Salam was a top level science advisor to the Government of Pakistan from 1960 to 1974, a position from which he played a major and influential role in the development of the country's science infrastructure. Salam was responsible not only for contributing to major developments in theoretical and particle physics, but also for promoting the broadening and deepening of high calibre scientific research in his country. He was the founding director of the Space and Upper Atmosphere Research Commission (SUPARCO), and responsible for the establishment of the Theoretical Physics Group (TPG) in the Pakistan Atomic Energy Commission (PAEC). As Science Advisor, Salam played an integral role in Pakistan's development of the peaceful use of nuclear energy, and may have contributed as well to development of atomic bomb project of Pakistan in 1972; for this, he is viewed as the \"scientific father\" of this programme. In 1974, Abdus Salam departed from his country, in protest, after the Pakistan Parliament passed a controversial parliamentary bill declaring the Ahmadiyya Community as not-Islamic. In 1998, following the country's nuclear tests, the Government of Pakistan issued a commemorative stamp, as a part of \"Scientists of Pakistan\", to honour the services of Salam. Salam's major and notable achievements include the Pati\u2013Salam model, magnetic photon, vector meson, Grand Unified Theory, work on supersymmetry and, most importantly, electroweak theory, for which he was awarded the most prestigious award in physics \u2013 the Nobel Prize. Salam made a major contribution in quantum field theory and in the advancement of Mathematics at Imperial College London. With his student, Riazuddin, Salam made important contributions to the modern theory on neutrinos, neutron stars and black holes, as well as the work on modernising the quantum mechanics and quantum field theory. As a teacher and science promoter, Salam is remembered as a founder and scientific father of mathematical and theoretical physics in Pakistan during his term as the chief scientific advisor to the president. Salam heavily contributed to the rise of Pakistani physics to the physics community in the world. Even until shortly before his death, Salam continued to contribute to physics and tirelessly to advocate for the development of science in Third-World countries.", "mentions": {"date_of_birth": [{"start_char": 83, "end_char": 98, "uri": "1926-01-29T00:00:00Z^^http://www.w3.org/2001/XMLSchema#dateTime"}, {"start_char": 83, "end_char": 98, "uri": "1926-01-29T00:00:00Z^^http://www.w3.org/2001/XMLSchema#dateTime"}], "date_of_death": [{"start_char": 101, "end_char": 117, "uri": "1996-11-21T00:00:00Z^^http://www.w3.org/2001/XMLSchema#dateTime"}, {"start_char": 101, "end_char": 117, "uri": "1996-11-21T00:00:00Z^^http://www.w3.org/2001/XMLSchema#dateTime"}], "field_of_work": [{"start_char": 2097, "end_char": 2117, "uri": "http://www.wikidata.org/entity/Q54505"}, {"start_char": 2375, "end_char": 2395, "uri": "http://www.wikidata.org/entity/Q54505"}], "country": []}, "mentions_same_attribute_class": {"date_of_birth": [], "date_of_death": [], "field_of_work": [], "country": []}}