{"id": "Q323320", "text": "Kip Stephen Thorne, (born June 1, 1940) is an American theoretical physicist, known for his contributions in gravitational physics and astrophysics. A longtime friend and colleague of Stephen Hawking and Carl Sagan, he was the Feynman Professor of Theoretical Physics at the California Institute of Technology (Caltech) until 2009 and is one of the world's leading experts on the astrophysical implications of Einstein's general theory of relativity. He continues to do scientific research and acted as a scientific consultant in the science fiction film Interstellar.", "mentions": {"date_of_birth": [{"start_char": 26, "end_char": 38, "uri": "1940-06-01T00:00:00Z^^http://www.w3.org/2001/XMLSchema#dateTime"}, {"start_char": 26, "end_char": 38, "uri": "1940-06-01T00:00:00Z^^http://www.w3.org/2001/XMLSchema#dateTime"}], "date_of_death": [], "field_of_work": [], "country": [{"start_char": 46, "end_char": 54, "uri": "http://www.wikidata.org/entity/Q30"}, {"start_char": 46, "end_char": 54, "uri": "http://www.wikidata.org/entity/Q30"}]}, "mentions_same_attribute_class": {"date_of_birth": [], "date_of_death": [], "field_of_work": [], "country": []}}