{"id": "Q35149", "text": "Wilhelm Conrad R\u00f6ntgen (/\u02c8r\u025bnt\u0261\u0259n, -d\u0292\u0259n, \u02c8r\u028cnt-/; [\u02c8v\u026alh\u025blm \u02c8\u0281\u0153nt\u0261\u0259n]; 27 March 1845 \u2013 10 February 1923) was a German physicist, who, on 8 November 1895, produced and detected electromagnetic radiation in a wavelength range known as X-rays or R\u00f6ntgen rays, an achievement that earned him the first Nobel Prize in Physics in 1901. In honour of his accomplishments, in 2004 the International Union of Pure and Applied Chemistry (IUPAC) named element 111, roentgenium, a radioactive element with multiple unstable isotopes, after him.", "mentions": {"date_of_birth": [{"start_char": 72, "end_char": 85, "uri": "1845-03-27T00:00:00Z^^http://www.w3.org/2001/XMLSchema#dateTime"}], "date_of_death": [{"start_char": 88, "end_char": 104, "uri": "1923-02-10T00:00:00Z^^http://www.w3.org/2001/XMLSchema#dateTime"}], "field_of_work": [], "country": []}, "mentions_same_attribute_class": {"date_of_birth": [], "date_of_death": [], "field_of_work": [], "country": []}}