{"id": "Q36488", "text": "Guglielmo Marconi, 1st Marquis of Marconi ([\u0261u\u028e\u02c8\u028e\u025blmo mar\u02c8ko\u02d0ni]; 25 April 1874 \u2013 20 July 1937) was an Italian inventor and electrical engineer, known for his pioneering work on long-distance radio transmission and for his development of Marconi's law and a radio telegraph system. He is often credited as the inventor of radio, and he shared the 1909 Nobel Prize in Physics with Karl Ferdinand Braun \"in recognition of their contributions to the development of wireless telegraphy\". An entrepreneur, businessman, and founder in Britain in 1897 of The Wireless Telegraph & Signal Company (which became the Marconi Company), Marconi succeeded in making a commercial success of radio by innovating and building on the work of previous experimenters and physicists. In 1929 the King of Italy ennobled Marconi as a Marchese (marquis).", "mentions": {"date_of_birth": [{"start_char": 66, "end_char": 79, "uri": "1874-04-25T00:00:00Z^^http://www.w3.org/2001/XMLSchema#dateTime"}, {"start_char": 66, "end_char": 79, "uri": "1874-04-25T00:00:00Z^^http://www.w3.org/2001/XMLSchema#dateTime"}, {"start_char": 66, "end_char": 79, "uri": "1874-04-25T00:00:00Z^^http://www.w3.org/2001/XMLSchema#dateTime"}, {"start_char": 66, "end_char": 79, "uri": "1874-04-25T00:00:00Z^^http://www.w3.org/2001/XMLSchema#dateTime"}], "date_of_death": [{"start_char": 82, "end_char": 94, "uri": "1937-07-20T00:00:00Z^^http://www.w3.org/2001/XMLSchema#dateTime"}, {"start_char": 82, "end_char": 94, "uri": "1937-07-20T00:00:00Z^^http://www.w3.org/2001/XMLSchema#dateTime"}, {"start_char": 82, "end_char": 94, "uri": "1937-07-20T00:00:00Z^^http://www.w3.org/2001/XMLSchema#dateTime"}, {"start_char": 82, "end_char": 94, "uri": "1937-07-20T00:00:00Z^^http://www.w3.org/2001/XMLSchema#dateTime"}], "field_of_work": [], "country": []}, "mentions_same_attribute_class": {"date_of_birth": [], "date_of_death": [], "field_of_work": [], "country": []}}