{"id": "Q37463", "text": "Pierre Curie (/\u02c8kj\u028ari, kj\u028a\u02c8ri\u02d0/; [ky\u0281i]; 15 May 1859 \u2013 19 April 1906) was a French physicist, a pioneer in crystallography, magnetism, piezoelectricity and radioactivity. In 1903 he received the Nobel Prize in Physics with his wife, Marie Sk\u0142odowska-Curie, and Henri Becquerel, \"in recognition of the extraordinary services they have rendered by their joint researches on the radiation phenomena discovered by Professor Henri Becquerel\".", "mentions": {"date_of_birth": [{"start_char": 41, "end_char": 52, "uri": "1859-05-15T00:00:00Z^^http://www.w3.org/2001/XMLSchema#dateTime"}, {"start_char": 41, "end_char": 52, "uri": "1859-05-15T00:00:00Z^^http://www.w3.org/2001/XMLSchema#dateTime"}], "date_of_death": [{"start_char": 55, "end_char": 68, "uri": "1906-04-19T00:00:00Z^^http://www.w3.org/2001/XMLSchema#dateTime"}, {"start_char": 55, "end_char": 68, "uri": "1906-04-19T00:00:00Z^^http://www.w3.org/2001/XMLSchema#dateTime"}], "field_of_work": [], "country": []}, "mentions_same_attribute_class": {"date_of_birth": [], "date_of_death": [], "field_of_work": [], "country": []}}