{"id": "Q39246", "text": "Richard Phillips Feynman, (/\u02c8fa\u026anm\u0259n/; May 11, 1918 \u2013 February 15, 1988) was an American theoretical physicist known for his work in the path integral formulation of quantum mechanics, the theory of quantum electrodynamics, and the physics of the superfluidity of supercooled liquid helium, as well as in particle physics for which he proposed the parton model. For his contributions to the development of quantum electrodynamics, Feynman, jointly with Julian Schwinger and Sin-Itiro Tomonaga, received the Nobel Prize in Physics in 1965. He developed a widely used pictorial representation scheme for the mathematical expressions governing the behavior of subatomic particles, which later became known as Feynman diagrams. During his lifetime, Feynman became one of the best-known scientists in the world. In a 1999 poll of 130 leading physicists worldwide by the British journal Physics World he was ranked as one of the ten greatest physicists of all time. He assisted in the development of the atomic bomb during World War II and became known to a wide public in the 1980s as a member of the Rogers Commission, the panel that investigated the Space Shuttle Challenger disaster. In addition to his work in theoretical physics, Feynman has been credited with pioneering the field of quantum computing, and introducing the concept of nanotechnology. He held the Richard C. Tolman professorship in theoretical physics at the California Institute of Technology. Feynman was a keen popularizer of physics through both books and lectures, including a 1959 talk on top-down nanotechnology called There's Plenty of Room at the Bottom, and the three-volume publication of his undergraduate lectures, The Feynman Lectures on Physics. Feynman also became known through his semi-autobiographical books Surely You're Joking, Mr. Feynman! and What Do You Care What Other People Think? and books written about him, such as Tuva or Bust! and Genius: The Life and Science of Richard Feynman by James Gleick.", "mentions": {"date_of_birth": [{"start_char": 39, "end_char": 51, "uri": "1918-05-11T00:00:00Z^^http://www.w3.org/2001/XMLSchema#dateTime"}, {"start_char": 39, "end_char": 51, "uri": "1918-05-11T00:00:00Z^^http://www.w3.org/2001/XMLSchema#dateTime"}], "date_of_death": [{"start_char": 54, "end_char": 71, "uri": "1988-02-15T00:00:00Z^^http://www.w3.org/2001/XMLSchema#dateTime"}, {"start_char": 54, "end_char": 71, "uri": "1988-02-15T00:00:00Z^^http://www.w3.org/2001/XMLSchema#dateTime"}], "field_of_work": [{"start_char": 199, "end_char": 222, "uri": "http://www.wikidata.org/entity/Q234881"}, {"start_char": 305, "end_char": 321, "uri": "http://www.wikidata.org/entity/Q18334"}, {"start_char": 406, "end_char": 429, "uri": "http://www.wikidata.org/entity/Q234881"}, {"start_char": 199, "end_char": 222, "uri": "http://www.wikidata.org/entity/Q234881"}, {"start_char": 305, "end_char": 321, "uri": "http://www.wikidata.org/entity/Q18334"}, {"start_char": 406, "end_char": 429, "uri": "http://www.wikidata.org/entity/Q234881"}], "country": [{"start_char": 80, "end_char": 88, "uri": "http://www.wikidata.org/entity/Q30"}, {"start_char": 80, "end_char": 88, "uri": "http://www.wikidata.org/entity/Q30"}]}, "mentions_same_attribute_class": {"date_of_birth": [], "date_of_death": [], "field_of_work": [], "country": []}}