{"id": "Q40262", "text": "David Jonathan Gross (born February 19, 1941) is an American particle physicist and string theorist. Along with Frank Wilczek and David Politzer, he was awarded the 2004 Nobel Prize in Physics for their discovery of asymptotic freedom. He is the former director and current holder of the Frederick W. Gluck Chair in Theoretical Physics at the Kavli Institute for Theoretical Physics of the University of California, Santa Barbara. He is also a faculty member in the UC Santa Barbara Physics Department and is currently affiliated with the Institute for Quantum Studies at Chapman University in California. He is the Foreign Member of Chinese Academy of Sciences.", "mentions": {"date_of_birth": [{"start_char": 27, "end_char": 44, "uri": "1941-02-19T00:00:00Z^^http://www.w3.org/2001/XMLSchema#dateTime"}], "date_of_death": [], "field_of_work": [], "country": [{"start_char": 52, "end_char": 60, "uri": "http://www.wikidata.org/entity/Q30"}]}, "mentions_same_attribute_class": {"date_of_birth": [], "date_of_death": [], "field_of_work": [], "country": []}}