{"id": "Q40904", "text": "Werner Karl Heisenberg ([\u02c8ha\u026az\u0259nb\u025b\u0250\u032fg]; 5 December 1901 \u2013 1 February 1976) was a German theoretical physicist and one of the key pioneers of quantum mechanics. He published his work in 1925 in a breakthrough paper. In the subsequent series of papers with Max Born and Pascual Jordan, during the same year, this matrix formulation of quantum mechanics was substantially elaborated. In 1927 he published his uncertainty principle, upon which he built his philosophy and for which he is best known. Heisenberg was awarded the Nobel Prize in Physics for 1932 \"for the creation of quantum mechanics\". He also made important contributions to the theories of the hydrodynamics of turbulent flows, the atomic nucleus, ferromagnetism, cosmic rays, and subatomic particles, and he was instrumental in planning the first West German nuclear reactor at Karlsruhe, together with a research reactor in Munich, in 1957. Considerable controversy surrounds his work on atomic research during World War II. Following World War II, he was appointed director of the Kaiser Wilhelm Institute for Physics, which soon thereafter was renamed the Max Planck Institute for Physics. He was director of the institute until it was moved to Munich in 1958, when it was expanded and renamed the Max Planck Institute for Physics and Astrophysics. Heisenberg was also president of the German Research Council, chairman of the Commission for Atomic Physics, chairman of the Nuclear Physics Working Group, and president of the Alexander von Humboldt Foundation.", "mentions": {"date_of_birth": [{"start_char": 40, "end_char": 55, "uri": "1901-12-05T00:00:00Z^^http://www.w3.org/2001/XMLSchema#dateTime"}, {"start_char": 40, "end_char": 55, "uri": "1901-12-05T00:00:00Z^^http://www.w3.org/2001/XMLSchema#dateTime"}], "date_of_death": [{"start_char": 58, "end_char": 73, "uri": "1976-02-01T00:00:00Z^^http://www.w3.org/2001/XMLSchema#dateTime"}, {"start_char": 58, "end_char": 73, "uri": "1976-02-01T00:00:00Z^^http://www.w3.org/2001/XMLSchema#dateTime"}], "field_of_work": [{"start_char": 88, "end_char": 109, "uri": "http://www.wikidata.org/entity/Q18362"}, {"start_char": 88, "end_char": 109, "uri": "http://www.wikidata.org/entity/Q18362"}], "country": [{"start_char": 810, "end_char": 821, "uri": "http://www.wikidata.org/entity/Q713750"}, {"start_char": 810, "end_char": 821, "uri": "http://www.wikidata.org/entity/Q713750"}]}, "mentions_same_attribute_class": {"date_of_birth": [], "date_of_death": [], "field_of_work": [], "country": []}}