{"id": "Q41269", "text": "Antoine Henri Becquerel (15 December 1852 \u2013 25 August 1908) was a physicist, Nobel laureate, and the discoverer of radioactivity. For work in this field he, along with Marie Sk\u0142odowska-Curie and Pierre Curie, received the 1903 Nobel Prize in Physics. The SI unit for radioactivity, the becquerel (Bq), is named after him.", "mentions": {"date_of_birth": [{"start_char": 25, "end_char": 41, "uri": "1852-12-15T00:00:00Z^^http://www.w3.org/2001/XMLSchema#dateTime"}, {"start_char": 25, "end_char": 41, "uri": "1852-12-15T00:00:00Z^^http://www.w3.org/2001/XMLSchema#dateTime"}], "date_of_death": [{"start_char": 44, "end_char": 58, "uri": "1908-08-25T00:00:00Z^^http://www.w3.org/2001/XMLSchema#dateTime"}, {"start_char": 44, "end_char": 58, "uri": "1908-08-25T00:00:00Z^^http://www.w3.org/2001/XMLSchema#dateTime"}], "field_of_work": [], "country": []}, "mentions_same_attribute_class": {"date_of_birth": [], "date_of_death": [], "field_of_work": [], "country": []}}