{"id": "Q41688", "text": "Hendrik Antoon Lorentz (18 July 1853 \u2013 4 February 1928) was a Dutch physicist who shared the 1902 Nobel Prize in Physics with Pieter Zeeman for the discovery and theoretical explanation of the Zeeman effect. He also derived the transformation equations which formed the basis of the special relativity theory of Albert Einstein. According to the biography published by the Nobel Foundation, \"It may well be said that Lorentz was regarded by all theoretical physicists as the world's leading spirit, who completed what was left unfinished by his predecessors and prepared the ground for the fruitful reception of the new ideas based on the quantum theory.\" For this he received many honours and distinctions during his life, including\u2014from 1925 to his death in 1928\u2014the role of Chairman of the exclusive International Committee on Intellectual Cooperation.", "mentions": {"date_of_birth": [{"start_char": 24, "end_char": 36, "uri": "1853-07-18T00:00:00Z^^http://www.w3.org/2001/XMLSchema#dateTime"}, {"start_char": 24, "end_char": 36, "uri": "1853-07-18T00:00:00Z^^http://www.w3.org/2001/XMLSchema#dateTime"}], "date_of_death": [{"start_char": 39, "end_char": 54, "uri": "1928-02-04T00:00:00Z^^http://www.w3.org/2001/XMLSchema#dateTime"}, {"start_char": 39, "end_char": 54, "uri": "1928-02-04T00:00:00Z^^http://www.w3.org/2001/XMLSchema#dateTime"}], "field_of_work": [{"start_char": 445, "end_char": 467, "uri": "http://www.wikidata.org/entity/Q18362"}, {"start_char": 445, "end_char": 467, "uri": "http://www.wikidata.org/entity/Q18362"}], "country": []}, "mentions_same_attribute_class": {"date_of_birth": [], "date_of_death": [], "field_of_work": [], "country": []}}