{"id": "Q44286", "text": "Rudolf Ludwig M\u00f6ssbauer (German spelling: M\u00f6\u00dfbauer; 31 January 1929 \u2013 14 September 2011) was a German physicist best known for his 1957 discovery of recoilless nuclear resonance fluorescence for which he was awarded the 1961 Nobel Prize in Physics. This effect, called the M\u00f6ssbauer effect, is the basis for M\u00f6ssbauer spectroscopy.", "mentions": {"date_of_birth": [{"start_char": 52, "end_char": 67, "uri": "1929-01-31T00:00:00Z^^http://www.w3.org/2001/XMLSchema#dateTime"}], "date_of_death": [{"start_char": 70, "end_char": 87, "uri": "2011-09-14T00:00:00Z^^http://www.w3.org/2001/XMLSchema#dateTime"}], "field_of_work": [], "country": []}, "mentions_same_attribute_class": {"date_of_birth": [], "date_of_death": [], "field_of_work": [], "country": []}}