{"id": "Q46120", "text": "William Alfred \"Willie\" Fowler (/\u02c8fa\u028al\u0259r/; August 9, 1911 \u2013 March 14, 1995) was an American nuclear physicist, later astrophysicist, who, with Subrahmanyan Chandrasekhar won the 1983 Nobel Prize in Physics.", "mentions": {"date_of_birth": [{"start_char": 43, "end_char": 57, "uri": "1911-08-09T00:00:00Z^^http://www.w3.org/2001/XMLSchema#dateTime"}], "date_of_death": [{"start_char": 60, "end_char": 74, "uri": "1995-03-14T00:00:00Z^^http://www.w3.org/2001/XMLSchema#dateTime"}], "field_of_work": [{"start_char": 117, "end_char": 131, "uri": "http://www.wikidata.org/entity/Q37547"}], "country": [{"start_char": 83, "end_char": 91, "uri": "http://www.wikidata.org/entity/Q30"}]}, "mentions_same_attribute_class": {"date_of_birth": [], "date_of_death": [], "field_of_work": [], "country": []}}