{"id": "Q47285", "text": "Sir Joseph John \"J. J.\" Thomson OM PRS (/\u02c8t\u0252ms\u0259n/; 18 December 1856 \u2013 30 August 1940) was an English physicist. He was elected as a fellow of the Royal Society of London and appointed to the Cavendish Professorship of Experimental Physics at the Cambridge University's Cavendish Laboratory in 1884. In 1897, Thomson showed that cathode rays were composed of previously unknown negatively charged particles, which he calculated must have bodies much smaller than atoms and a very large value for their charge-to-mass ratio. Thus he is credited with the discovery and identification of the electron; and with the discovery of the first subatomic particle. Thomson is also credited with finding the first evidence for isotopes of a stable (non-radioactive) element in 1913, as part of his exploration into the composition of canal rays (positive ions). His experiments to determine the nature of positively charged particles, with Francis William Aston, were the first use of mass spectrometry and led to the development of the mass spectrograph. Thomson was awarded the 1906 Nobel Prize in Physics for the discovery of the electron and for his work on the conduction of electricity in gases. Eight of his students, and his son George Paget Thomson, also became Nobel Prize winners either in physics or in chemistry (his record is comparable only to that of Arnold Sommerfeld).", "mentions": {"date_of_birth": [{"start_char": 51, "end_char": 67, "uri": "1856-12-18T00:00:00Z^^http://www.w3.org/2001/XMLSchema#dateTime"}], "date_of_death": [{"start_char": 70, "end_char": 84, "uri": "1940-08-30T00:00:00Z^^http://www.w3.org/2001/XMLSchema#dateTime"}], "field_of_work": [{"start_char": 231, "end_char": 238, "uri": "http://www.wikidata.org/entity/Q413"}, {"start_char": 231, "end_char": 238, "uri": "http://www.wikidata.org/entity/Q413"}], "country": []}, "mentions_same_attribute_class": {"date_of_birth": [], "date_of_death": [], "field_of_work": [], "country": []}}