{"id": "Q493956", "text": "Andrea Mia Ghez (born June 16, 1965) is an American astronomer and professor in the Department of Physics and Astronomy at UCLA. In 2004, Discover magazine listed Ghez as one of the top 20 scientists in the United States who have shown a high degree of understanding in their respective fields.", "mentions": {"date_of_birth": [{"start_char": 22, "end_char": 35, "uri": "1965-06-16T00:00:00Z^^http://www.w3.org/2001/XMLSchema#dateTime"}], "date_of_death": [], "field_of_work": [], "country": [{"start_char": 43, "end_char": 51, "uri": "http://www.wikidata.org/entity/Q30"}, {"start_char": 207, "end_char": 220, "uri": "http://www.wikidata.org/entity/Q30"}]}, "mentions_same_attribute_class": {"date_of_birth": [], "date_of_death": [], "field_of_work": [], "country": []}}