{"id": "Q57070", "text": "Gustav Ludwig Hertz (22 July 1887 \u2013 30 October 1975) was a German experimental physicist and Nobel Prize winner, and a nephew of Heinrich Rudolf Hertz.", "mentions": {"date_of_birth": [{"start_char": 21, "end_char": 33, "uri": "1887-07-22T00:00:00Z^^http://www.w3.org/2001/XMLSchema#dateTime"}, {"start_char": 21, "end_char": 33, "uri": "1887-07-22T00:00:00Z^^http://www.w3.org/2001/XMLSchema#dateTime"}], "date_of_death": [{"start_char": 36, "end_char": 51, "uri": "1975-10-30T00:00:00Z^^http://www.w3.org/2001/XMLSchema#dateTime"}, {"start_char": 36, "end_char": 51, "uri": "1975-10-30T00:00:00Z^^http://www.w3.org/2001/XMLSchema#dateTime"}], "field_of_work": [], "country": []}, "mentions_same_attribute_class": {"date_of_birth": [], "date_of_death": [], "field_of_work": [], "country": []}}