{"id": "Q57077", "text": "Karl Ferdinand Braun (6 June 1850 \u2013 20 April 1918) was a German inventor, physicist and Nobel laureate in physics. Braun contributed significantly to the development of radio and television technology: he shared with Guglielmo Marconi the 1909 Nobel Prize in Physics.", "mentions": {"date_of_birth": [{"start_char": 22, "end_char": 33, "uri": "1850-06-06T00:00:00Z^^http://www.w3.org/2001/XMLSchema#dateTime"}, {"start_char": 22, "end_char": 33, "uri": "1850-06-06T00:00:00Z^^http://www.w3.org/2001/XMLSchema#dateTime"}], "date_of_death": [{"start_char": 36, "end_char": 49, "uri": "1918-04-20T00:00:00Z^^http://www.w3.org/2001/XMLSchema#dateTime"}, {"start_char": 36, "end_char": 49, "uri": "1918-04-20T00:00:00Z^^http://www.w3.org/2001/XMLSchema#dateTime"}], "field_of_work": [], "country": []}, "mentions_same_attribute_class": {"date_of_birth": [], "date_of_death": [], "field_of_work": [], "country": []}}