{"id": "Q57092", "text": "Johannes Stark ([jo\u02c8han\u0259s \u0283ta\u0281k], 15 April 1874 \u2013 21 June 1957) was a German physicist and Physics Nobel Prize laureate, who was closely involved with the Deutsche Physik movement under the Nazi regime.", "mentions": {"date_of_birth": [{"start_char": 34, "end_char": 47, "uri": "1874-04-15T00:00:00Z^^http://www.w3.org/2001/XMLSchema#dateTime"}, {"start_char": 34, "end_char": 47, "uri": "1874-04-15T00:00:00Z^^http://www.w3.org/2001/XMLSchema#dateTime"}], "date_of_death": [{"start_char": 50, "end_char": 62, "uri": "1957-06-21T00:00:00Z^^http://www.w3.org/2001/XMLSchema#dateTime"}, {"start_char": 50, "end_char": 62, "uri": "1957-06-21T00:00:00Z^^http://www.w3.org/2001/XMLSchema#dateTime"}], "field_of_work": [], "country": []}, "mentions_same_attribute_class": {"date_of_birth": [], "date_of_death": [], "field_of_work": [], "country": []}}