{"id": "Q57066", "text": "James Franck (26 August 1882 \u2013 21 May 1964) was a German physicist who won the 1925 Nobel Prize for Physics with Gustav Hertz \"for their discovery of the laws governing the impact of an electron upon an atom\". He completed his doctorate in 1906 and his habilitation in 1911 at the Frederick William University in Berlin, where he lectured and taught until 1918, having reached the position of professor extraordinarius. He served as a volunteer in the German Army during World War I. He was seriously injured in 1917 in a gas attack and was awarded the Iron Cross 1st Class. Franck became the Head of the Physics Division of the Kaiser Wilhelm Gesellschaft for Physical Chemistry. In 1920, Franck became professor ordinarius of experimental physics and Director of the Second Institute for Experimental Physics at the University of G\u00f6ttingen. While there he worked on quantum physics with Max Born, who was Director of the Institute of Theoretical Physics. His work included the Franck\u2013Hertz experiment, an important confirmation of the Bohr model of the atom. He promoted the careers of women in physics, notably Lise Meitner, Hertha Sponer and Hilde Levi. After the NSDAP came to power in Germany in 1933, Franck resigned his post in protest against the dismissal of fellow academics. He assisted Frederick Lindemann in helping dismissed Jewish scientists find work overseas, before he left Germany in November 1933. After a year at the Niels Bohr Institute in Denmark, he moved to the United States, where he worked at Johns Hopkins University in Baltimore and then the University of Chicago. During this period he became interested in photosynthesis. Franck participated in the Manhattan Project during World War II as Director of the Chemistry Division of the Metallurgical Laboratory. He was also the chairman of the Committee on Political and Social Problems regarding the atomic bomb, which is best known for the compilation of the Franck Report, which recommended that the atomic bombs not be used on the Japanese cities without warning.", "mentions": {"date_of_birth": [{"start_char": 14, "end_char": 28, "uri": "1882-08-26T00:00:00Z^^http://www.w3.org/2001/XMLSchema#dateTime"}, {"start_char": 14, "end_char": 28, "uri": "1882-08-26T00:00:00Z^^http://www.w3.org/2001/XMLSchema#dateTime"}], "date_of_death": [{"start_char": 31, "end_char": 42, "uri": "1964-05-21T00:00:00Z^^http://www.w3.org/2001/XMLSchema#dateTime"}, {"start_char": 31, "end_char": 42, "uri": "1964-05-21T00:00:00Z^^http://www.w3.org/2001/XMLSchema#dateTime"}], "field_of_work": [{"start_char": 948, "end_char": 955, "uri": "http://www.wikidata.org/entity/Q413"}, {"start_char": 1097, "end_char": 1104, "uri": "http://www.wikidata.org/entity/Q413"}, {"start_char": 1097, "end_char": 1104, "uri": "http://www.wikidata.org/entity/Q413"}], "country": [{"start_char": 1488, "end_char": 1501, "uri": "http://www.wikidata.org/entity/Q30"}]}, "mentions_same_attribute_class": {"date_of_birth": [], "date_of_death": [], "field_of_work": [], "country": []}}