{"id": "Q57072", "text": "Otto Stern (17 February 1888 \u2013 17 August 1969) was a German physicist and Nobel laureate in physics. He was the 2nd most nominated person for Nobel Prize with 82 (most time nominated is Arnold Sommerfeld with 84 nomination) nominations between 1925-1945, ultimately winning in 1943.", "mentions": {"date_of_birth": [{"start_char": 12, "end_char": 28, "uri": "1888-02-17T00:00:00Z^^http://www.w3.org/2001/XMLSchema#dateTime"}, {"start_char": 12, "end_char": 28, "uri": "1888-02-17T00:00:00Z^^http://www.w3.org/2001/XMLSchema#dateTime"}], "date_of_death": [{"start_char": 31, "end_char": 45, "uri": "1969-08-17T00:00:00Z^^http://www.w3.org/2001/XMLSchema#dateTime"}, {"start_char": 31, "end_char": 45, "uri": "1969-08-17T00:00:00Z^^http://www.w3.org/2001/XMLSchema#dateTime"}], "field_of_work": [], "country": []}, "mentions_same_attribute_class": {"date_of_birth": [], "date_of_death": [], "field_of_work": [], "country": []}}