{"id": "Q57063", "text": "Philipp Eduard Anton von Lenard (7 June 1862 \u2013 20 May 1947) was a German physicist and the winner of the Nobel Prize for Physics in 1905 for his research on cathode rays and the discovery of many of their properties. He was a nationalist and anti-Semite; as an active proponent of the Nazi ideology, he had supported Adolf Hitler in the 1920s and was an important role model for the \"Deutsche Physik\" movement during the Nazi period.", "mentions": {"date_of_birth": [{"start_char": 33, "end_char": 44, "uri": "1862-06-07T00:00:00Z^^http://www.w3.org/2001/XMLSchema#dateTime"}, {"start_char": 33, "end_char": 44, "uri": "1862-06-07T00:00:00Z^^http://www.w3.org/2001/XMLSchema#dateTime"}], "date_of_death": [{"start_char": 47, "end_char": 58, "uri": "1947-05-20T00:00:00Z^^http://www.w3.org/2001/XMLSchema#dateTime"}, {"start_char": 47, "end_char": 58, "uri": "1947-05-20T00:00:00Z^^http://www.w3.org/2001/XMLSchema#dateTime"}], "field_of_work": [], "country": []}, "mentions_same_attribute_class": {"date_of_birth": [], "date_of_death": [], "field_of_work": [], "country": []}}