{"id": "Q57120", "text": "Peter Andreas Gr\u00fcnberg (born 18 May 1939) is a German physicist, and Nobel Prize in Physics laureate for his discovery with Albert Fert of giant magnetoresistance which brought about a breakthrough in gigabyte hard disk drives.", "mentions": {"date_of_birth": [{"start_char": 29, "end_char": 40, "uri": "1939-05-18T00:00:00Z^^http://www.w3.org/2001/XMLSchema#dateTime"}], "date_of_death": [], "field_of_work": [], "country": []}, "mentions_same_attribute_class": {"date_of_birth": [], "date_of_death": [], "field_of_work": [], "country": []}}