{"id": "Q57100", "text": "Maria Goeppert Mayer (June 28, 1906 \u2013 February 20, 1972) was a German-born American theoretical physicist, and Nobel laureate in Physics for proposing the nuclear shell model of the atomic nucleus. She was the second female Nobel laureate in physics, after Marie Curie. A graduate of the University of G\u00f6ttingen, Goeppert Mayer wrote her doctorate on the theory of possible two-photon absorption by atoms. At the time, the chances of experimentally verifying her thesis seemed remote, but the development of the laser permitted this. Today, the unit for the two-photon absorption cross section is named the Goeppert Mayer (GM) unit. Maria Goeppert married Joseph Edward Mayer and moved to the United States, where he was an associate professor at Johns Hopkins University. Strict rules against nepotism prevented Johns Hopkins University from taking her on as a faculty member, but she was given a job as an assistant and published a landmark paper on double beta decay in 1935. In 1937, she moved to Columbia University, where she took an unpaid position. During World War II, she worked for the Manhattan Project at Columbia on isotope separation, and with Edward Teller at the Los Alamos Laboratory on the development of the Teller's \"Super\" bomb. After the war, Goeppert Mayer became a voluntary associate professor of Physics at the University of Chicago (where Teller and her husband worked) and a senior physicist at the nearby Argonne National Laboratory. She developed a mathematical model for the structure of nuclear shells, for which she was awarded the Nobel Prize in Physics in 1963, which she shared with J. Hans D. Jensen and Eugene Wigner. In 1960, she was appointed full professor of physics at the University of California at San Diego.", "mentions": {"date_of_birth": [{"start_char": 22, "end_char": 35, "uri": "1906-06-28T00:00:00Z^^http://www.w3.org/2001/XMLSchema#dateTime"}, {"start_char": 22, "end_char": 35, "uri": "1906-06-28T00:00:00Z^^http://www.w3.org/2001/XMLSchema#dateTime"}], "date_of_death": [{"start_char": 38, "end_char": 55, "uri": "1972-02-20T00:00:00Z^^http://www.w3.org/2001/XMLSchema#dateTime"}, {"start_char": 38, "end_char": 55, "uri": "1972-02-20T00:00:00Z^^http://www.w3.org/2001/XMLSchema#dateTime"}], "field_of_work": [], "country": [{"start_char": 75, "end_char": 83, "uri": "http://www.wikidata.org/entity/Q30"}, {"start_char": 693, "end_char": 706, "uri": "http://www.wikidata.org/entity/Q30"}, {"start_char": 75, "end_char": 83, "uri": "http://www.wikidata.org/entity/Q30"}]}, "mentions_same_attribute_class": {"date_of_birth": [], "date_of_death": [], "field_of_work": [], "country": []}}