{"id": "Q57227", "text": "Wolfgang Paul (10 August 1913 \u2013 7 December 1993) was a German physicist, who co-developed the non-magnetic quadrupole mass filter which laid the foundation for what we now call an ion trap. He shared one-half of the Nobel Prize in Physics in 1989 for this work with Hans Georg Dehmelt; the other half of the Prize in that year was awarded to Norman Foster Ramsey, Jr.", "mentions": {"date_of_birth": [{"start_char": 15, "end_char": 29, "uri": "1913-08-10T00:00:00Z^^http://www.w3.org/2001/XMLSchema#dateTime"}, {"start_char": 15, "end_char": 29, "uri": "1913-08-10T00:00:00Z^^http://www.w3.org/2001/XMLSchema#dateTime"}], "date_of_death": [{"start_char": 32, "end_char": 47, "uri": "1993-12-07T00:00:00Z^^http://www.w3.org/2001/XMLSchema#dateTime"}, {"start_char": 32, "end_char": 47, "uri": "1993-12-07T00:00:00Z^^http://www.w3.org/2001/XMLSchema#dateTime"}], "field_of_work": [], "country": []}, "mentions_same_attribute_class": {"date_of_birth": [], "date_of_death": [], "field_of_work": [], "country": []}}