{"id": "Q58978", "text": "Max Born ([b\u0254\u0250\u032fn]; 11 December 1882 \u2013 5 January 1970) was a German physicist and mathematician who was instrumental in the development of quantum mechanics. He also made contributions to solid-state physics and optics and supervised the work of a number of notable physicists in the 1920s and 30s. Born won the 1954 Nobel Prize in Physics for his \"fundamental research in Quantum Mechanics, especially in the statistical interpretation of the wave function\". Born was born in 1882 in Breslau, then in Germany, now in Poland and known as Wroc\u0142aw. He entered the University of G\u00f6ttingen in 1904, where he found the three renowned mathematicians, Felix Klein, David Hilbert and Hermann Minkowski. He wrote his Ph.D. thesis on the subject of \"Stability of Elastica in a Plane and Space\", winning the University's Philosophy Faculty Prize. In 1905, he began researching special relativity with Minkowski, and subsequently wrote his habilitation thesis on the Thomson model of the atom. A chance meeting with Fritz Haber in Berlin in 1918 led to discussion of the manner in which an ionic compound is formed when a metal reacts with a halogen, which is today known as the Born\u2013Haber cycle. In the First World War, after originally being placed as a radio operator, he was moved to research duties regarding sound ranging due to his specialist knowledge. In 1921, Born returned to G\u00f6ttingen, arranging another chair for his long-time friend and colleague James Franck. Under Born, G\u00f6ttingen became one of the world's foremost centres for physics. In 1925, Born and Werner Heisenberg formulated the matrix mechanics representation of quantum mechanics. The following year, he formulated the now-standard interpretation of the probability density function for \u03c8*\u03c8 in the Schr\u00f6dinger equation, for which he was awarded the Nobel Prize in 1954. His influence extended far beyond his own research. Max Delbr\u00fcck, Siegfried Fl\u00fcgge, Friedrich Hund, Pascual Jordan, Maria Goeppert-Mayer, Lothar Wolfgang Nordheim, Robert Oppenheimer, and Victor Weisskopf all received their Ph.D. degrees under Born at G\u00f6ttingen, and his assistants included Enrico Fermi, Werner Heisenberg, Gerhard Herzberg, Friedrich Hund, Pascual Jordan, Wolfgang Pauli, L\u00e9on Rosenfeld, Edward Teller, and Eugene Wigner. In January 1933, the Nazi Party came to power in Germany, and Born, who was Jewish, was suspended. He emigrated to Britain, where he took a job at St John's College, Cambridge, and wrote a popular science book, The Restless Universe, as well as Atomic Physics, which soon became a standard textbook. In October 1936, he became the Tait Professor of Natural Philosophy at the University of Edinburgh, where, working with German-born assistants E. Walter Kellermann and Klaus Fuchs, he continued his research into physics. Max Born became a naturalised British subject on 31 August 1939, one day before World War II broke out in Europe. He remained at Edinburgh until 1952. He retired to Bad Pyrmont, in West Germany, and died in a hospital in G\u00f6ttingen on 5 January 1970.", "mentions": {"date_of_birth": [{"start_char": 19, "end_char": 35, "uri": "1882-12-11T00:00:00Z^^http://www.w3.org/2001/XMLSchema#dateTime"}, {"start_char": 19, "end_char": 35, "uri": "1882-12-11T00:00:00Z^^http://www.w3.org/2001/XMLSchema#dateTime"}], "date_of_death": [{"start_char": 38, "end_char": 52, "uri": "1970-01-05T00:00:00Z^^http://www.w3.org/2001/XMLSchema#dateTime"}, {"start_char": 3029, "end_char": 3043, "uri": "1970-01-05T00:00:00Z^^http://www.w3.org/2001/XMLSchema#dateTime"}, {"start_char": 38, "end_char": 52, "uri": "1970-01-05T00:00:00Z^^http://www.w3.org/2001/XMLSchema#dateTime"}, {"start_char": 3029, "end_char": 3043, "uri": "1970-01-05T00:00:00Z^^http://www.w3.org/2001/XMLSchema#dateTime"}], "field_of_work": [], "country": [{"start_char": 501, "end_char": 508, "uri": "http://www.wikidata.org/entity/Q183"}]}, "mentions_same_attribute_class": {"date_of_birth": [], "date_of_death": [], "field_of_work": [], "country": []}}