{"id": "Q60429", "text": "Sir Chandrasekhara Venkata Raman (7 November 1888 \u2013 21 November 1970), an Indian physicist born in the former Madras Province in India, carried out ground-breaking work in the field of light scattering which earned him the 1930 Nobel Prize for Physics. He discovered that when light traverses a transparent material, some of the deflected light changes in wavelength. This phenomenon, subsequently known as Raman scattering, results from the Raman effect. In 1954 India honoured him with its highest civilian award, the Bharat Ratna.", "mentions": {"date_of_birth": [{"start_char": 34, "end_char": 49, "uri": "1888-11-07T00:00:00Z^^http://www.w3.org/2001/XMLSchema#dateTime"}, {"start_char": 34, "end_char": 49, "uri": "1888-11-07T00:00:00Z^^http://www.w3.org/2001/XMLSchema#dateTime"}], "date_of_death": [{"start_char": 52, "end_char": 68, "uri": "1970-11-21T00:00:00Z^^http://www.w3.org/2001/XMLSchema#dateTime"}, {"start_char": 52, "end_char": 68, "uri": "1970-11-21T00:00:00Z^^http://www.w3.org/2001/XMLSchema#dateTime"}], "field_of_work": [], "country": [{"start_char": 129, "end_char": 134, "uri": "http://www.wikidata.org/entity/Q668"}, {"start_char": 464, "end_char": 469, "uri": "http://www.wikidata.org/entity/Q668"}, {"start_char": 129, "end_char": 134, "uri": "http://www.wikidata.org/entity/Q668"}]}, "mentions_same_attribute_class": {"date_of_birth": [], "date_of_death": [], "field_of_work": [], "country": []}}