{"id": "Q61045", "text": "David Jeffrey Wineland (born February 24, 1944) is an American Nobel-laureate physicist at the National Institute of Standards and Technology (NIST) physics laboratory. His work has included advances in optics, specifically laser cooling trapped ions and using ions for quantum computing operations. He was awarded the 2012 Nobel Prize in Physics, jointly with Serge Haroche, for \"ground-breaking experimental methods that enable measuring and manipulation of individual quantum systems.\"", "mentions": {"date_of_birth": [{"start_char": 29, "end_char": 46, "uri": "1944-02-24T00:00:00Z^^http://www.w3.org/2001/XMLSchema#dateTime"}], "date_of_death": [], "field_of_work": [], "country": [{"start_char": 54, "end_char": 62, "uri": "http://www.wikidata.org/entity/Q30"}]}, "mentions_same_attribute_class": {"date_of_birth": [], "date_of_death": [], "field_of_work": [], "country": []}}