{"id": "Q62891", "text": "Heike Kamerlingh Onnes ([\u02c8\u0254n\u0259s]; 21 September 1853 \u2013 21 February 1926) was a Dutch physicist and Nobel laureate. He exploited the Hampson-Linde cycle to investigate how materials behave when cooled to nearly absolute zero and later to liquefy helium for the first time. His production of extreme cryogenic temperatures led to his discovery of superconductivity in 1911: for certain materials, electrical resistance abruptly vanishes at very low temperatures.", "mentions": {"date_of_birth": [{"start_char": 33, "end_char": 50, "uri": "1853-09-21T00:00:00Z^^http://www.w3.org/2001/XMLSchema#dateTime"}, {"start_char": 33, "end_char": 50, "uri": "1853-09-21T00:00:00Z^^http://www.w3.org/2001/XMLSchema#dateTime"}], "date_of_death": [{"start_char": 53, "end_char": 69, "uri": "1926-02-21T00:00:00Z^^http://www.w3.org/2001/XMLSchema#dateTime"}, {"start_char": 53, "end_char": 69, "uri": "1926-02-21T00:00:00Z^^http://www.w3.org/2001/XMLSchema#dateTime"}], "field_of_work": [], "country": []}, "mentions_same_attribute_class": {"date_of_birth": [], "date_of_death": [], "field_of_work": [], "country": []}}