{"id": "Q62897", "text": "Sir John Douglas Cockcroft OM KCB CBE FRS (27 May 1897 \u2013 18 September 1967) was a British physicist. He shared the Nobel Prize in Physics for splitting the atomic nucleus with Ernest Walton, and was instrumental in the development of nuclear power. He was the first Master of Churchill College and is buried at the Parish of the Ascension Burial Ground in Cambridge, together with his wife Elizabeth and son John, known as Timothy, who had died at the age of two in 1929.", "mentions": {"date_of_birth": [{"start_char": 43, "end_char": 54, "uri": "1897-05-27T00:00:00Z^^http://www.w3.org/2001/XMLSchema#dateTime"}, {"start_char": 43, "end_char": 54, "uri": "1897-05-27T00:00:00Z^^http://www.w3.org/2001/XMLSchema#dateTime"}], "date_of_death": [{"start_char": 57, "end_char": 74, "uri": "1967-09-18T00:00:00Z^^http://www.w3.org/2001/XMLSchema#dateTime"}, {"start_char": 57, "end_char": 74, "uri": "1967-09-18T00:00:00Z^^http://www.w3.org/2001/XMLSchema#dateTime"}], "field_of_work": [], "country": []}, "mentions_same_attribute_class": {"date_of_birth": [], "date_of_death": [], "field_of_work": [], "country": []}}