{"id": "Q64188", "text": "Roy Jay Glauber (born September 1, 1925) is an American theoretical physicist. He is the Mallinckrodt Professor of Physics at Harvard University and Adjunct Professor of Optical Sciences at the University of Arizona. Born in New York City, he was awarded one half of the 2005 Nobel Prize in Physics \"for his contribution to the quantum theory of optical coherence\", with the other half shared by John L. Hall and Theodor W. H\u00e4nsch. In this work, published in 1963, he created a model for photodetection and explained the fundamental characteristics of different types of light, such as laser light (see coherent state) and light from light bulbs (see blackbody). His theories are widely used in the field of quantum optics.", "mentions": {"date_of_birth": [{"start_char": 22, "end_char": 39, "uri": "1925-09-01T00:00:00Z^^http://www.w3.org/2001/XMLSchema#dateTime"}], "date_of_death": [], "field_of_work": [{"start_char": 115, "end_char": 122, "uri": "http://www.wikidata.org/entity/Q413"}, {"start_char": 115, "end_char": 122, "uri": "http://www.wikidata.org/entity/Q413"}], "country": [{"start_char": 47, "end_char": 55, "uri": "http://www.wikidata.org/entity/Q30"}]}, "mentions_same_attribute_class": {"date_of_birth": [], "date_of_death": [], "field_of_work": [], "country": []}}