{"id": "Q65807", "text": "Reinhard Genzel ForMemRS (born 24 March 1952 in Bad Homburg vor der H\u00f6he, Germany) is a German astrophysicist.", "mentions": {"date_of_birth": [], "date_of_death": [], "field_of_work": [], "country": [{"start_char": 74, "end_char": 81, "uri": "http://www.wikidata.org/entity/Q183"}, {"start_char": 74, "end_char": 81, "uri": "http://www.wikidata.org/entity/Q183"}]}, "mentions_same_attribute_class": {"date_of_birth": [], "date_of_death": [], "field_of_work": [], "country": []}}