{"id": "Q65989", "text": "Wolfgang Ernst Pauli (25 April 1900 \u2013 15 December 1958) was an Austrian-born Swiss and American theoretical physicist and one of the pioneers of quantum physics. In 1945, after having been nominated by Albert Einstein, Pauli received the Nobel Prize in Physics for his \"decisive contribution through his discovery of a new law of Nature, the exclusion principle or Pauli principle.\" The discovery involved spin theory, which is the basis of a theory of the structure of matter.", "mentions": {"date_of_birth": [{"start_char": 22, "end_char": 35, "uri": "1900-04-25T00:00:00Z^^http://www.w3.org/2001/XMLSchema#dateTime"}, {"start_char": 22, "end_char": 35, "uri": "1900-04-25T00:00:00Z^^http://www.w3.org/2001/XMLSchema#dateTime"}], "date_of_death": [{"start_char": 38, "end_char": 54, "uri": "1958-12-15T00:00:00Z^^http://www.w3.org/2001/XMLSchema#dateTime"}, {"start_char": 38, "end_char": 54, "uri": "1958-12-15T00:00:00Z^^http://www.w3.org/2001/XMLSchema#dateTime"}], "field_of_work": [{"start_char": 145, "end_char": 160, "uri": "http://www.wikidata.org/entity/Q944"}, {"start_char": 145, "end_char": 160, "uri": "http://www.wikidata.org/entity/Q944"}], "country": [{"start_char": 87, "end_char": 95, "uri": "http://www.wikidata.org/entity/Q30"}, {"start_char": 87, "end_char": 95, "uri": "http://www.wikidata.org/entity/Q30"}]}, "mentions_same_attribute_class": {"date_of_birth": [], "date_of_death": [], "field_of_work": [], "country": []}}