{"id": "Q70532", "text": "Hans Georg Dehmelt (born 9 September 1922) is a German-born American physicist, who was awarded Nobel Prize in Physics in 1989, for co-developing the ion trap technique (Penning trap) with Wolfgang Paul, for which they shared one-half of the prize (the other half of the Prize in that year was awarded to Norman Foster Ramsey). Their technique was used for high precision measurement of the electron magnetic moment.", "mentions": {"date_of_birth": [{"start_char": 25, "end_char": 41, "uri": "1922-09-09T00:00:00Z^^http://www.w3.org/2001/XMLSchema#dateTime"}, {"start_char": 25, "end_char": 41, "uri": "1922-09-09T00:00:00Z^^http://www.w3.org/2001/XMLSchema#dateTime"}], "date_of_death": [], "field_of_work": [], "country": [{"start_char": 60, "end_char": 68, "uri": "http://www.wikidata.org/entity/Q30"}, {"start_char": 60, "end_char": 68, "uri": "http://www.wikidata.org/entity/Q30"}]}, "mentions_same_attribute_class": {"date_of_birth": [], "date_of_death": [], "field_of_work": [], "country": []}}