{"id": "Q708472", "text": "Arthur Ashkin (born September 2, 1922) is a retired scientist who worked at Bell Laboratories and Lucent Technologies. He started his work on manipulation of microparticles with laser light in the late 1960s which resulted in the invention of optical tweezers in 1986. He also pioneered the optical trapping process that eventually was used to manipulate atoms, molecules, and biological cells. The key phenomenon is the radiation pressure of light; this pressure can be dissected down into optical gradient and scattering forces. Ashkin has been considered by many as the father of the topical field of optical tweezers. Ashkin's pioneering work formed the basis for Steven Chu's work on cooling and trapping atoms, which earned Chu the 1997 Nobel Prize in physics. Within various professional society memberships, Ashkin attained the rating of fellow in the Optical Society of America (OSA), the American Physical Society (APS), and the Institute of Electrical and Electronics Engineers (IEEE). He retired from Bell Labs in 1992 after a 40-year career during which he contributed to many areas of experimental physics. He authored many research papers over the years and holds 47 patents. He was recipient of the Harvey Prize in 2004 and was elected to the National Academy of Engineering in 1984 and to the National Academy of Sciences in 1996. Currently, he continues work in his home lab. Besides optical tweezers, Ashkin is also known for his studies in photorefraction, second harmonic generation, and non-linear optics in fibers. Recent advances in physics and biology using optical micromanipulation include achievement of Bose\u2013Einstein condensation in atomic vapors at submillikelvin temperatures, demonstration of atom lasers, and detailed measurements on individual motor molecules.", "mentions": {"date_of_birth": [{"start_char": 20, "end_char": 37, "uri": "1922-09-02T00:00:00Z^^http://www.w3.org/2001/XMLSchema#dateTime"}, {"start_char": 20, "end_char": 37, "uri": "1922-09-02T00:00:00Z^^http://www.w3.org/2001/XMLSchema#dateTime"}], "date_of_death": [], "field_of_work": [], "country": []}, "mentions_same_attribute_class": {"date_of_birth": [], "date_of_death": [], "field_of_work": [], "country": []}}