{"id": "Q7085", "text": "Niels Henrik David Bohr ([nels \u02c8b\u0325o\u0250\u032f\u02c0]; 7 October 1885 \u2013 18 November 1962) was a Danish physicist who made foundational contributions to understanding atomic structure and quantum theory, for which he received the Nobel Prize in Physics in 1922. Bohr was also a philosopher and a promoter of scientific research. Bohr developed the Bohr model of the atom, in which he proposed that energy levels of electrons are discrete and that the electrons revolve in stable orbits around the atomic nucleus but can jump from one energy level (or orbit) to another. Although the Bohr model has been supplanted by other models, its underlying principles remain valid. He conceived the principle of complementarity: that items could be separately analysed in terms of contradictory properties, like behaving as a wave or a stream of particles. The notion of complementarity dominated Bohr's thinking in both science and philosophy. Bohr founded the Institute of Theoretical Physics at the University of Copenhagen, now known as the Niels Bohr Institute, which opened in 1920. Bohr mentored and collaborated with physicists including Hans Kramers, Oskar Klein, George de Hevesy and Werner Heisenberg. He predicted the existence of a new zirconium-like element, which was named hafnium, after the Latin name for Copenhagen, where it was discovered. Later, the element bohrium was named after him. During the 1930s, Bohr helped refugees from Nazism. After Denmark was occupied by the Germans, he had a famous meeting with Heisenberg, who had become the head of the German nuclear energy project. In September 1943, word reached Bohr that he was about to be arrested by the Germans, and he fled to Sweden. From there, he was flown to Britain, where he joined the British Tube Alloys nuclear weapons project, and was part of the British mission to the Manhattan Project. After the war, Bohr called for international cooperation on nuclear energy. He was involved with the establishment of CERN and the Research Establishment Ris\u00f8 of the Danish Atomic Energy Commission, and became the first chairman of the Nordic Institute for Theoretical Physics in 1957.", "mentions": {"date_of_birth": [{"start_char": 41, "end_char": 55, "uri": "1885-10-07T00:00:00Z^^http://www.w3.org/2001/XMLSchema#dateTime"}, {"start_char": 41, "end_char": 55, "uri": "1885-10-07T00:00:00Z^^http://www.w3.org/2001/XMLSchema#dateTime"}], "date_of_death": [{"start_char": 58, "end_char": 74, "uri": "1962-11-18T00:00:00Z^^http://www.w3.org/2001/XMLSchema#dateTime"}, {"start_char": 58, "end_char": 74, "uri": "1962-11-18T00:00:00Z^^http://www.w3.org/2001/XMLSchema#dateTime"}], "field_of_work": [], "country": [{"start_char": 1440, "end_char": 1447, "uri": "http://www.wikidata.org/entity/Q35"}, {"start_char": 2019, "end_char": 2025, "uri": "http://www.wikidata.org/entity/Q35"}, {"start_char": 2019, "end_char": 2025, "uri": "http://www.wikidata.org/entity/Q35"}]}, "mentions_same_attribute_class": {"date_of_birth": [], "date_of_death": [], "field_of_work": [], "country": []}}