{"id": "Q71024", "text": "Klaus von Klitzing (born 28 June 1943, Schroda) is a German physicist, known for discovery of the integer quantum Hall Effect, for which he was awarded the 1985 Nobel Prize in Physics.", "mentions": {"date_of_birth": [{"start_char": 25, "end_char": 37, "uri": "1943-06-28T00:00:00Z^^http://www.w3.org/2001/XMLSchema#dateTime"}, {"start_char": 25, "end_char": 37, "uri": "1943-06-28T00:00:00Z^^http://www.w3.org/2001/XMLSchema#dateTime"}], "date_of_death": [], "field_of_work": [], "country": []}, "mentions_same_attribute_class": {"date_of_birth": [], "date_of_death": [], "field_of_work": [], "country": []}}