{"id": "Q71015", "text": "Horst Ludwig St\u00f6rmer (born April 6, 1949) is a German physicist, Nobel laureate and emeritus professor at Columbia University. He was awarded the 1998 Nobel Prize in Physics jointly with Daniel Tsui and Robert Laughlin \"for their discovery of a new form of quantum fluid with fractionally charged excitations\" (the fractional quantum Hall effect). He and Tsui were working at Bell Labs at the time of the experiment cited by the Nobel committee.", "mentions": {"date_of_birth": [{"start_char": 27, "end_char": 40, "uri": "1949-04-06T00:00:00Z^^http://www.w3.org/2001/XMLSchema#dateTime"}], "date_of_death": [], "field_of_work": [], "country": []}, "mentions_same_attribute_class": {"date_of_birth": [], "date_of_death": [], "field_of_work": [], "country": []}}