{"id": "Q71023", "text": "Alfred Kastler (3 May 1902 \u2013 7 January 1984) was a French physicist, and Nobel Prize laureate. Kastler was born in Guebwiller (Alsace, German Empire) and later attended the Lyc\u00e9e Bartholdi in Colmar, Alsace, and \u00c9cole Normale Sup\u00e9rieure in Paris in 1921. After his studies, in 1926 he began teaching physics at the Lyc\u00e9e of Mulhouse, and then taught at the University of Bordeaux, where he was a university professor until 1941. Georges Bruhat asked him to come back to the \u00c9cole Normale Sup\u00e9rieure, where he finally obtained a chair in 1952. Collaborating with Jean Brossel, he researched quantum mechanics, the interaction between light and atoms, and spectroscopy. Kastler, working on combination of optical resonance and magnetic resonance, developed the technique of \"optical pumping\". Those works led to the completion of the theory of lasers and masers. He won the Nobel Prize in Physics in 1966 \"for the discovery and development of optical methods for studying Hertzian resonances in atoms\". He was president of the board of the Institut d'optique th\u00e9orique et appliqu\u00e9e and served as the first chairman of the non-governmental organization (NGO) Action Against Hunger. Kastler also wrote poetry (in German). In 1971 he published Europe, ma patrie: Deutsche Lieder eines franz\u00f6sischen Europ\u00e4ers (i.e. Europe, my fatherland: German songs of a French European). In 1978 he became foreign member of the Royal Netherlands Academy of Arts and Sciences. In 1979, Kastler was awarded the Wilhelm Exner Medal.", "mentions": {"date_of_birth": [{"start_char": 16, "end_char": 26, "uri": "1902-05-03T00:00:00Z^^http://www.w3.org/2001/XMLSchema#dateTime"}, {"start_char": 16, "end_char": 26, "uri": "1902-05-03T00:00:00Z^^http://www.w3.org/2001/XMLSchema#dateTime"}], "date_of_death": [{"start_char": 29, "end_char": 43, "uri": "1984-01-07T00:00:00Z^^http://www.w3.org/2001/XMLSchema#dateTime"}, {"start_char": 29, "end_char": 43, "uri": "1984-01-07T00:00:00Z^^http://www.w3.org/2001/XMLSchema#dateTime"}], "field_of_work": [{"start_char": 300, "end_char": 307, "uri": "http://www.wikidata.org/entity/Q413"}], "country": []}, "mentions_same_attribute_class": {"date_of_birth": [], "date_of_death": [], "field_of_work": [], "country": []}}