{"id": "Q71013", "text": "Theodor Wolfgang H\u00e4nsch (born 30 October 1941) is a German physicist. He received one fourth of the 2005 Nobel Prize in Physics for \"contributions to the development of laser-based precision spectroscopy, including the optical frequency comb technique\", sharing the prize with John L. Hall and Roy J. Glauber. H\u00e4nsch is Director of the Max-Planck-Institut f\u00fcr Quantenoptik (quantum optics) and Professor of experimental physics and laser spectroscopy at the Ludwig-Maximilians University in Munich, Bavaria, Germany. H\u00e4nsch gained his Diplom and doctoral degree from Ruprecht-Karls-Universit\u00e4t Heidelberg in 1960s. Subsequently, he became a professor at Stanford University, California from 1975 to 1986. He was awarded the Comstock Prize in Physics from the National Academy of Sciences in 1983. In 1986, he received the Albert A. Michelson Medal from the Franklin Institute. In the same year H\u00e4nsch returned to Germany to head the Max-Planck-Institut f\u00fcr Quantenoptik. In 1989, he received the Gottfried Wilhelm Leibniz Prize of the Deutsche Forschungsgemeinschaft, which is the highest honour awarded in German research. In 2005, he also received the Otto Hahn Award of the City of Frankfurt am Main, the Society of German Chemists and the German Physical Society. In that same year, the Optical Society of America awarded him the Frederic Ives Medal and the status of honorary member in 2008. One of his students, Carl E. Wieman, received the Nobel Prize in Physics in 2001. In 1970 he invented a new type of laser which generated light pulses with an extremely high spectral resolution (i.e. all the photons emitted from the laser had nearly the same energy, to a precision of 1 part in a million). Using this device he succeeded to measure the transition frequency of the Balmer line of atomic hydrogen with a much higher precision than before. During the late 1990s, he and his coworkers developed a new method to measure the frequency of laser light to an even higher precision, using a device called the optical frequency comb generator. This invention was then used to measure the Lyman line of atomic hydrogen to an extraordinary precision of 1 part in a hundred trillion. At such a high precision, it became possible to search for possible changes in the fundamental physical constants of the universe over time. For these achievements he became co-recipient of the Nobel Prize in Physics for 2005.", "mentions": {"date_of_birth": [{"start_char": 30, "end_char": 45, "uri": "1941-10-30T00:00:00Z^^http://www.w3.org/2001/XMLSchema#dateTime"}], "date_of_death": [], "field_of_work": [], "country": []}, "mentions_same_attribute_class": {"date_of_birth": [], "date_of_death": [], "field_of_work": [], "country": []}}