{"id": "Q710597", "text": "Arthur Bruce McDonald,CC OOnt FRS FRSC (born August 29, 1943) is a Canadian astrophysicist. McDonald is the director of the Sudbury Neutrino Observatory Institute and holds the Gordon and Patricia Gray Chair in Particle Astrophysics at Queen's University in Kingston, Ontario. He was awarded the 2015 Nobel Prize in Physics jointly with Japanese physicist Takaaki Kajita.", "mentions": {"date_of_birth": [{"start_char": 45, "end_char": 60, "uri": "1943-08-29T00:00:00Z^^http://www.w3.org/2001/XMLSchema#dateTime"}], "date_of_death": [], "field_of_work": [], "country": [{"start_char": 67, "end_char": 75, "uri": "http://www.wikidata.org/entity/Q16"}]}, "mentions_same_attribute_class": {"date_of_birth": [], "date_of_death": [], "field_of_work": [], "country": []}}