{"id": "Q71022", "text": "Ernst August Friedrich Ruska (25 December 1906 \u2013 27 May 1988) was a German physicist who won the Nobel Prize in Physics in 1986 for his work in electron optics, including the design of the first electron microscope.", "mentions": {"date_of_birth": [{"start_char": 30, "end_char": 46, "uri": "1906-12-25T00:00:00Z^^http://www.w3.org/2001/XMLSchema#dateTime"}], "date_of_death": [{"start_char": 49, "end_char": 60, "uri": "1988-05-27T00:00:00Z^^http://www.w3.org/2001/XMLSchema#dateTime"}], "field_of_work": [], "country": []}, "mentions_same_attribute_class": {"date_of_birth": [], "date_of_death": [], "field_of_work": [], "country": []}}