{"id": "Q7186", "text": "Marie Sk\u0142odowska Curie (/\u02c8kj\u028ari, kj\u028a\u02c8ri\u02d0/; [ky\u0281i]; [k\u02b2i\u02c8ri]; 7 November 1867 \u2013 4 July 1934), born Maria Salomea Sk\u0142odowska [\u02c8marja sal\u0254\u02c8m\u025ba skw\u0254\u02c8d\u0254fska], was a Polish and naturalized-French physicist and chemist who conducted pioneering research on radioactivity. She was the first woman to win a Nobel Prize, the first person and only woman to win twice, the only person to win twice in multiple sciences, and was part of the Curie family legacy of five Nobel Prizes. She was also the first woman to become a professor at the University of Paris, and in 1995 became the first woman to be entombed on her own merits in the Panth\u00e9on in Paris. She was born in Warsaw, in what was then the Kingdom of Poland, part of the Russian Empire. She studied at Warsaw's clandestine Floating University and began her practical scientific training in Warsaw. In 1891, aged 24, she followed her older sister Bronis\u0142awa to study in Paris, where she earned her higher degrees and conducted her subsequent scientific work. She shared the 1903 Nobel Prize in Physics with her husband Pierre Curie and with physicist Henri Becquerel. She won the 1911 Nobel Prize in Chemistry. Her achievements included the development of the theory of radioactivity (a term that she coined), techniques for isolating radioactive isotopes, and the discovery of two elements, polonium and radium. Under her direction, the world's first studies were conducted into the treatment of neoplasms, using radioactive isotopes. She founded the Curie Institutes in Paris and in Warsaw, which remain major centres of medical research today. During World War I, she established the first military field radiological centres. While a French citizen, Marie Sk\u0142odowska Curie (she used both surnames) never lost her sense of Polish identity. She taught her daughters the Polish language and took them on visits to Poland. She named the first chemical element that she discovered\u200d\u2014\u200cpolonium, which she isolated in 1898\u200d\u2014\u200cafter her native country. Curie died in 1934, aged 66, at a sanatorium in Sancellemoz (Haute-Savoie), France, due to aplastic anemia brought on by exposure to radiation while carrying test tubes of radium in her pockets during research, and in the course of her service in World War I mobile X-ray units that she had set up.", "mentions": {"date_of_birth": [{"start_char": 61, "end_char": 76, "uri": "1867-11-07T00:00:00Z^^http://www.w3.org/2001/XMLSchema#dateTime"}, {"start_char": 61, "end_char": 76, "uri": "1867-11-07T00:00:00Z^^http://www.w3.org/2001/XMLSchema#dateTime"}], "date_of_death": [{"start_char": 79, "end_char": 90, "uri": "1934-07-04T00:00:00Z^^http://www.w3.org/2001/XMLSchema#dateTime"}, {"start_char": 79, "end_char": 90, "uri": "1934-07-04T00:00:00Z^^http://www.w3.org/2001/XMLSchema#dateTime"}], "field_of_work": [{"start_char": 249, "end_char": 262, "uri": "http://www.wikidata.org/entity/Q11448"}, {"start_char": 1216, "end_char": 1229, "uri": "http://www.wikidata.org/entity/Q11448"}, {"start_char": 249, "end_char": 262, "uri": "http://www.wikidata.org/entity/Q11448"}], "country": [{"start_char": 718, "end_char": 732, "uri": "http://www.wikidata.org/entity/Q34266"}, {"start_char": 1772, "end_char": 1778, "uri": "http://www.wikidata.org/entity/Q36"}, {"start_char": 2069, "end_char": 2075, "uri": "http://www.wikidata.org/entity/Q142"}, {"start_char": 718, "end_char": 732, "uri": "http://www.wikidata.org/entity/Q34266"}, {"start_char": 1772, "end_char": 1778, "uri": "http://www.wikidata.org/entity/Q36"}]}, "mentions_same_attribute_class": {"date_of_birth": [], "date_of_death": [], "field_of_work": [], "country": []}}