{"id": "Q726394", "text": "David James Thouless (born 21 September 1934) is a condensed-matter physicist and Wolf Prize winner. Thouless earned his PhD at Cornell University under Hans Bethe. He was a professor of mathematical physics at Birmingham University in the United Kingdom before becoming a professor of physics at the University of Washington in Seattle in 1980. Thouless has made many theoretical contributions to the understanding of extended systems of atoms and electrons, and of nucleons. Areas that his work has impacted include superconductivity phenomena, properties of nuclear matter, and excited collective motions within nuclei. Thouless is a Fellow of the Royal Society, Fellow of the American Physical Society, Fellow of the American Academy of Arts and Sciences, and a member of the U.S. National Academy of Sciences. Among his many awards are the Wolf Prize for Physics (1990), the Paul Dirac Medal of the Institute of Physics (1993), and the Lars Onsager Prize of the American Physical Society (2000).", "mentions": {"date_of_birth": [{"start_char": 27, "end_char": 44, "uri": "1934-09-21T00:00:00Z^^http://www.w3.org/2001/XMLSchema#dateTime"}], "date_of_death": [], "field_of_work": [], "country": []}, "mentions_same_attribute_class": {"date_of_birth": [], "date_of_death": [], "field_of_work": [], "country": []}}