{"id": "Q728331", "text": "Phillip James Edwin Peebles (born April 25, 1935) is a Canadian-American physicist and theoretical cosmologist who is currently the Albert Einstein Professor Emeritus of Science at Princeton University. He is widely regarded as one of the world's leading theoretical cosmologists in the period since 1970, with major theoretical contributions to primordial nucleosynthesis, dark matter, the cosmic microwave background and structure formation. His three textbooks (Physical Cosmology, 1971; Large Scale Structure of the Universe, 1980; Principles of Physical Cosmology, 1993) have been standard references in the field.", "mentions": {"date_of_birth": [{"start_char": 34, "end_char": 48, "uri": "1935-04-25T00:00:00Z^^http://www.w3.org/2001/XMLSchema#dateTime"}], "date_of_death": [], "field_of_work": [], "country": []}, "mentions_same_attribute_class": {"date_of_birth": [], "date_of_death": [], "field_of_work": [], "country": []}}