{"id": "Q73058", "text": "Willard Sterling Boyle, CC (August 19, 1924 \u2013 May 7, 2011) was a Canadian-American physicist, pioneer in the field of laser technology and co-inventor of the charge-coupled device. On October 6, 2009, it was announced that he would share the 2009 Nobel Prize in Physics for \"the invention of an imaging semiconductor circuit\u2014the CCD sensor, which has become an electronic eye in almost all areas of photography\".", "mentions": {"date_of_birth": [{"start_char": 28, "end_char": 43, "uri": "1924-08-19T00:00:00Z^^http://www.w3.org/2001/XMLSchema#dateTime"}], "date_of_death": [{"start_char": 46, "end_char": 57, "uri": "2011-05-07T00:00:00Z^^http://www.w3.org/2001/XMLSchema#dateTime"}], "field_of_work": [], "country": []}, "mentions_same_attribute_class": {"date_of_birth": [], "date_of_death": [], "field_of_work": [], "country": []}}