{"id": "Q730065", "text": "Shuji Nakamura (\u4e2d\u6751 \u4fee\u4e8c Nakamura Sh\u016bji, born May 22, 1954) is a Japanese-born American electronic engineer and inventor specializing in the field of semiconductor technology, professor at the Materials Department of the College of Engineering, University of California, Santa Barbara (UCSB), and is regarded as the inventor of the blue LED, a major breakthrough in lighting technology. Together with Isamu Akasaki and Hiroshi Amano, he is one of the three recipients of the 2014 Nobel Prize for Physics \"for the invention of efficient blue light-emitting diodes, which has enabled bright and energy-saving white light sources\".", "mentions": {"date_of_birth": [{"start_char": 43, "end_char": 55, "uri": "1954-05-22T00:00:00Z^^http://www.w3.org/2001/XMLSchema#dateTime"}, {"start_char": 43, "end_char": 55, "uri": "1954-05-22T00:00:00Z^^http://www.w3.org/2001/XMLSchema#dateTime"}], "date_of_death": [], "field_of_work": [], "country": [{"start_char": 76, "end_char": 84, "uri": "http://www.wikidata.org/entity/Q30"}, {"start_char": 76, "end_char": 84, "uri": "http://www.wikidata.org/entity/Q30"}]}, "mentions_same_attribute_class": {"date_of_birth": [], "date_of_death": [], "field_of_work": [], "country": []}}