{"id": "Q76373", "text": "George Elwood Smith (born May 10, 1930) is an American scientist, applied physicist, and co-inventor of the charge-coupled device (CCD). He was awarded a one-quarter share in the 2009 Nobel Prize in Physics for \"the invention of an imaging semiconductor circuit\u2014the CCD sensor, which has become an electronic eye in almost all areas of photography\".", "mentions": {"date_of_birth": [{"start_char": 26, "end_char": 38, "uri": "1930-05-10T00:00:00Z^^http://www.w3.org/2001/XMLSchema#dateTime"}], "date_of_death": [], "field_of_work": [], "country": [{"start_char": 46, "end_char": 54, "uri": "http://www.wikidata.org/entity/Q30"}]}, "mentions_same_attribute_class": {"date_of_birth": [], "date_of_death": [], "field_of_work": [], "country": []}}