{"id": "Q76474", "text": "Walther Wilhelm Georg Bothe (8 January 1891 \u2013 8 February 1957) was a German nuclear physicist, who shared the Nobel Prize in Physics in 1954 with Max Born. In 1913, he joined the newly created Laboratory for Radioactivity at the Reich Physical and Technical Institute (PTR), where he remained until 1930, the latter few years as the director of the laboratory. He served in the military during World War I from 1914, and he was a prisoner of war of the Russians, returning to Germany in 1920. Upon his return to the laboratory, he developed and applied coincidence methods to the study of nuclear reactions, the Compton effect, cosmic rays, and the wave-particle duality of radiation, for which he would receive the Nobel Prize in Physics in 1954. In 1930 he became a full professor and director of the physics department at the University of Giessen. In 1932, he became director of the Physical and Radiological Institute at the University of Heidelberg. He was driven out of this position by elements of the deutsche Physik movement. To preclude his emigration from Germany, he was appointed director of the Physics Institute of the Kaiser Wilhelm Institute for Medical Research (KWImF) in Heidelberg. There, he built the first operational cyclotron in Germany. Furthermore, he became a principal in the German nuclear energy project, also known as the Uranium Club, which was started in 1939 under the supervision of the Army Ordnance Office. In 1946, in addition to his directorship of the Physics Institute at the KWImf, he was reinstated as a professor at the University of Heidelberg. From 1956 to 1957, he was a member of the Nuclear Physics Working Group in Germany. In the year after Bothe's death, his Physics Institute at the KWImF was elevated to the status of a new institute under the Max Planck Society and it then became the Max Planck Institute for Nuclear Physics. Its main building was later named Bothe laboratory.", "mentions": {"date_of_birth": [{"start_char": 29, "end_char": 43, "uri": "1891-01-08T00:00:00Z^^http://www.w3.org/2001/XMLSchema#dateTime"}], "date_of_death": [{"start_char": 46, "end_char": 61, "uri": "1957-02-08T00:00:00Z^^http://www.w3.org/2001/XMLSchema#dateTime"}], "field_of_work": [{"start_char": 803, "end_char": 810, "uri": "http://www.wikidata.org/entity/Q413"}], "country": []}, "mentions_same_attribute_class": {"date_of_birth": [], "date_of_death": [], "field_of_work": [], "country": []}}