{"id": "Q76687", "text": "Johannes Georg Bednorz (born 16 May 1950) is a German physicist who, together with K. Alex M\u00fcller, discovered high-temperature superconductivity in ceramics, for which they shared the 1987 Nobel Prize in Physics.", "mentions": {"date_of_birth": [{"start_char": 29, "end_char": 40, "uri": "1950-05-16T00:00:00Z^^http://www.w3.org/2001/XMLSchema#dateTime"}, {"start_char": 29, "end_char": 40, "uri": "1950-05-16T00:00:00Z^^http://www.w3.org/2001/XMLSchema#dateTime"}], "date_of_death": [], "field_of_work": [], "country": []}, "mentions_same_attribute_class": {"date_of_birth": [], "date_of_death": [], "field_of_work": [], "country": []}}