{"id": "Q76797", "text": "Johannes Hans Daniel Jensen (25 June 1907 \u2013 11 February 1973) was a German nuclear physicist. During World War II, he worked on the German nuclear energy project, known as the Uranium Club, in which he made contributions to the separation of uranium isotopes. After the war Jensen was a professor at the University of Heidelberg. He was a visiting professor at the University of Wisconsin\u2013Madison, the Institute for Advanced Study, Indiana University, and the California Institute of Technology. Jensen shared half of the 1963 Nobel Prize for Physics with Maria Goeppert-Mayer for their proposal of the nuclear shell model.", "mentions": {"date_of_birth": [{"start_char": 29, "end_char": 41, "uri": "1907-06-25T00:00:00Z^^http://www.w3.org/2001/XMLSchema#dateTime"}], "date_of_death": [{"start_char": 44, "end_char": 60, "uri": "1973-02-11T00:00:00Z^^http://www.w3.org/2001/XMLSchema#dateTime"}], "field_of_work": [], "country": []}, "mentions_same_attribute_class": {"date_of_birth": [], "date_of_death": [], "field_of_work": [], "country": []}}