{"id": "Q76970", "text": "Pavel Alekseyevich Cherenkov (Russian: \u041f\u0430\u0301\u0432\u0435\u043b \u0410\u043b\u0435\u043a\u0441\u0435\u0301\u0435\u0432\u0438\u0447 \u0427\u0435\u0440\u0435\u043d\u043a\u043e\u0301\u0432, July 1904 \u2013 January 1990) was a Soviet physicist who shared the Nobel Prize in physics in 1958 with Ilya Frank and Igor Tamm for the discovery of Cherenkov radiation, made in 1934.", "mentions": {"date_of_birth": [], "date_of_death": [], "field_of_work": [{"start_char": 108, "end_char": 117, "uri": "http://www.wikidata.org/entity/Q81197"}, {"start_char": 108, "end_char": 117, "uri": "http://www.wikidata.org/entity/Q81197"}], "country": [{"start_char": 101, "end_char": 107, "uri": "http://www.wikidata.org/entity/Q15180"}, {"start_char": 101, "end_char": 107, "uri": "http://www.wikidata.org/entity/Q15180"}]}, "mentions_same_attribute_class": {"date_of_birth": [], "date_of_death": [], "field_of_work": [], "country": []}}