{"id": "Q78520", "text": "Victor Francis Hess (24 June 1883 \u2013 17 December 1964) was an Austrian-American physicist, and Nobel laureate in physics, who discovered cosmic rays.", "mentions": {"date_of_birth": [{"start_char": 21, "end_char": 33, "uri": "1883-06-24T00:00:00Z^^http://www.w3.org/2001/XMLSchema#dateTime"}, {"start_char": 21, "end_char": 33, "uri": "1883-06-24T00:00:00Z^^http://www.w3.org/2001/XMLSchema#dateTime"}], "date_of_death": [{"start_char": 36, "end_char": 52, "uri": "1964-12-17T00:00:00Z^^http://www.w3.org/2001/XMLSchema#dateTime"}, {"start_char": 36, "end_char": 52, "uri": "1964-12-17T00:00:00Z^^http://www.w3.org/2001/XMLSchema#dateTime"}], "field_of_work": [], "country": []}, "mentions_same_attribute_class": {"date_of_birth": [], "date_of_death": [], "field_of_work": [], "country": []}}