{"id": "Q79000", "text": "Pieter Zeeman ([\u02c8ze\u02d0m\u0251n]; 25 May 1865 \u2013 9 October 1943) was a Dutch physicist who shared the 1902 Nobel Prize in Physics with Hendrik Lorentz for his discovery of the Zeeman effect.", "mentions": {"date_of_birth": [{"start_char": 26, "end_char": 37, "uri": "1865-05-25T00:00:00Z^^http://www.w3.org/2001/XMLSchema#dateTime"}, {"start_char": 26, "end_char": 37, "uri": "1865-05-25T00:00:00Z^^http://www.w3.org/2001/XMLSchema#dateTime"}], "date_of_death": [{"start_char": 40, "end_char": 54, "uri": "1943-10-09T00:00:00Z^^http://www.w3.org/2001/XMLSchema#dateTime"}, {"start_char": 40, "end_char": 54, "uri": "1943-10-09T00:00:00Z^^http://www.w3.org/2001/XMLSchema#dateTime"}], "field_of_work": [], "country": []}, "mentions_same_attribute_class": {"date_of_birth": [], "date_of_death": [], "field_of_work": [], "country": []}}