{"id": "Q80905", "text": "Donald Arthur Glaser (September 21, 1926 \u2013 February 28, 2013) was an American physicist, neurobiologist, and the winner of the 1960 Nobel Prize in Physics for his invention of the bubble chamber used in subatomic particle physics.", "mentions": {"date_of_birth": [{"start_char": 22, "end_char": 40, "uri": "1926-09-21T00:00:00Z^^http://www.w3.org/2001/XMLSchema#dateTime"}, {"start_char": 22, "end_char": 40, "uri": "1926-09-21T00:00:00Z^^http://www.w3.org/2001/XMLSchema#dateTime"}], "date_of_death": [{"start_char": 43, "end_char": 60, "uri": "2013-02-28T00:00:00Z^^http://www.w3.org/2001/XMLSchema#dateTime"}, {"start_char": 43, "end_char": 60, "uri": "2013-02-28T00:00:00Z^^http://www.w3.org/2001/XMLSchema#dateTime"}], "field_of_work": [], "country": [{"start_char": 69, "end_char": 77, "uri": "http://www.wikidata.org/entity/Q30"}, {"start_char": 69, "end_char": 77, "uri": "http://www.wikidata.org/entity/Q30"}]}, "mentions_same_attribute_class": {"date_of_birth": [], "date_of_death": [], "field_of_work": [], "country": []}}