{"id": "Q82563", "text": "Leon N Cooper (born February 28, 1930) is an American physicist and Nobel Prize laureate, who with John Bardeen and John Robert Schrieffer, developed the BCS theory of superconductivity. He is also the namesake of the Cooper pair and co-developer of the BCM theory of synaptic plasticity.", "mentions": {"date_of_birth": [{"start_char": 20, "end_char": 37, "uri": "1930-02-28T00:00:00Z^^http://www.w3.org/2001/XMLSchema#dateTime"}, {"start_char": 20, "end_char": 37, "uri": "1930-02-28T00:00:00Z^^http://www.w3.org/2001/XMLSchema#dateTime"}], "date_of_death": [], "field_of_work": [], "country": [{"start_char": 45, "end_char": 53, "uri": "http://www.wikidata.org/entity/Q30"}, {"start_char": 45, "end_char": 53, "uri": "http://www.wikidata.org/entity/Q30"}]}, "mentions_same_attribute_class": {"date_of_birth": [], "date_of_death": [], "field_of_work": [], "country": []}}