{"id": "Q83297", "text": "John William Strutt, 3rd Baron Rayleigh OM PRS (/\u02c8re\u026ali/; 12 November 1842 \u2013 30 June 1919) was an English physicist who, with William Ramsay, discovered argon, an achievement for which he earned the Nobel Prize for Physics in 1904. He also discovered the phenomenon now called Rayleigh scattering, which can be used to explain why the sky is blue, and predicted the existence of the surface waves now known as Rayleigh waves. Rayleigh's textbook, The Theory of Sound, is still referred to by acoustic engineers today.", "mentions": {"date_of_birth": [{"start_char": 58, "end_char": 74, "uri": "1842-11-12T00:00:00Z^^http://www.w3.org/2001/XMLSchema#dateTime"}, {"start_char": 58, "end_char": 74, "uri": "1842-11-12T00:00:00Z^^http://www.w3.org/2001/XMLSchema#dateTime"}], "date_of_death": [{"start_char": 77, "end_char": 89, "uri": "1919-06-30T00:00:00Z^^http://www.w3.org/2001/XMLSchema#dateTime"}, {"start_char": 77, "end_char": 89, "uri": "1919-06-30T00:00:00Z^^http://www.w3.org/2001/XMLSchema#dateTime"}], "field_of_work": [], "country": []}, "mentions_same_attribute_class": {"date_of_birth": [], "date_of_death": [], "field_of_work": [], "country": []}}