{"id": "Q83331", "text": "Louis-Victor-Pierre-Raymond, 7e duc de Broglie (/d\u0259\u02c8br\u0254\u026a/; [d\u0259b\u0281\u0254j] or [d\u0259b\u0281\u0153j]; 15 August 1892 \u2013 19 March 1987) was a French physicist who made groundbreaking contributions to quantum theory. In his 1924 PhD thesis he postulated the wave nature of electrons and suggested that all matter has wave properties. This concept is known as the de Broglie hypothesis, an example of wave-particle duality, and forms a central part of the theory of quantum mechanics. De Broglie won the Nobel Prize for Physics in 1929, after the wave-like behaviour of matter was first experimentally demonstrated in 1927. The 1925's pilot-wave picture, and the wave-like behaviour of particles discovered by de Broglie was used by Erwin Schr\u00f6dinger in his formulation of wave mechanics. The pilot-wave model and interpretation was then abandoned, in favor of the quantum formalism, until 1952 when it was rediscovered and enhanced by David Bohm. Louis de Broglie was the sixteenth member elected to occupy seat 1 of the Acad\u00e9mie fran\u00e7aise in 1944, and served as Perpetual Secretary of the French Academy of Sciences. De Broglie became the first high-level scientist to call for establishment of a multi-national laboratory, a proposal that led to the establishment of the European Organization for Nuclear Research (CERN).", "mentions": {"date_of_birth": [{"start_char": 81, "end_char": 95, "uri": "1892-08-15T00:00:00Z^^http://www.w3.org/2001/XMLSchema#dateTime"}], "date_of_death": [{"start_char": 98, "end_char": 111, "uri": "1987-03-19T00:00:00Z^^http://www.w3.org/2001/XMLSchema#dateTime"}], "field_of_work": [], "country": []}, "mentions_same_attribute_class": {"date_of_birth": [], "date_of_death": [], "field_of_work": [], "country": []}}