{"id": "Q83552", "text": "Alexander Mikhaylovich Prokhorov, or Aleksandr Mikhailovich Prokhorov, (Russian: \u0410\u043b\u0435\u043a\u0441\u0430\u0301\u043d\u0434\u0440 \u041c\u0438\u0445\u0430\u0301\u0439\u043b\u043e\u0432\u0438\u0447 \u041f\u0440\u043e\u0301\u0445\u043e\u0440\u043e\u0432; 11 July 1916 \u2013 8 January 2002) was a Soviet physicist known for his pioneering research on lasers and masers for which he shared the Nobel Prize in Physics in 1964 with Charles Hard Townes and Nikolay Basov.", "mentions": {"date_of_birth": [{"start_char": 115, "end_char": 127, "uri": "1916-07-11T00:00:00Z^^http://www.w3.org/2001/XMLSchema#dateTime"}, {"start_char": 115, "end_char": 127, "uri": "1916-07-11T00:00:00Z^^http://www.w3.org/2001/XMLSchema#dateTime"}], "date_of_death": [{"start_char": 130, "end_char": 144, "uri": "2002-01-08T00:00:00Z^^http://www.w3.org/2001/XMLSchema#dateTime"}, {"start_char": 130, "end_char": 144, "uri": "2002-01-08T00:00:00Z^^http://www.w3.org/2001/XMLSchema#dateTime"}], "field_of_work": [], "country": [{"start_char": 152, "end_char": 158, "uri": "http://www.wikidata.org/entity/Q15180"}, {"start_char": 152, "end_char": 158, "uri": "http://www.wikidata.org/entity/Q15180"}]}, "mentions_same_attribute_class": {"date_of_birth": [], "date_of_death": [], "field_of_work": [], "country": []}}