{"id": "Q83557", "text": "Nikolay Gennadiyevich Basov (Russian: \u041d\u0438\u043a\u043e\u043b\u0430\u0301\u0439 \u0413\u0435\u043d\u043d\u0430\u0301\u0434\u0438\u0435\u0432\u0438\u0447 \u0411\u0430\u0301\u0441\u043e\u0432; 14 December 1922 \u2013 1 July 2001) was a Soviet physicist and educator. For his fundamental work in the field of quantum electronics that led to the development of laser and maser, Basov shared the 1964 Nobel Prize in Physics with Alexander Prokhorov and Charles Hard Townes.", "mentions": {"date_of_birth": [{"start_char": 68, "end_char": 84, "uri": "1922-12-14T00:00:00Z^^http://www.w3.org/2001/XMLSchema#dateTime"}], "date_of_death": [{"start_char": 87, "end_char": 98, "uri": "2001-07-01T00:00:00Z^^http://www.w3.org/2001/XMLSchema#dateTime"}], "field_of_work": [], "country": [{"start_char": 106, "end_char": 112, "uri": "http://www.wikidata.org/entity/Q15180"}]}, "mentions_same_attribute_class": {"date_of_birth": [], "date_of_death": [], "field_of_work": [], "country": []}}