{"id": "Q9021", "text": "Max Karl Ernst Ludwig Planck, FRS (/pl\u0251\u02d0\u014bk/; 23 April 1858 \u2013 4 October 1947) was a German theoretical physicist whose work on quantum theory won him the Nobel Prize in Physics in 1918. Planck made many contributions to theoretical physics, but his fame as a physicist rests primarily on his role as an originator of quantum theory, which revolutionized human understanding of atomic and subatomic processes. However, his name is also known on a broader academic basis, through the renaming in 1948 of the German scientific institution, the Kaiser Wilhelm Society (of which he was twice president), as the Max Planck Society (MPS). The MPS now includes 83 institutions representing a wide range of scientific directions.", "mentions": {"date_of_birth": [{"start_char": 45, "end_char": 58, "uri": "1858-04-23T00:00:00Z^^http://www.w3.org/2001/XMLSchema#dateTime"}, {"start_char": 45, "end_char": 58, "uri": "1858-04-23T00:00:00Z^^http://www.w3.org/2001/XMLSchema#dateTime"}], "date_of_death": [{"start_char": 61, "end_char": 75, "uri": "1947-10-04T00:00:00Z^^http://www.w3.org/2001/XMLSchema#dateTime"}, {"start_char": 61, "end_char": 75, "uri": "1947-10-04T00:00:00Z^^http://www.w3.org/2001/XMLSchema#dateTime"}], "field_of_work": [{"start_char": 90, "end_char": 111, "uri": "http://www.wikidata.org/entity/Q18362"}, {"start_char": 219, "end_char": 238, "uri": "http://www.wikidata.org/entity/Q18362"}, {"start_char": 90, "end_char": 111, "uri": "http://www.wikidata.org/entity/Q18362"}, {"start_char": 219, "end_char": 238, "uri": "http://www.wikidata.org/entity/Q18362"}], "country": []}, "mentions_same_attribute_class": {"date_of_birth": [], "date_of_death": [], "field_of_work": [], "country": []}}