{"id": "Q9130", "text": "Erwin Rudolf Josef Alexander Schr\u00f6dinger ([\u02c8\u025b\u0250\u032fvi\u02d0n \u02c8\u0283\u0281\u00f8\u02d0d\u026a\u014b\u0250]; 12 August 1887 \u2013 4 January 1961), sometimes written as Erwin Schrodinger or Erwin Schroedinger, was a Nobel Prize-winning Austrian physicist who developed a number of fundamental results in the field of quantum theory, which formed the basis of wave mechanics: he formulated the wave equation (stationary and time-dependent Schr\u00f6dinger equation) and revealed the identity of his development of the formalism and matrix mechanics. Schr\u00f6dinger proposed an original interpretation of the physical meaning of the wave function. In addition, he was the author of many works in various fields of physics: statistical mechanics and thermodynamics, physics of dielectrics, colour theory, electrodynamics, general relativity, and cosmology, and he made several attempts to construct a unified field theory. In his book What Is Life? Schr\u00f6dinger addressed the problems of genetics, looking at the phenomenon of life from the point of view of physics. He paid great attention to the philosophical aspects of science, ancient and oriental philosophical concepts, ethics, and religion. He also wrote on philosophy and theoretical biology. He is also known for his \"Schr\u00f6dinger's cat\" thought-experiment.", "mentions": {"date_of_birth": [{"start_char": 64, "end_char": 78, "uri": "1887-08-12T00:00:00Z^^http://www.w3.org/2001/XMLSchema#dateTime"}], "date_of_death": [{"start_char": 81, "end_char": 95, "uri": "1961-01-04T00:00:00Z^^http://www.w3.org/2001/XMLSchema#dateTime"}], "field_of_work": [], "country": []}, "mentions_same_attribute_class": {"date_of_birth": [], "date_of_death": [], "field_of_work": [], "country": []}}