{
  "id": "Q937",
  "text": "Albert Einstein (/\u02c8a\u026ansta\u026an/; [\u02c8alb\u025b\u0250\u032ft \u02c8a\u026an\u0283ta\u026an]; 14 March 1879 \u2013 18 April 1955) was a German-born theoretical physicist. He developed the general theory of relativity, one of the two pillars of modern physics (alongside quantum mechanics).:274 Einstein's work is also known for its influence on the philosophy of science. Einstein is best known in popular culture for his mass\u2013energy equivalence formula E = mc2 (which has been dubbed \"the world's most famous equation\"). He received the 1921 Nobel Prize in Physics for his \"services to theoretical physics\", in particular his discovery of the law of the photoelectric effect, a pivotal step in the evolution of quantum theory. Near the beginning of his career, Einstein thought that Newtonian mechanics was no longer enough to reconcile the laws of classical mechanics with the laws of the electromagnetic field. This led to the development of his special theory of relativity. He realized, however, that the principle of relativity could also be extended to gravitational fields, and with his subsequent theory of gravitation in 1916, he published a paper on general relativity. He continued to deal with problems of statistical mechanics and quantum theory, which led to his explanations of particle theory and the motion of molecules. He also investigated the thermal properties of light which laid the foundation of the photon theory of light. In 1917, Einstein applied the general theory of relativity to model the large-scale structure of the universe. He was visiting the United States when Adolf Hitler came to power in 1933 and, being Jewish, did not go back to Germany, where he had been a professor at the Berlin Academy of Sciences. He settled in the U.S., becoming an American citizen in 1940. On the eve of World War II, he endorsed a letter to President Franklin D. Roosevelt alerting him to the potential development of \"extremely powerful bombs of a new type\" and recommending that the U.S. begin similar research. This eventually led to what would become the Manhattan Project. Einstein supported defending the Allied forces, but largely denounced the idea of using the newly discovered nuclear fission as a weapon. Later, with the British philosopher Bertrand Russell, Einstein signed the Russell\u2013Einstein Manifesto, which highlighted the danger of nuclear weapons. Einstein was affiliated with the Institute for Advanced Study in Princeton, New Jersey, until his death in 1955. Einstein published more than 300 scientific papers along with over 150 non-scientific works. On 5 December 2014, universities and archives announced the release of Einstein's papers, comprising more than 30,000 unique documents. Einstein's intellectual achievements and originality have made the word \"Einstein\" synonymous with \"genius\".",
  "mentions": {
    "date_of_birth": [],
    "date_of_death": [
      {
        "start_char": 68,
        "end_char": 81,
        "uri": "1955-04-18T00:00:00Z^^http://www.w3.org/2001/XMLSchema#dateTime"
      },
      {
        "start_char": 68,
        "end_char": 81,
        "uri": "1955-04-18T00:00:00Z^^http://www.w3.org/2001/XMLSchema#dateTime"
      }
    ],
    "field_of_work": [
      {
        "start_char": 101,
        "end_char": 122,
        "uri": "http://www.wikidata.org/entity/Q18362"
      },
      {
        "start_char": 540,
        "end_char": 559,
        "uri": "http://www.wikidata.org/entity/Q18362"
      },
      {
        "start_char": 101,
        "end_char": 122,
        "uri": "http://www.wikidata.org/entity/Q18362"
      },
      {
        "start_char": 540,
        "end_char": 559,
        "uri": "http://www.wikidata.org/entity/Q18362"
      }
    ],
    "country": [
      {
        "start_char": 1533,
        "end_char": 1546,
        "uri": "http://www.wikidata.org/entity/Q30"
      },
      {
        "start_char": 1735,
        "end_char": 1743,
        "uri": "http://www.wikidata.org/entity/Q30"
      },
      {
        "start_char": 1533,
        "end_char": 1546,
        "uri": "http://www.wikidata.org/entity/Q30"
      },
      {
        "start_char": 1735,
        "end_char": 1743,
        "uri": "http://www.wikidata.org/entity/Q30"
      }
    ]
  },
  "mentions_same_attribute_class": {
    "date_of_birth": [],
    "date_of_death": [],
    "field_of_work": [],
    "country": []
  }
}