{"id": "Q949", "text": "John Bardeen (May 23, 1908 \u2013 January 30, 1991) was an American physicist and electrical engineer, the only person to have won the Nobel Prize in Physics twice: first in 1956 with William Shockley and Walter Brattain for the invention of the transistor; and again in 1972 with Leon N Cooper and John Robert Schrieffer for a fundamental theory of conventional superconductivity known as the BCS theory. The transistor revolutionized the electronics industry, allowing the Information Age to occur, and made possible the development of almost every modern electronic device, from telephones to computers to missiles. Bardeen's developments in superconductivity, which won him his second Nobel, are used in Nuclear Magnetic Resonance Spectroscopy (NMR) or its medical sub-tool magnetic resonance imaging (MRI). In 1990, John Bardeen appeared on LIFE Magazine's list of \"100 Most Influential Americans of the Century.\"", "mentions": {"date_of_birth": [{"start_char": 14, "end_char": 26, "uri": "1908-05-23T00:00:00Z^^http://www.w3.org/2001/XMLSchema#dateTime"}, {"start_char": 14, "end_char": 26, "uri": "1908-05-23T00:00:00Z^^http://www.w3.org/2001/XMLSchema#dateTime"}], "date_of_death": [{"start_char": 29, "end_char": 45, "uri": "1991-01-30T00:00:00Z^^http://www.w3.org/2001/XMLSchema#dateTime"}, {"start_char": 29, "end_char": 45, "uri": "1991-01-30T00:00:00Z^^http://www.w3.org/2001/XMLSchema#dateTime"}], "field_of_work": [], "country": [{"start_char": 54, "end_char": 62, "uri": "http://www.wikidata.org/entity/Q30"}, {"start_char": 54, "end_char": 62, "uri": "http://www.wikidata.org/entity/Q30"}]}, "mentions_same_attribute_class": {"date_of_birth": [], "date_of_death": [], "field_of_work": [], "country": []}}