{"id": "2020-11-25", "text": "Summary (as of 25/11/2020, 12:00 AM)\n\u2022 Currently, an increase of transmissions in the population in Germany can be observed. Therefore, the entire population is\nstrongly encouraged to commit itself to infection prevention and control.\n\u2022 The nationwide incidence over the past 7 days is 140 cases per 100,000 population.\n\u2022 Since the beginning of September, the proportion of cases in older age groups has been increasing again. The 7-day\nincidence of people \u2265 60 years is currently 110 cases/100,000 population.\n\u2022 The 7-day incidence in Bavaria, Berlin, Bremen, Hesse, North Rhine-Westphalia and Saxony is higher than the national total\n7-day incidence.\n\u2022 Almost all districts have a high 7-day incidence. Only 5 districts have an incidence of \u2264 25 cases/100,000 population. In\ncomparison, 282 districts have an incidence of >100 cases/100,000 population and of these, 19 districts have an incidence\nof >250-500 cases/100,000 population and one district of >500-1000 cases/100,000 population.\n\u2022 The high nationwide number of cases is caused by increasingly diffuse transmission, with numerous clusters in households,\nbut also in community institutions, nursing and long-term care homes, as well as in occupational settings or related to\nreligious events. For a large proportion of cases the transmission setting remains unclear.\n\u2022 The proportion of outbreaks with over 5 people within the settings of nursing homes has continuously and considerably\nincreased since week 38.\n\u2022 Since mid of October, the number of COVID-19 patients requiring intensive care has strongly increased, from 655 patients\non 15/11/2020 to 3,781 patients on 25/11/2020.\n\u2022 On 25/11/2020, 18.633 new laboratory-confirmed COVID-19 cases and 410 new deaths associated with COVID-19 have\nbeen transmitted to the RKI in Germany.", "mentions": {"date": [{"start_char": 15, "end_char": 25}], "new_cases": [{"start_char": 1660, "end_char": 1666}], "new_deaths": [{"start_char": 1711, "end_char": 1714}], "incidence": [{"start_char": 286, "end_char": 289}], "patients_intensive_care": [{"start_char": 1613, "end_char": 1618}], "vaccinated": [], "twice_vaccinated": []}, "mentions_same_attribute_class": {"date": [], "new_cases": [], "new_deaths": [], "incidence": [], "patients_intensive_care": [], "vaccinated": [], "twice_vaccinated": []}}