{"id": "2020-12-22", "text": "Summary (as of 22/12/2020, 12:00 AM)\n\u2022 Currently, the number of transmissions in the population in Germany is high. Therefore, the entire population is strongly encouraged to\ncommit itself to infection prevention and control even more dedicatedly than before.\n\u2022 Since 04/12/2020, the case numbers show a sharp increase again. The national 7-day incidence is 198 cases per 100,000 population. In Saxony\nand Thuringia, it is considerably above the national incidence.\n\u2022 Since the beginning of September, the proportion of cases in older age groups has been increasing again. The 7-day incidence of people \u226560\nyears is currently 196 cases/100,000 population.\n\u2022 Almost all of the 412 districts have a high 7-day COVID-19 incidence. No district had an incidence of \u226425 cases/100,000 population. In\ncomparison, 364 districts have an incidence of >100 cases/100,000 population and of these, 72 districts have an incidence of >250-500\ncases/100,000 population and 9 districts of >500 cases/100,000 population.\n\u2022 The high nationwide number of cases is caused by increasingly diffuse transmission, with numerous clusters especially in households and\nnursing and long-term care homes, but also in occupational settings, community facilities and related to religious events. For a large\nproportion of cases the transmission setting remains unclear.\n\u2022 Yesterday, 19,528 new laboratory-confirmed COVID-19 cases as well as 731 new deaths associated with COVID-19 have been transmitted to\nthe RKI in Germany. With 5,216 cases, the number of COVID-19 cases treated in intensive care continues to increase.\n\u2022 RKI now judges the level of threat to the health of the general population as very high.\n\u2022 The Standing Committee on Vaccination (STIKO) published recommendations for the COVID-19 vaccination (17/12/2020).\n\u2022 On 12/19/2020, a new virus variant was reported in the UK. The ECDC has published a Rapid Risk Assessment on 20/12/2020. To date, it is\nunknown how the new virus variant will affect the COVID-19 pandemic. So far, the new virus variant has not yet been detected in Germany.", "mentions": {"date": [{"start_char": 15, "end_char": 25}], "new_cases": [{"start_char": 1350, "end_char": 1356}], "new_deaths": [{"start_char": 1408, "end_char": 1411}], "incidence": [{"start_char": 358, "end_char": 361}], "patients_intensive_care": [{"start_char": 1498, "end_char": 1503}], "vaccinated": [], "twice_vaccinated": []}, "mentions_same_attribute_class": {"date": [], "new_cases": [], "new_deaths": [], "incidence": [], "patients_intensive_care": [], "vaccinated": [], "twice_vaccinated": []}}