{"id": "2020-12-27", "text": "Summary (as of 27/12/2020, 12:00 AM)\n\u2022 Currently, the number of transmissions in the population in Germany is high. RKI now judges the level of threat to the health of the general\npopulation as very high.\n\u2022 Yesterday, 13,755 new laboratory-confirmed COVID-19 cases as well as 356 new deaths associated with COVID-19 were transmitted to the RKI\nin Germany. The national 7-day incidence is 161 cases per 100,000 population. In Saxony and Thuringia, it is markedly above the national\nincidence.\n\u2022 Almost all of the 412 districts have a high 7-day COVID-19 incidence. 327 districts have an incidence of >100 cases/100,000 population and of\nthese, 53 districts have an incidence of >250-500 cases/100,000 population and 2 districts of >500 cases/100,000 population.\n\u2022 The 7-day incidence of people \u226560 years is currently 171 cases/100,000 population and above the national incidence since 23/12/2020.\n\u2022 The high nationwide number of cases is caused by increasingly diffuse transmission, with numerous clusters especially in households and\nnursing and long-term care homes.\n\u2022 On 27/12/2020 (12:15 PM) 5,562 COVID-19 patients were in intensive care. In the leading 24 hours, +575 existing patients had been\ndischarged (39% of which had died) and +602 patients were newly admitted. The resulting number of ongoing cases was +27 more than the\nprior day.\n\u2022 On 12/19/2020, a new virus variant was reported in the UK. The ECDC has published a Rapid Risk Assessment on 20/12/2020. To date, it is\nunknown how the new virus variant will affect the COVID-19 pandemic. So far, one case with the new variant virus has been reported in\nGermany (Baden-W\u00fcrttemberg). Further cases may be expected.\n\u2022 Today, 27th of December 2020, vaccinations against SARS-CoV-2 have started in all federal states.\n\u2022 On January 1, 2021 no situation report will be released. Testing and notification activities may be lower during the festive season, resulting in a\nputatively incomplete picture of the epidemiological situation in Germany. ", "mentions": {"date": [{"start_char": 15, "end_char": 25}], "new_cases": [{"start_char": 218, "end_char": 224}], "new_deaths": [{"start_char": 276, "end_char": 279}], "incidence": [{"start_char": 388, "end_char": 391}], "patients_intensive_care": [{"start_char": 1095, "end_char": 1100}], "vaccinated": [], "twice_vaccinated": []}, "mentions_same_attribute_class": {"date": [], "new_cases": [], "new_deaths": [], "incidence": [], "patients_intensive_care": [], "vaccinated": [], "twice_vaccinated": []}}