{"id": "2020-12-30", "text": "Summary (as of 30/12/2020, 12:00 AM)\n\u2022 Currently, the number of transmissions in the population in Germany is high. RKI now judges the level of threat to the health of the general\npopulation as very high.\n\u2022 Yesterday, 22,459 new laboratory-confirmed COVID-19 cases as well as 1,129 new deaths associated with COVID-19 were transmitted to the\nRKI in Germany. The national 7-day incidence is 141 cases per 100,000 population. In Saxony and Thuringia, it is markedly above the national\nincidence.\n\u2022 Almost all of the 412 districts have a high 7-day COVID-19 incidence. 290 districts have an incidence of >100 cases/100,000 population and of\nthese, 34 districts have an incidence of >250-500 cases/100,000 population and 3 districts of >500 cases/100,000 population.\n\u2022 The 7-day incidence of people 60-79 years is currently 114 and of people \u226580 years 276 cases/100,000 population.\n\u2022 The high nationwide number of cases is caused by increasingly diffuse transmission, with numerous clusters especially in households and\nnursing and long-term care homes.\n\u2022 On 30/12/2020 (12:15 PM) 5,648 COVID-19 patients were in intensive care. In the preceding 24 hours, 966 existing patients had been\ndischarged (28% of whom had died) and 965 patients were newly admitted. The resulting number of cases under treatment was 1 less than\none day prior.\n\u2022 On 12/19/2020, a new virus variant was reported in the UK. The ECDC has published a Rapid Risk Assessment on 20/12/2020. To date, it is\nunknown how the new virus variant will affect the COVID-19 pandemic. So far, a few cases of this new variant have been transmitted to the\nRKI. Further cases may be expected.\n\u2022 Since 26/12/2020 a total of 78,109 people in Germany have been vaccinated against COVID-19 (http://www.rki.de/covid-19-impfquoten)\n\u2022 On January 1, 2021 no situation report will be released. Testing and notification activities may be lower during the festive season, resulting in a\nputatively incomplete picture of the epidemiological situation in Germany. ", "mentions": {"date": [{"start_char": 15, "end_char": 25}], "new_cases": [{"start_char": 218, "end_char": 224}], "new_deaths": [{"start_char": 276, "end_char": 281}], "incidence": [{"start_char": 390, "end_char": 393}], "patients_intensive_care": [{"start_char": 1077, "end_char": 1082}], "vaccinated": [{"start_char": 1674, "end_char": 1680}], "twice_vaccinated": []}, "mentions_same_attribute_class": {"date": [], "new_cases": [], "new_deaths": [], "incidence": [], "patients_intensive_care": [], "vaccinated": [], "twice_vaccinated": []}}