{"id": "2020-11-13", "text": "Summary (as of 13/11/2020, 12:00 AM)\n\u2022 Currently, an increase of transmissions in the population in Germany can be observed. Therefore, the entire population is\nstrongly encouraged to commit itself to infection prevention and control.\n\u2022 The nationwide incidence over the past 7 days is 140 cases per 100,000 population.\n\u2022 Since the beginning of September, the proportion of cases in older age groups has been increasing again. The 7-day\nincidence of people \u2265 60 years is currently 97 cases/100.000 population.\n\u2022 The 7-day incidence in Bavaria, Berlin, Bremen, Hesse, North Rhine-Westphalia, Saarland and Saxony is higher than the\nnational total 7-day incidence.\n\u2022 Almost all districts have a high 7-day incidence. Only 9 districts have an incidence \u226425 cases/100,000 population. As of\ntoday, 32 districts have an incidence of >25-50 cases /100,000 population, 101 districts have an incidence of >50-100\ncases/100,000 population, 270 districts have an incidence of >100 cases/100,000 population and of these, 18 districts have\nan incidence of >250 cases/100,000 population.\n\u2022 The nationwide increase is caused by increasingly diffuse transmission, with numerous clusters in households, but also in\ncommunity institutions, nursing and long-term care homes, as well as in occupational settings or related to religious events\nFor a large proportion of cases the transmission setting remains unclear.\n\u2022 The number of COVID-19 patients requiring intensive care has increased in the past 2 weeks from 1,839 patients on\n30/10/2020 to 3,299 patients on 13/11/2020.\n\u2022 On 13/11/2020, 23,542 new laboratory-confirmed COVID-19 cases and 218 new deaths associated with COVID-19 have been\ntransmitted to the RKI in Germany. \n", "mentions": {"date": [{"start_char": 15, "end_char": 25}], "new_cases": [{"start_char": 1573, "end_char": 1579}], "new_deaths": [{"start_char": 1624, "end_char": 1627}], "incidence": [{"start_char": 286, "end_char": 289}], "patients_intensive_care": [], "vaccinated": [], "twice_vaccinated": []}, "mentions_same_attribute_class": {"date": [], "new_cases": [], "new_deaths": [], "incidence": [], "patients_intensive_care": [], "vaccinated": [], "twice_vaccinated": []}}