{"id": "2020-12-08", "text": "Summary (as of 08/12/2020, 12:00 AM)\n\u2022 Currently, the number of transmissions in the population in Germany is high. Therefore, the entire population is strongly\nencouraged to commit itself to infection prevention and control.\n\u2022 Since 04/12/2020, the case numbers are slightly increasing.\n\u2022 The national 7-day incidence is 147 cases per 100,000 population. In Saxony it is markedly above, in Bavaria, Berlin and\nThuringia moderately above and in Baden-W\u00fcrttemberg and Hesse marginally above the national average.\n\u2022 Since the beginning of September, the proportion of cases in older age groups has been increasing again. The 7-day\nincidence of people \u2265 60 years is currently 134 cases/100,000 population.\n\u2022 Almost all of the 412 districts have a high 7-day COVID-19 incidence. Only 8 districts transmitted an incidence of \u226425\ncases/100,000 population. In comparison, 297 districts have an incidence of >100 cases/100,000 population and of these,\n28 districts have an incidence of >250-500 cases/100,000 population and 3 districts of >500 cases/100,000 population.\n\u2022 The high nationwide number of cases is caused by increasingly diffuse transmission, with numerous clusters especially in\nhouseholds and nursing and long-term care homes, but also in occupational settings, community facilities and related to\nreligious events. For a large proportion of cases the transmission setting remains unclear.\n\u2022 With 4,257 cases, the current number of COVID-19 cases treated in intensive care continues to increase (3,742 cases on\n23/11/2020).\n\u2022 On 07/12/2020, 14,054 new laboratory-confirmed COVID-19 cases and 423 new deaths associated with COVID-19 have\nbeen transmitted to the RKI in Germany. ", "mentions": {"date": [{"start_char": 15, "end_char": 25}], "new_cases": [{"start_char": 1548, "end_char": 1554}], "new_deaths": [{"start_char": 1599, "end_char": 1602}], "incidence": [{"start_char": 322, "end_char": 325}], "patients_intensive_care": [{"start_char": 1404, "end_char": 1409}], "vaccinated": [], "twice_vaccinated": []}, "mentions_same_attribute_class": {"date": [], "new_cases": [], "new_deaths": [], "incidence": [], "patients_intensive_care": [], "vaccinated": [], "twice_vaccinated": []}}