{"id": "2020-12-11", "text": "Summary (as of 11/12/2020, 12:00 AM)\n\u2022 Currently, the number of transmissions in the population in Germany is high. Therefore, the entire population is strongly\nencouraged to commit itself to infection prevention and control.\n\u2022 Since 04/12/2020, the case numbers show a sharp increase again.\n\u2022 The national 7-day incidence is 156 cases per 100,000 population. In Saxony it is very clearly above, in Bavaria, Berlin and\nThuringia clearly above, and in Saarland and Baden Wuerttemberg somewhat above the national average.\n\u2022 Since the beginning of September, the proportion of cases in older age groups has been increasing again. The 7-day\nincidence of people \u226560 years is currently 143 cases/100,000 population.\n\u2022 Almost all of the 412 districts have a high 7-day COVID-19 incidence. Only 7 districts have an incidence of \u226425\ncases/100,000 population. In comparison, 321 districts have an incidence of >100 cases/100,000 population and of these,\n35 districts have an incidence of >250-500 cases/100,000 population and 2 districts of >500 cases/100,000 population.\n\u2022 The high nationwide number of cases is caused by increasingly diffuse transmission, with numerous clusters especially in\nhouseholds and nursing and long-term care homes, but also in occupational settings, community facilities and related to\nreligious events. For a large proportion of cases the transmission setting remains unclear.\n\u2022 With 4,432 cases, the current number of COVID-19 cases treated in intensive care continues to increase.\n\u2022 On 10/12/2020, 29,875 new laboratory-confirmed COVID-19 cases, the highest number since the beginning of the\npandemic, have been transmitted to the RKI in Germany, as well as 598 new deaths associated with COVID-19.\n\u2022 RKI\u2019s risk assessment was updated. RKI now judges the level of danger to the health of the general population as very high.", "mentions": {"date": [{"start_char": 15, "end_char": 25}], "new_cases": [{"start_char": 1520, "end_char": 1526}], "new_deaths": [{"start_char": 1680, "end_char": 1683}], "incidence": [{"start_char": 326, "end_char": 329}], "patients_intensive_care": [{"start_char": 1404, "end_char": 1409}], "vaccinated": [], "twice_vaccinated": []}, "mentions_same_attribute_class": {"date": [], "new_cases": [], "new_deaths": [], "incidence": [], "patients_intensive_care": [], "vaccinated": [], "twice_vaccinated": []}}