{"id": "2020-11-29", "text": "Summary (as of 29/11/2020, 12:00 AM)\n\u2022 Currently, an increase of transmissions in the population in Germany can be observed. Therefore, the entire population is\nstrongly encouraged to commit itself to infection prevention and control.\n\u2022 The 7-day incidence in Bavaria, Berlin, Hesse, North Rhine-Westphalia, Saxony and Thuringia is higher than the national\ntotal 7-day incidence of 136 cases per 100,000 population.\n\u2022 Since the beginning of September, the proportion of cases in older age groups has been increasing again. The 7-day\nincidence of people \u2265 60 years is currently 114 cases/100,000 population.\n\u2022 Almost all districts have a high 7-day COVID-19 incidence. Only 8 districts have an incidence of \u2264 25 cases/100,000\npopulation. In comparison, 274 districts have an incidence of >100 cases/100,000 population and of these, 18 districts have\nan incidence of >250-500 cases/100,000 population and two districts of >500-1000 cases/100,000 population.\n\u2022 The high nationwide number of cases is caused by increasingly diffuse transmission, with numerous clusters in households,\nbut also in community facilities, nursing and long-term care homes, as well as in occupational settings or related to\nreligious events. For a large proportion of cases the transmission setting remains unclear.\n\u2022 Between mid-October and mid-November, the number of COVID-19 cases treated in intensive care increased dramatically,\nfrom 655 patients on 15/10/2020 to 3,395 on 15/11/2020. Since then, the increase has slowed down slightly, with 3,901\ncases on 28/11/2020.\n\u2022 On 29/11/2020, 14,611 new laboratory-confirmed COVID-19 cases and 158 new deaths associated with COVID-19 have\nbeen transmitted to the RKI in Germany.", "mentions": {"date": [{"start_char": 15, "end_char": 25}], "new_cases": [{"start_char": 1565, "end_char": 1571}], "new_deaths": [{"start_char": 1616, "end_char": 1619}], "incidence": [{"start_char": 382, "end_char": 385}], "patients_intensive_care": [{"start_char": 1444, "end_char": 1449}], "vaccinated": [], "twice_vaccinated": []}, "mentions_same_attribute_class": {"date": [], "new_cases": [], "new_deaths": [], "incidence": [], "patients_intensive_care": [], "vaccinated": [], "twice_vaccinated": []}}