{"id": "2020-11-23", "text": "Summary (as of 23/11/2020, 12:00 AM)\n\u2022 Currently, an increase of transmissions in the population in Germany can be observed. Therefore, the entire population is\nstrongly encouraged to commit itself to infection prevention and control.\n\u2022 The nationwide incidence over the past 7 days is 143 cases per 100,000 population.\n\u2022 Since the beginning of September, the proportion of cases in older age groups has been increasing again. The 7-day\nincidence of people \u2265 60 years is currently 112 cases/100,000 population.\n\u2022 The 7-day incidence in Bavaria, Berlin, Bremen, Hesse, North Rhine-Westphalia and Saxony is higher than the national total\n7-day incidence.\n\u2022 Almost all districts have a high 7-day incidence. Only 5 districts have an incidence of \u2264 25 cases/100,000 population. In\ncomparison, 279 districts have an incidence of >100 cases/100,000 population and of these, 31 districts have an incidence\nof >250 cases/100,000 population.\n\u2022 The high nationwide number of cases is caused by increasingly diffuse transmission, with numerous clusters in households,\nbut also in community institutions, nursing and long-term care homes, as well as in occupational settings or related to\nreligious events. For a large proportion of cases the transmission setting remains unclear.\n\u2022 Since mid of October, the number of COVID-19 patients requiring intensive care has strongly increased, from 655 patients\non October 15th to 3.742 patients on 22/11/2020.\n\u2022 Until 23/11/2020, 10,864 new laboratory-confirmed COVID-19 cases and 90 new deaths associated with COVID-19 have\nbeen transmitted to the RKI in Germany. ", "mentions": {"date": [{"start_char": 15, "end_char": 25}], "new_cases": [{"start_char": 1461, "end_char": 1467}], "new_deaths": [{"start_char": 1512, "end_char": 1514}], "incidence": [{"start_char": 286, "end_char": 289}], "patients_intensive_care": [{"start_char": 1411, "end_char": 1416}], "vaccinated": [], "twice_vaccinated": []}, "mentions_same_attribute_class": {"date": [], "new_cases": [], "new_deaths": [], "incidence": [], "patients_intensive_care": [], "vaccinated": [], "twice_vaccinated": []}}