{"id": "2020-12-02", "text": "Summary (as of 02/12/2020, 12:00 AM)\n\u2022 Currently, the number of transmissions in the population in Germany is high. Therefore, the entire population is strongly\nencouraged to commit itself to infection prevention and control.\n\u2022 The 7-day incidence in Bavaria, Berlin, Hesse, North Rhine-Westphalia, Saxony and Thuringia is higher than the national\ntotal 7-day incidence of 134 cases per 100,000 population.\n\u2022 Since the beginning of September, the proportion of cases in older age groups has been increasing again. The 7-day\nincidence of people \u2265 60 years is currently 118 cases/100,000 population.\n\u2022 Almost all districts have a high 7-day COVID-19 incidence. Only 11 districts have an incidence of \u2264 25 cases/100,000\npopulation. In comparison, 274 districts have an incidence of >100 cases/100,000 population and of these, 24 districts have\nan incidence of >250-500 cases/100,000 population and two districts of >500-1000 cases/100,000 population.\n\u2022 The high nationwide number of cases is caused by increasingly diffuse transmission, with numerous clusters especially in\nhouseholds and nursing and long-term care homes, but also in occupational settings, community facilities and related to\nreligious events. For a large proportion of cases the transmission setting remains unclear.\n\u2022 After the strong increase in the number of COVID-19 cases treated in intensive care until mid-November (3,395 cases on\n15/11/2020), the increase has slowed somewhat, with 3,957 cases on 02/12/2020.\n\u2022 On 01/12/2020, 17,270 new laboratory-confirmed COVID-19 cases and 487 new deaths associated with COVID-19 have\nbeen transmitted to the RKI in Germany. ", "mentions": {"date": [{"start_char": 15, "end_char": 25}], "new_cases": [{"start_char": 1500, "end_char": 1506}], "new_deaths": [{"start_char": 1551, "end_char": 1554}], "incidence": [{"start_char": 373, "end_char": 376}], "patients_intensive_care": [{"start_char": 1456, "end_char": 1461}], "vaccinated": [], "twice_vaccinated": []}, "mentions_same_attribute_class": {"date": [], "new_cases": [], "new_deaths": [], "incidence": [], "patients_intensive_care": [], "vaccinated": [], "twice_vaccinated": []}}