{"id": "2020-11-28", "text": "Summary (as of 28/11/2020, 12:00 AM)\n\u2022 Currently, an increase of transmissions in the population in Germany can be observed. Therefore, the entire population is\nstrongly encouraged to commit itself to infection prevention and control.\n\u2022 The 7-day incidence in Bavaria, Berlin, Hesse, North Rhine-Westphalia, Saxony and Thuringia is higher than the national\ntotal 7-day incidence of 136 cases per 100,000 population.\n\u2022 Since the beginning of September, the proportion of cases in older age groups has been increasing again. The 7-day\nincidence of people \u2265 60 years is currently 113 cases/100,000 population.\n\u2022 Almost all districts have a high 7-day incidence. Only 8 districts have an incidence of \u2264 25 cases/100,000 population. In\ncomparison, 267 districts have an incidence of >100 cases/100,000 population and of these, 25 districts have an incidence\nof >250-500 cases/100,000 population and one district of >500-1000 cases/100,000 population.\n\u2022 The high nationwide number of cases is caused by increasingly diffuse transmission, with numerous clusters in households,\nbut also in community institutions, nursing and long-term care homes, as well as in occupational settings or related to\nreligious events. For a large proportion of cases the transmission setting remains unclear.\n\u2022 Between mid-October and mid-November, the number of COVID-19 cases treated in intensive care increased dramatically,\nfrom 655 patients on 15/10/2020 to 3,395 on 15/11/2020. Since then, the increase has slowed down slightly, with 3,888\ncases on 28/11/2020.\n\u2022 On 28/11/2020, 21,695 new laboratory-confirmed COVID-19 cases and 379 new deaths associated with COVID-19 have\nbeen transmitted to the RKI in Germany.", "mentions": {"date": [{"start_char": 15, "end_char": 25}], "new_cases": [{"start_char": 1557, "end_char": 1563}], "new_deaths": [{"start_char": 1608, "end_char": 1611}], "incidence": [{"start_char": 382, "end_char": 385}], "patients_intensive_care": [{"start_char": 1436, "end_char": 1441}], "vaccinated": [], "twice_vaccinated": []}, "mentions_same_attribute_class": {"date": [], "new_cases": [], "new_deaths": [], "incidence": [], "patients_intensive_care": [], "vaccinated": [], "twice_vaccinated": []}}