{"id": "2020-12-16", "text": "Summary (as of 16/12/2020, 12:00 AM)\n\u2022 Currently, the number of transmissions in the population in Germany is high. Therefore, the entire population is strongly encouraged\nto commit itself to infection prevention and control even more dedicatedly than before.\n\u2022 Since 04/12/2020, the case numbers show a sharp increase again. The national 7-day incidence is 180 cases per 100,000 population. In\nSaxony and Thuringia it is severely above the overall incidence.\n\u2022 Since the beginning of September, the proportion of cases in older age groups has been increasing again. The 7-day incidence of\npeople \u226560 years is currently 171 cases/100,000 population.\n\u2022 Almost all of the 412 districts have a high 7-day COVID-19 incidence. Only 1 district has an incidence of \u226425 cases/100,000 population.\nIn comparison, 342 districts have an incidence of >100 cases/100,000 population and of these, 53 districts have an incidence of >250-\n500 cases/100,000 population and 8 districts of >500 cases/100,000 population.\n\u2022 The high nationwide number of cases is caused by increasingly diffuse transmission, with numerous clusters especially in households\nand nursing and long-term care homes, but also in occupational settings, community facilities and related to religious events. For a\nlarge proportion of cases the transmission setting remains unclear.\n\u2022 With 4,836 cases, the current number of COVID-19 cases treated in intensive care continues to increase.\n\u2022 Yesterday, 27,728 new laboratory-confirmed COVID-19 cases have been transmitted to the RKI in Germany, as well as 952 new deaths\nassociated with COVID-19.\n\u2022 RKI\u2019s risk assessment was updated. RKI now judges the level of danger to the health of the general population as very high.\n\u2022 From Saxony, the cases missing yesterday were subsequently reported and are reported cumulatively for the last two days. All key\nfigures again represent the actual values.", "mentions": {"date": [{"start_char": 15, "end_char": 25}], "new_cases": [{"start_char": 1455, "end_char": 1461}], "new_deaths": [{"start_char": 1558, "end_char": 1561}], "incidence": [{"start_char": 358, "end_char": 361}], "patients_intensive_care": [{"start_char": 1343, "end_char": 1348}], "vaccinated": [], "twice_vaccinated": []}, "mentions_same_attribute_class": {"date": [], "new_cases": [], "new_deaths": [], "incidence": [], "patients_intensive_care": [], "vaccinated": [], "twice_vaccinated": []}}