{"id": "2020-12-19", "text": "Summary (as of 19/12/2020, 12:00 AM)\n\u2022 Currently, the number of transmissions in the population in Germany is high. Therefore, the entire population is strongly encouraged\nto commit itself to infection prevention and control even more dedicatedly than before.\n\u2022 Since 04/12/2020, the case numbers show a sharp increase again. The national 7-day incidence is 190 cases per 100,000 population. In\nSaxony and Thuringia it is severely above the overall incidence.\n\u2022 Since the beginning of September, the proportion of cases in older age groups has been increasing again. The 7-day incidence of\npeople \u226560 years is currently 185 cases/100,000 population.\n\u2022 Almost all of the 412 districts have a high 7-day COVID-19 incidence. No district has an incidence of \u226425 cases/100,000 population. In\ncomparison, 360 districts have an incidence of >100 cases/100,000 population and of these, 55 districts have an incidence of >250-500\ncases/100,000 population and 10 districts of >500 cases/100,000 population.\n\u2022 The high nationwide number of cases is caused by increasingly diffuse transmission, with numerous clusters especially in households\nand nursing and long-term care homes, but also in occupational settings, community facilities and related to religious events. For a\nlarge proportion of cases the transmission setting remains unclear.\n\u2022 With 4,939 cases, the current number of COVID-19 cases treated in intensive care continues to increase.\n\u2022 Yesterday, 31.000 new laboratory-confirmed COVID-19 cases have been transmitted to the RKI in Germany, as well as 702 new deaths\nassociated with COVID-19.\n\u2022 RKI\u2019s risk assessment was updated. RKI now judges the level of danger to the health of the general population as very high.\n\u2022 The Standing Committee on Vaccination (STIKO) published recommendations for the COVID-19 vaccination (17/12/2020).", "mentions": {"date": [{"start_char": 15, "end_char": 25}], "new_cases": [{"start_char": 1451, "end_char": 1457}], "new_deaths": [{"start_char": 1554, "end_char": 1557}], "incidence": [{"start_char": 358, "end_char": 361}], "patients_intensive_care": [{"start_char": 1339, "end_char": 1344}], "vaccinated": [], "twice_vaccinated": []}, "mentions_same_attribute_class": {"date": [], "new_cases": [], "new_deaths": [], "incidence": [], "patients_intensive_care": [], "vaccinated": [], "twice_vaccinated": []}}