{"id": "2020-12-23", "text": "Summary (as of 23/12/2020, 12:00 AM)\n\u2022 Currently, the number of transmissions in the population in Germany is high. Therefore, the entire population is strongly encouraged to\ncommit itself to infection prevention and control even more dedicatedly than before.\n\u2022 The national 7-day incidence is 195 cases per 100,000 population. In Saxony and Thuringia, it is considerably above the national incidence.\n\u2022 Since the beginning of September, the proportion of cases in older age groups has been increasing again. The 7-day incidence of people \u226560\nyears is currently 197 cases/100,000 population.\n\u2022 Almost all of the 412 districts have a high 7-day COVID-19 incidence. 356 districts have an incidence of >100 cases/100,000 population and of\nthese, 75 districts have an incidence of >250-500 cases/100,000 population and 7 districts of >500 cases/100,000 population.\n\u2022 The high nationwide number of cases is caused by increasingly diffuse transmission, with numerous clusters especially in households and\nnursing and long-term care homes, but also in occupational settings, community facilities and related to religious events. For a large\nproportion of cases the transmission setting remains unclear.\n\u2022 Yesterday, 24,740 new laboratory-confirmed COVID-19 cases as well as 962 new deaths associated with COVID-19 have been transmitted to\nthe RKI in Germany. With 5,243 cases, the number of COVID-19 cases treated in intensive care continues to increase.\n\u2022 RKI now judges the level of threat to the health of the general population as very high.\n\u2022 On 12/19/2020, a new virus variant was reported in the UK. The ECDC has published a Rapid Risk Assessment on 20/12/2020. To date, it is\nunknown how the new virus variant will affect the COVID-19 pandemic. So far, the new virus variant has not yet been detected in Germany.\n\u2022 RKI will not publish any daily situation report on December 24 and January 1, 2021. Testing and notification activities may be lower during the\nfestive season, possibly resulting in an incomplete picture of the epidemiological situation in Germany.", "mentions": {"date": [{"start_char": 15, "end_char": 25}], "new_cases": [{"start_char": 1209, "end_char": 1215}], "new_deaths": [{"start_char": 1267, "end_char": 1270}], "incidence": [{"start_char": 294, "end_char": 297}], "patients_intensive_care": [{"start_char": 1357, "end_char": 1362}], "vaccinated": [], "twice_vaccinated": []}, "mentions_same_attribute_class": {"date": [], "new_cases": [], "new_deaths": [], "incidence": [], "patients_intensive_care": [], "vaccinated": [], "twice_vaccinated": []}}