{"id": "2021-01-21", "text": "Summary (as of 21/01/2021, 12:00 AM)\n\u2022 Currently, the number of transmissions in the population in Germany is high. RKI now assesses the level of threat to the\nhealth of the general population as very high.\n\u2022 Yesterday, 20,398 new laboratory-confirmed COVID-19 cases as well as 1,013 new deaths associated with COVID-19 were\ntransmitted to the RKI in Germany. The national 7-day incidence is 119 cases per 100,000 population. In Brandenburg,\nSaxony, Saxony-Anhalt, and Thuringia it is markedly above the national incidence.\n\u2022 Of 412 districts, 392 have a high 7-day COVID-19 incidence. 243 districts have an incidence of >100 cases/100,000\npopulation and of these, 22 districts have an incidence of >250-500 cases/100,000 population.\n\u2022 The 7-day incidence of people 60-79 years is currently 93 and of people \u226580 years 259 cases/100,000 population.\n\u2022 The high nationwide number of cases is caused by increasingly diffuse transmission, with numerous clusters especially in\nhouseholds, occupational settings and nursing and long-term care homes.\n\u2022 On 21/01/2021, 4,787 COVID-19 patients were in intensive care (-49 cases fewer than the day before). In the preceding 24\nhours, +769 existing patients had been discharged (28% of whom had died) and +720 patients were newly admitted. The\nresulting number of cases under treatment was -49 more than the prior day.\n\u2022 Since 26/12/2020 a total of 1,324,091 people in Germany have been vaccinated once (vaccination rate 1.6%) and 77,602\npeople twice against COVID-19 (http://www.rki.de/covid-19-impfquoten).\n\u2022 In this situation report, the following additional information is given: information from additional RKI based surveillance\nsystems for acute respiratory illness, data on emergency department utilization", "mentions": {"date": [{"start_char": 15, "end_char": 25}], "new_cases": [{"start_char": 220, "end_char": 226}], "new_deaths": [{"start_char": 278, "end_char": 283}], "incidence": [{"start_char": 392, "end_char": 395}], "patients_intensive_care": [{"start_char": 1060, "end_char": 1065}], "vaccinated": [{"start_char": 1387, "end_char": 1396}], "twice_vaccinated": [{"start_char": 1469, "end_char": 1475}]}, "mentions_same_attribute_class": {"date": [], "new_cases": [], "new_deaths": [], "incidence": [], "patients_intensive_care": [], "vaccinated": [], "twice_vaccinated": []}}