{"id": "2021-01-20", "text": "Summary (as of 20/01/2021, 12:00 AM)\n\u2022 Currently, the number of transmissions in the population in Germany is high. RKI now assesses the level of threat to the\nhealth of the general population as very high.\n\u2022 Yesterday, 15,974 new laboratory-confirmed COVID-19 cases as well as 1,148 new deaths associated with COVID-19 were\ntransmitted to the RKI in Germany. The national 7-day incidence is 123 cases per 100,000 population. In Brandenburg,\nSaxony, Saxony-Anhalt, and Thuringia it is markedly above the national incidence.\n\u2022 Of 412 districts, 393 have a high 7-day COVID-19 incidence. 255 districts have an incidence of >100 cases/100,000\npopulation and of these, 26 districts have an incidence of >250-500 cases/100,000 population.\n\u2022 The 7-day incidence of people 60-79 years is currently 95 and of people \u226580 years 268 cases/100,000 population.\n\u2022 The high nationwide number of cases is caused by increasingly diffuse transmission, with numerous clusters especially in\nhouseholds, occupational settings and nursing and long-term care homes.\n\u2022 On 20/01/2021, 4,836 COVID-19 patients were in intensive care (-111 cases fewer than the day before). Due to ongoing\ncorrections by several hospitals, today\u2019s numbers of completed ICU treatments and new admissions to ICU as well as\ndifferences to the previous day are not reported.\n\u2022 Since 26/12/2020 a total of 1,254,760 people in Germany have been vaccinated once (vaccination rate 1.5%) and 42,670\npeople twice against COVID-19 (http://www.rki.de/covid-19-impfquoten).\n\u2022 In this situation report, the following additional information is given: SARS-CoV-2 laboratory tests", "mentions": {"date": [{"start_char": 15, "end_char": 25}], "new_cases": [{"start_char": 220, "end_char": 226}], "new_deaths": [{"start_char": 278, "end_char": 283}], "incidence": [{"start_char": 392, "end_char": 395}], "patients_intensive_care": [{"start_char": 1060, "end_char": 1065}], "vaccinated": [{"start_char": 1357, "end_char": 1366}], "twice_vaccinated": [{"start_char": 1439, "end_char": 1445}]}, "mentions_same_attribute_class": {"date": [], "new_cases": [], "new_deaths": [], "incidence": [], "patients_intensive_care": [], "vaccinated": [], "twice_vaccinated": []}}