{"id": "2021-02-10", "text": "Summary (as of 10/02/2021, 12:00 AM)\n\u2022 Currently, the number of transmissions in the population in Germany remains high. RKI assesses the level of threat to the\nhealth of the general population to be very high.\n\u2022 Yesterday, 8,072 new laboratory-confirmed COVID-19 cases as well as 813 new deaths associated with COVID-19 were\ntransmitted to the RKI. The national 7-day incidence is 68 cases per 100,000 population. In Brandenburg, Saarland, SaxonyAnhalt, and Thuringia it is considerably above the national incidence.\n\u2022 In 289 of the 412 districts, the 7-day COVID-19 incidence is high (>50 cases/100,000 population). In 66 districts, the 7-day\nincidence is >100 cases/100,000 population and in 4 of these districts it is >250-500 cases/100,000 population.\n\u2022 The 7-day incidence among people aged 60-79 years is currently 53 and of people aged \u226580 years, 117 cases/100,000\npopulation.\n\u2022 The high nationwide number of cases is caused by increasingly diffuse transmission, with numerous clusters especially in\nhouseholds, occupational settings and nursing and long-term care homes.\n\u2022 On 10/02/2021 (12:15 PM) 3,736 COVID-19 patients were in intensive care. In the preceding 24 hours, +459 existing patients had\nbeen discharged (27% of whom had died) and +349 patients were newly admitted. The resulting number of cases under\ntreatment was -110 more than the prior day.\n\u2022 Since 26/12/2020 a total of 2,405,156 people in Germany have been vaccinated at least once (vaccination rate 2.9%) and\n1,104,504 people twice (vaccination rate 1.3%) against COVID-19 (http://www.rki.de/covid-19-impfquoten).\n\u2022 In this situation report, the following additional information is given: Surveys on SARS-CoV-2 laboratory tests in Germany", "mentions": {"date": [{"start_char": 15, "end_char": 25}], "new_cases": [{"start_char": 224, "end_char": 229}], "new_deaths": [{"start_char": 281, "end_char": 284}], "incidence": [{"start_char": 382, "end_char": 384}], "patients_intensive_care": [{"start_char": 1107, "end_char": 1112}], "vaccinated": [{"start_char": 1397, "end_char": 1406}], "twice_vaccinated": [{"start_char": 1488, "end_char": 1497}]}, "mentions_same_attribute_class": {"date": [], "new_cases": [], "new_deaths": [], "incidence": [], "patients_intensive_care": [], "vaccinated": [], "twice_vaccinated": []}}