{"id": "2021-01-19", "text": "Summary (as of 19/01/2021, 12:00 AM)\n\u2022 Currently, the number of transmissions in the population in Germany is high. RKI now assesses the level of threat to the health of the\ngeneral population as very high.\n\u2022 Yesterday, 11,369 new laboratory-confirmed COVID-19 cases as well as 989 new deaths associated with COVID-19 were transmitted to the\nRKI in Germany. The national 7-day incidence is 132 cases per 100,000 population. In Brandenburg, Saxony, Saxony-Anhalt, and Thuringia\nit is markedly above the national incidence.\n\u2022 All 412 districts have a high 7-day COVID-19 incidence. 277 districts have an incidence of >100 cases/100,000 population and of these,\n32 districts have an incidence of >250-500 cases/100,000 population.\n\u2022 The 7-day incidence of people 60-79 years is currently 101 and of people \u226580 years 282 cases/100,000 population.\n\u2022 The high nationwide number of cases is caused by increasingly diffuse transmission, with numerous clusters especially in households,\noccupational settings and nursing and long-term care homes.\n\u2022 On 19/01/2021, 4,947 COVID-19 patients were in intensive care. In the preceding 24 hours, 829 patients had been discharged (30% of whom\nhad died) and 773 patients were newly admitted. The resulting number of cases under treatment was 56 less than the prior day.\n\u2022 Since 26/12/2020 a total of 1,195,429 people in Germany have been vaccinated once (vaccination rate 1.4%) and 24,741 people twice\nagainst COVID-19 (http://www.rki.de/covid-19-impfquoten).\n\u2022 In this situation report, the following additional information is given: detailed epidemiological information by week (age, clinical aspects,\nproportion of hospitalized); possible countries of exposure ", "mentions": {"date": [{"start_char": 15, "end_char": 25}], "new_cases": [{"start_char": 220, "end_char": 226}], "new_deaths": [{"start_char": 278, "end_char": 281}], "incidence": [{"start_char": 390, "end_char": 393}], "patients_intensive_care": [{"start_char": 1055, "end_char": 1060}], "vaccinated": [{"start_char": 1332, "end_char": 1341}], "twice_vaccinated": [{"start_char": 1414, "end_char": 1420}]}, "mentions_same_attribute_class": {"date": [], "new_cases": [], "new_deaths": [], "incidence": [], "patients_intensive_care": [], "vaccinated": [], "twice_vaccinated": []}}