{"id": "2021-02-12", "text": "Summary (as of 12/02/2021, 12:00 AM)\n\u2022 Currently, the number of transmissions in the population in Germany remains high. RKI assesses the level of threat to the\nhealth of the general population to be very high.\n\u2022 Yesterday, 9,860 new laboratory-confirmed COVID-19 cases as well as 556 new deaths associated with COVID-19 were\ntransmitted to the RKI. The national 7-day incidence is 62 cases per 100,000 population. In Brandenburg, Saarland, SaxonyAnhalt, and Thuringia it is considerably above the national incidence.\n\u2022 In 269 of the 412 districts, the 7-day COVID-19 incidence is high (>50 cases/100,000 population). In 44 districts, the 7-day\nincidence is >100 cases/100,000 population and in 1 of these districts it is >250-500 cases/100,000 population.\n\u2022 The 7-day incidence among people aged 60-79 years is currently 48 and of people aged \u226580 years, 100 cases/100,000\npopulation.\n\u2022 The high nationwide number of cases is caused by increasingly diffuse transmission, with numerous clusters especially in\nhouseholds, occupational settings and nursing and long-term care homes.\n\u2022 On 12/02/2021 (12:15 PM) 3,552 COVID-19 patients were in intensive care. In the preceding 24 hours, +414 existing patients\nhad been discharged (31% of whom had died) and +291 patients were newly admitted. The resulting number of cases under\ntreatment was 123 less than the prior day.\n\u2022 Since 26/12/2020 a total of 2.556.697 people in Germany have been vaccinated at least once (vaccination rate 3.1%) and\n1.253.306 people twice (vaccination rate 1.5%) against COVID-19 (http://www.rki.de/covid-19-impfquoten).\n\u2022 In this situation report, the following additional information is given: mortality monitoring", "mentions": {"date": [{"start_char": 15, "end_char": 25}], "new_cases": [{"start_char": 224, "end_char": 229}], "new_deaths": [{"start_char": 281, "end_char": 284}], "incidence": [{"start_char": 382, "end_char": 384}], "patients_intensive_care": [{"start_char": 1107, "end_char": 1112}], "vaccinated": [{"start_char": 1396, "end_char": 1405}], "twice_vaccinated": [{"start_char": 1487, "end_char": 1496}]}, "mentions_same_attribute_class": {"date": [], "new_cases": [], "new_deaths": [], "incidence": [], "patients_intensive_care": [], "vaccinated": [], "twice_vaccinated": []}}