{"id": "2021-02-18", "text": "Summary (as of 18/02/2021, 12:00 AM)\n\u2022 Currently, the number of transmissions in the population in Germany remains high. RKI assesses the level of threat to the\nhealth of the general population to be very high.\n\u2022 Yesterday, 10,207 new laboratory-confirmed COVID-19 cases as well as 534 new deaths associated with COVID-19 were\ntransmitted to the RKI. The national 7-day incidence is 57 cases per 100,000 population. The incidence in Saxony-Anhalt is\nmoderately and in Thuringia considerably above the national incidence.\n\u2022 In 218 of the 412 districts, the 7-day COVID-19 incidence is high (>50 cases/100,000 population). In 42 districts, the 7-day\nincidence is >100 cases/100,000 population and in 2 of these districts it is >250-500 cases/100,000 population.\n\u2022 The 7-day incidence among people aged 60-79 years is currently 44 and among the age group \u226580 years 81 cases/100,000\npopulation.\n\u2022 The high nationwide number of cases is caused by increasingly diffuse transmission, with numerous clusters especially in\nhouseholds, occupational settings as well as nursing and long-term care homes.\n\u2022 On 18/02/2021 (12:15 PM) 3,251 COVID-19 patients were in intensive care. In the preceding 24 hours, +344 existing patients had\nbeen discharged (28% of whom had died) and +270 patients were newly admitted. The resulting number of cases under\ntreatment was 74 less than the prior day.\n\u2022 Since 26/12/2020 a total of 2,991.792 people in Germany have been vaccinated at least once (vaccination rate 3.6%) and of\nthose und 1,580,628 people twice (vaccination rate 1.9%) against COVID-19 (http://www.rki.de/covid-19-impfquoten).\n\u2022 In this situation report, the following additional information is given: information from additional RKI based surveillance systems\nfor acute respiratory illness, data on emergency department utilization", "mentions": {"date": [{"start_char": 15, "end_char": 25}], "new_cases": [{"start_char": 224, "end_char": 230}], "new_deaths": [{"start_char": 282, "end_char": 285}], "incidence": [{"start_char": 383, "end_char": 385}], "patients_intensive_care": [{"start_char": 1120, "end_char": 1125}], "vaccinated": [{"start_char": 1408, "end_char": 1417}], "twice_vaccinated": [{"start_char": 1512, "end_char": 1521}]}, "mentions_same_attribute_class": {"date": [], "new_cases": [], "new_deaths": [], "incidence": [], "patients_intensive_care": [], "vaccinated": [], "twice_vaccinated": []}}