{"id": "2021-01-06", "text": "Summary (as of 06/01/2021, 12:00 AM)\n\u2022 Currently, the number of transmissions in the population in Germany is high. RKI now judges the level of threat to the health of the general\npopulation as very high.\n\u2022 Yesterday, 21,237 new laboratory-confirmed COVID-19 cases as well as 1.019 new deaths associated with COVID-19 were transmitted to the\nRKI in Germany. The national 7-day incidence is 127 cases per 100,000 population. In Saxony and Thuringia, it is markedly above the national\nincidence.\n\u2022 410 districts have a high 7-day COVID-19 incidence. 268 districts have an incidence of >100 cases/100,000 population and of these, 30 districts\nhave an incidence of >250-500 cases/100,000 population.\n\u2022 The 7-day incidence of people 60-79 years is currently 104 and of people \u226580 years 255 cases/100,000 population.\n\u2022 The high nationwide number of cases is caused by increasingly diffuse transmission, with numerous clusters especially in households and\nnursing and long-term care homes.\n\u2022 On 06/01/2021 5,569 COVID-19 patients were in intensive care. In the preceding 24 hours, 710 existing patients were discharged (34 % of\nwhom had died) and 601 patients were newly admitted. The resulting number of cases under treatment was 109 less than the prior day.\n\u2022 Since 26/12/2020 a total of 367,331 people in Germany have been vaccinated against COVID-19 (4.4 vaccinated per 1,000 population)\n(http://www.rki.de/covid-19-impfquoten).\n\u2022 Testing and notification activities may have been lower during the festive season, resulting in a putatively incomplete picture of the\nepidemiological situation in Germany of the previous two weeks. ", "mentions": {"date": [{"start_char": 15, "end_char": 25}], "new_cases": [{"start_char": 218, "end_char": 224}], "new_deaths": [{"start_char": 276, "end_char": 281}], "incidence": [{"start_char": 390, "end_char": 393}], "patients_intensive_care": [{"start_char": 999, "end_char": 1004}], "vaccinated": [{"start_char": 1283, "end_char": 1290}], "twice_vaccinated": []}, "mentions_same_attribute_class": {"date": [], "new_cases": [], "new_deaths": [], "incidence": [], "patients_intensive_care": [], "vaccinated": [], "twice_vaccinated": []}}