{"id": "2021-02-01", "text": "Summary (as of 01/02/2021, 12:00 AM)\n\u2022 Currently, the number of transmissions in the population in Germany remains high. RKI assesses the level of\nthreat to the health of the general population to be very high.\n\u2022 Yesterday, 5,608 new laboratory-confirmed COVID-19 cases as well as 175 new deaths associated with COVID-19\nwere transmitted to the RKI. The national 7-day incidence is 91 cases per 100,000 population. In Brandenburg,\nSaarland, Saxony, Saxony-Anhalt, and Thuringia it is markedly above the national incidence.\n\u2022 In 365 of the 412 districts, the 7-day COVID-19 incidence is high. In 149 districts, the 7-day incidence is >100\ncases/100,000 population and in 5 of these districts it is >250-500 cases/100,000 population.\n\u2022 The 7-day incidence among people aged 60-79 years is currently 72 and of people aged \u226580 years, 175\ncases/100,000 population.\n\u2022 The high nationwide number of cases is caused by increasingly diffuse transmission, with numerous clusters\nespecially in households, occupational settings and nursing and long-term care homes.\n\u2022 On 01/02/2021 (12:15 PM) 4,322 COVID-19 patients were in intensive care. In the preceding 24 hours, +397 existing patients had\nbeen discharged (43% of whom had died) and +371 patients were newly admitted. The resulting number of cases under\ntreatment was -26 more than the prior day.\n\u2022 Since 01/02/2020 a total of 1,935,356 people in Germany have been vaccinated at least once (vaccination rate\n2.3%) and 532,562 people twice against COVID-19 (http://www.rki.de/covid-19-impfquoten).", "mentions": {"date": [{"start_char": 15, "end_char": 25}], "new_cases": [{"start_char": 224, "end_char": 229}], "new_deaths": [{"start_char": 281, "end_char": 284}], "incidence": [{"start_char": 382, "end_char": 384}], "patients_intensive_care": [{"start_char": 1082, "end_char": 1087}], "vaccinated": [{"start_char": 1371, "end_char": 1380}], "twice_vaccinated": [{"start_char": 1462, "end_char": 1469}]}, "mentions_same_attribute_class": {"date": [], "new_cases": [], "new_deaths": [], "incidence": [], "patients_intensive_care": [], "vaccinated": [], "twice_vaccinated": []}}