{"id": "2021-01-24", "text": "Summary (as of 24/01/2021, 12:00 AM)\n\u2022 Currently, the number of transmissions in the population in Germany is high. RKI now assesses the level of threat to the health\nof the general population as very high.\n\u2022 Yesterday, 12,257 new laboratory-confirmed COVID-19 cases as well as 349 new deaths associated with COVID-19 were\ntransmitted to the RKI in Germany. The national 7-day incidence is 111 cases per 100,000 population. In Brandenburg, Saxony,\nSaxony-Anhalt, and Thuringia it is markedly above the national incidence.\n\u2022 Of 412 districts, 389 have a high 7-day COVID-19 incidence. 220 districts have an incidence of >100 cases/100,000 population\nand of these, 12 districts have an incidence of >250-500 cases/100,000 population.\n\u2022 The 7-day incidence of people 60-79 years is currently 88 and of people \u226580 years 237 cases/100,000 population.\n\u2022 The high nationwide number of cases is caused by increasingly diffuse transmission, with numerous clusters especially in\nhouseholds, occupational settings and nursing and long-term care homes.\n\u2022 On 24/01/2021 (12:15 PM) 4,628 COVID-19 patients were in intensive care. In the preceding 24 hours, +351 existing patients had\nbeen discharged (39% of whom had died) and +319 patients were newly admitted. The resulting number of cases under\ntreatment was -32 more than the prior day.\n\u2022 Since 26/12/2020 a total of 1,469,353 people in Germany have been vaccinated once (vaccination rate 1.8%) and 163,424 people\ntwice against COVID-19 (http://www.rki.de/covid-19-impfquoten).", "mentions": {"date": [{"start_char": 15, "end_char": 25}], "new_cases": [{"start_char": 220, "end_char": 226}], "new_deaths": [{"start_char": 278, "end_char": 281}], "incidence": [{"start_char": 390, "end_char": 393}], "patients_intensive_care": [{"start_char": 1068, "end_char": 1073}], "vaccinated": [{"start_char": 1357, "end_char": 1366}], "twice_vaccinated": [{"start_char": 1439, "end_char": 1446}]}, "mentions_same_attribute_class": {"date": [], "new_cases": [], "new_deaths": [], "incidence": [], "patients_intensive_care": [], "vaccinated": [], "twice_vaccinated": []}}