{"id": "2021-01-17", "text": "Summary (as of 17/01/2021, 12:00 AM)\n\u2022 Currently, the number of transmissions in the population in Germany is high. RKI now assesses the level of threat to the health of the general\npopulation as very high.\n\u2022 Yesterday, 13,882 new laboratory-confirmed COVID-19 cases as well as 445 new deaths associated with COVID-19 were transmitted to the RKI\nin Germany. The national 7-day incidence is 136 cases per 100,000 population. In Brandenburg, Saxony, Saxony-Anhalt, and Thuringia it is\nmarkedlyabove the national incidence.\n\u2022 All 412 districts have a high 7-day COVID-19 incidence. 289 districts have an incidence of >100 cases/100,000 population and of these,\n33 districts have an incidence of >250-500 cases/100,000 population, and one district has an incidence of >500 cases/100,000 population.\n\u2022 The 7-day incidence of people 60-79 years is currently 105 and of people \u226580 years 284 cases/100,000 population.\n\u2022 The high nationwide number of cases is caused by increasingly diffuse transmission, with numerous clusters especially in households,\noccupational settings and nursing and long-term care homes.\n\u2022 On 17/01/2021, 4,971 COVID-19 patients were in intensive care. In the preceding 24 hours, 361 patients had been discharged (38 % of whom\nhad died) and 317 patients were newly admitted. The resulting number of cases under treatment was 44 lessthan the prior day.\n\u2022 Since 26/12/2020 a total of 1,048,160 people in Germany have been vaccinated against COVID-19 (12.6 vaccinated per 1,000 population)\n(http://www.rki.de/covid-19-impfquoten).\n", "mentions": {"date": [{"start_char": 15, "end_char": 25}], "new_cases": [{"start_char": 220, "end_char": 226}], "new_deaths": [{"start_char": 278, "end_char": 281}], "incidence": [{"start_char": 390, "end_char": 393}], "patients_intensive_care": [{"start_char": 1122, "end_char": 1127}], "vaccinated": [{"start_char": 1399, "end_char": 1408}], "twice_vaccinated": []}, "mentions_same_attribute_class": {"date": [], "new_cases": [], "new_deaths": [], "incidence": [], "patients_intensive_care": [], "vaccinated": [], "twice_vaccinated": []}}