{"id": "2021-02-15", "text": "Summary (as of 15/02/2021, 12:00 AM)\n\u2022 Currently, the number of transmissions in the population in Germany remains high. RKI assesses the level of threat to the\nhealth of the general population to be very high.\n\u2022 Yesterday, 4,426 new laboratory-confirmed COVID-19 cases as well as 116 new deaths associated with COVID-19 were\ntransmitted to the RKI. The national 7-day incidence is 59 cases per 100,000 population. In Brandenburg, Saarland, Saxony,\nSaxony-Anhalt, and Thuringia it is considerably above the national incidence.\n\u2022 In 245 of the 412 districts, the 7-day COVID-19 incidence is high (>50 cases/100,000 population). In 43 districts, the 7-day\nincidence is >100 cases/100,000 population and in 2 of these districts it is >250-500 cases/100,000 population.\n\u2022 The 7-day incidence among people aged 60-79 years is currently 45 and of people aged \u226580 years, 89 cases/100,000\npopulation.\n\u2022 The high nationwide number of cases is caused by increasingly diffuse transmission, with numerous clusters especially in\nhouseholds, occupational settings and nursing and long-term care homes.\n\u2022 On 15/02/2021 (as of 12:15 PM) 3,439 COVID-19 patients were in intensive care. In the preceding 24 hours, 291 existing patients\nhad been discharged (37% of whom had died) and 303 patients were newly admitted. The resulting number of cases under\ntreatment was 12 more than the prior day.\n\u2022 Since 26/12/2020 a total of 2.736,109 people in Germany have been vaccinated at least once (vaccination rate 3.3%) and of\nthose 1,410,239 people twice (vaccination rate 1.7%) against COVID-19 (http://www.rki.de/covid-19-impfquoten).", "mentions": {"date": [{"start_char": 15, "end_char": 25}], "new_cases": [{"start_char": 224, "end_char": 229}], "new_deaths": [{"start_char": 281, "end_char": 284}], "incidence": [{"start_char": 382, "end_char": 384}], "patients_intensive_care": [{"start_char": 1121, "end_char": 1126}], "vaccinated": [{"start_char": 1407, "end_char": 1416}], "twice_vaccinated": [{"start_char": 1507, "end_char": 1516}]}, "mentions_same_attribute_class": {"date": [], "new_cases": [], "new_deaths": [], "incidence": [], "patients_intensive_care": [], "vaccinated": [], "twice_vaccinated": []}}