{"id": "2021-01-18", "text": "Summary (as of 18/01/2021, 12:00 AM)\n\u2022 Currently, the number of transmissions in the population in Germany is high. RKI now assesses the level of threat to the health of the general\npopulation as very high.\n\u2022 Yesterday, 7,141 new laboratory-confirmed COVID-19 cases as well as 214 new deaths associated with COVID-19 were transmitted to the RKI\nin Germany. The national 7-day incidence is 134 cases per 100,000 population. In Brandenburg, Saxony, Saxony-Anhalt, and Thuringia it is\nmarkedly above the national incidence.\n\u2022 All 412 districts have a high 7-day COVID-19 incidence. 285 districts have an incidence of >100 cases/100,000 population and of these,\n30 districts have an incidence of >250-500 cases/100,000 population.\n\u2022 The 7-day incidence of people 60-79 years is currently 104 and of people \u226580 years 282 cases/100,000 population.\n\u2022 The high nationwide number of cases is caused by increasingly diffuse transmission, with numerous clusters especially in households,\noccupational settings and nursing and long-term care homes.\n\u2022 On 18/01/2021, 5,003 COVID-19 patients were in intensive care. In the preceding 24 hours, 515 patients had been discharged (39 % of whom\nhad died) and 547 patients were newly admitted. The resulting number of cases under treatment was 32 more than the prior day.\n\u2022 Since 26/12/2020 a total of 1,139,297 people in Germany have been vaccinated once (vaccination rate 1.4%) and 6,581 people twice against\nCOVID-19 (http://www.rki.de/covid-19-impfquoten).", "mentions": {"date": [{"start_char": 15, "end_char": 25}], "new_cases": [{"start_char": 220, "end_char": 225}], "new_deaths": [{"start_char": 277, "end_char": 280}], "incidence": [{"start_char": 389, "end_char": 392}], "patients_intensive_care": [{"start_char": 1054, "end_char": 1059}], "vaccinated": [{"start_char": 1332, "end_char": 1341}], "twice_vaccinated": [{"start_char": 1414, "end_char": 1419}]}, "mentions_same_attribute_class": {"date": [], "new_cases": [], "new_deaths": [], "incidence": [], "patients_intensive_care": [], "vaccinated": [], "twice_vaccinated": []}}