{"id": "2021-02-04", "text": "Summary (as of 04/02/2021, 12:00 AM)\n\u2022 Currently, the number of transmissions in the population in Germany remains high. RKI assesses the level of threat to the\nhealth of the general population to be very high.\n\u2022 Yesterday, 14,211 new laboratory-confirmed COVID-19 cases as well as 786 new deaths associated with COVID-19 were\ntransmitted to the RKI. The national 7-day incidence is 81 cases per 100,000 population. In Brandenburg, Saarland, Saxony,\nSaxony-Anhalt, and Thuringia it is markedly above the national incidence.\n\u2022 In 341 of the 412 districts, the 7-day COVID-19 incidence is high. In 110 districts, the 7-day incidence is >100 cases/100,000\npopulation and in 6 of these districts it is >250-500 cases/100,000 population.\n\u2022 The 7-day incidence among people aged 60-79 years is currently 64 and of people aged \u226580 years, 147 cases/100,000\npopulation.\n\u2022 The high nationwide number of cases is caused by increasingly diffuse transmission, with numerous clusters especially in\nhouseholds, occupational settings and nursing and long-term care homes.\n\u2022 On 04/02/2021 (12:15 PM) 4,178 COVID-19 patients were in intensive care. In the preceding 24 hours, +623 existing patients had\nbeen discharged (27 % of whom had died) and +579 patients were newly admitted. The resulting number of cases under\ntreatment was 44 less than the prior day.\n\u2022 Since 26/12/2020 a total of 2,091,689 people in Germany have been vaccinated at least once (vaccination rate 2.5%) and\n756.333 people twice against COVID-19 (http://www.rki.de/covid-19-impfquoten).\n\u2022 In this situation report, the following additional information is given: information from additional RKI based surveillance systems\nfor acute respiratory illness, data on emergency department utilization", "mentions": {"date": [{"start_char": 15, "end_char": 25}], "new_cases": [{"start_char": 224, "end_char": 230}], "new_deaths": [{"start_char": 282, "end_char": 285}], "incidence": [{"start_char": 383, "end_char": 385}], "patients_intensive_care": [{"start_char": 1083, "end_char": 1088}], "vaccinated": [{"start_char": 1372, "end_char": 1381}], "twice_vaccinated": [{"start_char": 1463, "end_char": 1470}]}, "mentions_same_attribute_class": {"date": [], "new_cases": [], "new_deaths": [], "incidence": [], "patients_intensive_care": [], "vaccinated": [], "twice_vaccinated": []}}