{"id": "2021-01-03", "text": "Summary (as of 03/01/2021, 12:00 AM)\n\u2022 Currently, the number of transmissions in the population in Germany is high. RKI now judges the level of threat to the health of the general\npopulation as very high.\n\u2022 Yesterday, 10,315 new laboratory-confirmed COVID-19 cases as well as 312 new deaths associated with COVID-19 were transmitted to the RKI\nin Germany. The national 7-day incidence is 140 cases per 100,000 population. In Saxony and Thuringia, it is markedly above the national\nincidence.\n\u2022 All 412 districts have a high 7-day COVID-19 incidence. 288 districts have an incidence of >100 cases/100,000 population and of these, 41\ndistricts have an incidence of >250-500 cases/100,000 population and 2 districts of >500 cases/100,000 population.\n\u2022 The 7-day incidence of people 60-79 years is currently 115 and of people \u226580 years 287 cases/100,000 population.\n\u2022 The high nationwide number of cases is caused by increasingly diffuse transmission, with numerous clusters especially in households and\nnursing and long-term care homes.\n\u2022 On 03/01/2021 (12:15 PM) 5,762 COVID-19 patients were in intensive care. In the preceding 24 hours, 429 existing patients were discharged\n(42% of whom had died) and 465 patients were newly admitted. The resulting number of cases under treatment was +36 more than the prior\nday.\n\u2022 On 12/19/2020, a new virus variant was reported in the UK. The ECDC published a Risk Assessment on 29/12/2020. To date, it is unknown how\nthe new virus variant will affect the COVID-19 pandemic. So far, a few cases of this new variant have been transmitted to the RKI. Further cases\nmay be expected.\n\u2022 Since 26/12/2020 a total of 238,809 people in Germany have been vaccinated against COVID-19 (http://www.rki.de/covid-19-impfquoten).\n\u2022 Testing and notification activities may be lower during the festive season, resulting in a putatively incomplete picture of the epidemiological\nsituation in Germany. ", "mentions": {"date": [{"start_char": 15, "end_char": 25}], "new_cases": [{"start_char": 218, "end_char": 224}], "new_deaths": [{"start_char": 276, "end_char": 279}], "incidence": [{"start_char": 388, "end_char": 391}], "patients_intensive_care": [{"start_char": 1061, "end_char": 1066}], "vaccinated": [{"start_char": 1646, "end_char": 1653}], "twice_vaccinated": []}, "mentions_same_attribute_class": {"date": [], "new_cases": [], "new_deaths": [], "incidence": [], "patients_intensive_care": [], "vaccinated": [], "twice_vaccinated": []}}