{"id": "2021-01-29", "text": "Summary (as of 29/01/2021, 12:00 AM)\n\u2022 Currently, the number of transmissions in the population in Germany is high. RKI now assesses the level of threat to the\nhealth of the general population as very high.\n\u2022 Yesterday, 14,022 new laboratory-confirmed COVID-19 cases as well as 839 new deaths associated with COVID-19 were\ntransmitted to the RKI in Germany. The national 7-day incidence is 94 cases per 100,000 population. In Brandenburg,\nSaxony, Saxony-Anhalt, and Thuringia it is markedly above the national incidence.\n\u2022 Of 412 districts, 371 have a high 7-day COVID-19 incidence. 162 districts have an incidence of >100 cases/100,000\npopulation and of these, 7 districts have an incidence of >250-500 cases/100,000 population.\n\u2022 The 7-day incidence of people 60-79 years is currently 76 and of people \u226580 years 189 cases/100,000 population.\n\u2022 The high nationwide number of cases is caused by increasingly diffuse transmission, with numerous clusters especially in\nhouseholds, occupational settings and nursing and long-term care homes.\n\u2022 On 29/01/2021 (12:15 PM) 4,375 COVID-19 patients were in intensive care. In the preceding 24 hours, +556 existing patients\nhad been discharged (30% of whom had died) and +494 patients were newly admitted. The resulting number of cases under\ntreatment was -62 more than the prior day.\n\u2022 Since 26/12/2020 a total of 1,799,481 people in Germany have been vaccinated at least once (vaccination rate 2.2%) and\n416,646 people twice against COVID-19 (http://www.rki.de/covid-19-impfquoten).\n\u2022 In this situation report, the following additional information is given: Mortality Monitoring", "mentions": {"date": [{"start_char": 15, "end_char": 25}], "new_cases": [{"start_char": 220, "end_char": 226}], "new_deaths": [{"start_char": 278, "end_char": 281}], "incidence": [{"start_char": 390, "end_char": 392}], "patients_intensive_care": [{"start_char": 1066, "end_char": 1071}], "vaccinated": [{"start_char": 1355, "end_char": 1364}], "twice_vaccinated": [{"start_char": 1446, "end_char": 1453}]}, "mentions_same_attribute_class": {"date": [], "new_cases": [], "new_deaths": [], "incidence": [], "patients_intensive_care": [], "vaccinated": [], "twice_vaccinated": []}}