{"id": "2021-02-07", "text": "Summary (as of 07/02/2021, 12:00 AM)\n\u2022 Currently, the number of transmissions in the population in Germany remains high. RKI assesses the level of threat to the\nhealth of the general population to be very high.\n\u2022 Yesterday, 8,616 new laboratory-confirmed COVID-19 cases as well as 231 new deaths associated with COVID-19 were\ntransmitted to the RKI. The national 7-day incidence is 76 cases per 100,000 population. In Bremen, Hesse and MecklenburgWestern Pomerania it is slightly, in Brandenburg, Saarland, Saxony, Saxony-Anhalt, and Thuringia considerably above the\nnational incidence.\n\u2022 In 315 of the 412 districts, the 7-day COVID-19 incidence is high (>50 cases/100,000 population). In 92 districts, the 7-day\nincidence is >100 cases/100,000 population and in 6 of these districts it is >250-500 cases/100,000 population.\n\u2022 The 7-day incidence among people aged 60-79 years is currently 59 and of people aged \u226580 years, 132 cases/100,000\npopulation.\n\u2022 The high nationwide number of cases is caused by increasingly diffuse transmission, with numerous clusters especially in\nhouseholds, occupational settings and nursing and long-term care homes.\n\u2022 On 07/02/2021 (12:15 PM) 3,933 COVID-19 patients were in intensive care. In the preceding 24 hours, +267 existing patients had\nbeen discharged (39% of whom had died) and +235 patients were newly admitted. The resulting number of cases under\ntreatment was -32 less than the prior day.\n\u2022 Since 26/12/2020 a total of 2,212,851 people in Germany have been vaccinated at least once (vaccination rate 2.7%) and\n903,271 people twice (vaccination rate 1.1%) against COVID-19 (http://www.rki.de/covid-19-impfquoten).", "mentions": {"date": [{"start_char": 15, "end_char": 25}], "new_cases": [{"start_char": 224, "end_char": 229}], "new_deaths": [{"start_char": 281, "end_char": 284}], "incidence": [{"start_char": 382, "end_char": 384}], "patients_intensive_care": [{"start_char": 1176, "end_char": 1181}], "vaccinated": [{"start_char": 1465, "end_char": 1474}], "twice_vaccinated": [{"start_char": 1556, "end_char": 1563}]}, "mentions_same_attribute_class": {"date": [], "new_cases": [], "new_deaths": [], "incidence": [], "patients_intensive_care": [], "vaccinated": [], "twice_vaccinated": []}}