{"id": "2021-01-16", "text": "Summary (as of 16/01/2021, 12:00 AM)\n\u2022 Currently, the number of transmissions in the population in Germany is high. RKI now judges the level of threat to the health of the general\npopulation as very high.\n\u2022 Yesterday, 18,678 new laboratory-confirmed COVID-19 cases as well as 980 new deaths associated with COVID-19 were transmitted to the RKI\nin Germany. The national 7-day incidence is 139 cases per 100,000 population. In Brandenburg, Saxony, Saxony-Anhalt, and Thuringia it is\nmarkedly above the national incidence.\n\u2022 All 412 districts have a high 7-day COVID-19 incidence. 297 districts have an incidence of >100 cases/100,000 population and of these,\n32 districts have an incidence of >250-500 cases/100,000 population, and one district has an incidence of >500 cases/100,000 population.\n\u2022 The 7-day incidence of people 60-79 years is currently 107 and of people \u226580 years 289 cases/100,000 population.\n\u2022 The high nationwide number of cases is caused by increasingly diffuse transmission, with numerous clusters especially in households,\noccupational settings and nursing and long-term care homes.\n\u2022 On 16/01/2021, 5,015 COVID-19 patients were in intensive care. In the preceding 24 hours, 396 existing patients had been discharged (37 % of\nwhom had died) and 337 patients were newly admitted. The resulting number of cases under treatment was 59 less than the prior day.\n\u2022 Since 26/12/2020 a total of 1,048,160 people in Germany have been vaccinated against COVID-19 (12.6 vaccinated per 1,000 population)\n(http://www.rki.de/covid-19-impfquoten).", "mentions": {"date": [{"start_char": 15, "end_char": 25}], "new_cases": [{"start_char": 218, "end_char": 224}], "new_deaths": [{"start_char": 276, "end_char": 279}], "incidence": [{"start_char": 388, "end_char": 391}], "patients_intensive_care": [{"start_char": 1121, "end_char": 1126}], "vaccinated": [{"start_char": 1408, "end_char": 1417}], "twice_vaccinated": []}, "mentions_same_attribute_class": {"date": [], "new_cases": [], "new_deaths": [], "incidence": [], "patients_intensive_care": [], "vaccinated": [], "twice_vaccinated": []}}