{"id": "2021-02-06", "text": "Summary (as of 06/02/2021, 12:00 AM)\n\u2022 Currently, the number of transmissions in the population in Germany remains high. RKI assesses the level of threat to the\nhealth of the general population to be very high.\n\u2022 Yesterday, 10,485 new laboratory-confirmed COVID-19 cases as well as 689 new deaths associated with COVID-19 were\ntransmitted to the RKI. The national 7-day incidence is 77 cases per 100,000 population. In Bavaria, Bremen, Hesse and\nMecklenburg-Western Pomerania it is slightly, in Brandenburg, Saarland, Saxony, Saxony-Anhalt, and Thuringia considerably\nabove the national incidence.\n\u2022 In 331 of the 412 districts, the 7-day COVID-19 incidence is high (>50 cases/100,000 population). In 97 districts, the 7-day\nincidence is >100 cases/100,000 population and in 5 of these districts it is >250-500 cases/100,000 population.\n\u2022 The 7-day incidence among people aged 60-79 years is currently 60 and of people aged \u226580 years, 136 cases/100,000\npopulation.\n\u2022 The high nationwide number of cases is caused by increasingly diffuse transmission, with numerous clusters especially in\nhouseholds, occupational settings and nursing and long-term care homes.\n\u2022 On 06/02/2021 (12:15 PM) 3,965 COVID-19 patients were in intensive care. In the preceding 24 hours, +416 existing patients had\nbeen discharged (31% of whom had died) and +309 patients were newly admitted. The resulting number of cases under\ntreatment was -107 more than the prior day.\n\u2022 Since 26/12/2020 a total of 2,212,851 people in Germany have been vaccinated at least once (vaccination rate 2.7%) and\n903,271 people twice (vaccination rate 1.1%) against COVID-19 (http://www.rki.de/covid-19-impfquoten).", "mentions": {"date": [{"start_char": 15, "end_char": 25}], "new_cases": [{"start_char": 224, "end_char": 230}], "new_deaths": [{"start_char": 282, "end_char": 285}], "incidence": [{"start_char": 383, "end_char": 385}], "patients_intensive_care": [{"start_char": 1187, "end_char": 1192}], "vaccinated": [{"start_char": 1477, "end_char": 1486}], "twice_vaccinated": [{"start_char": 1568, "end_char": 1575}]}, "mentions_same_attribute_class": {"date": [], "new_cases": [], "new_deaths": [], "incidence": [], "patients_intensive_care": [], "vaccinated": [], "twice_vaccinated": []}}