{"id": "2021-01-14", "text": "Summary (as of 14/01/2021, 12:00 AM)\n\u2022 Currently, the number of transmissions in the population in Germany is high. RKI now judges the level of threat to the health of the general\npopulation as very high.\n\u2022 Yesterday, 25,164 new laboratory-confirmed COVID-19 cases as well as 1,244 new deaths associated with COVID-19 were transmitted to the\nRKI in Germany. The national 7-day incidence is 151 cases per 100,000 population. In Saxony, Thuringia and Saxony-Anhalt it is markedly above\nthe national incidence.\n\u2022 All 412 districts have a high 7-day COVID-19 incidence. 310 districts have an incidence of >100 cases/100,000 population and of these,\n51 districts have an incidence of >250-500 cases/100,000 population, and one district have an incidence of >500 cases/100,000 population.\n\u2022 The 7-day incidence of people 60-79 years is currently 118 and of people \u226580 years 305 cases/100,000 population.\n\u2022 The high nationwide number of cases is caused by increasingly diffuse transmission, with numerous clusters especially in households,\noccupational settings and nursing and long-term care homes.\n\u2022 On 14/01/2021, 5,125 COVID-19 patients were in intensive care. In the preceding 24 hours, 604 existing patients had been discharged (31 % of\nwhom had died) and 544 patients were newly admitted. The resulting number of cases under treatment was 60 less than the prior day.\n\u2022 Since 26/12/2020 a total of 842.455 people in Germany have been vaccinated against COVID-19 (10,1 vaccinated per 1,000 population)\n(http://www.rki.de/covid-19-impfquoten).", "mentions": {"date": [{"start_char": 15, "end_char": 25}], "new_cases": [{"start_char": 218, "end_char": 224}], "new_deaths": [{"start_char": 276, "end_char": 281}], "incidence": [{"start_char": 390, "end_char": 393}], "patients_intensive_care": [{"start_char": 1110, "end_char": 1115}], "vaccinated": [{"start_char": 1397, "end_char": 1404}], "twice_vaccinated": []}, "mentions_same_attribute_class": {"date": [], "new_cases": [], "new_deaths": [], "incidence": [], "patients_intensive_care": [], "vaccinated": [], "twice_vaccinated": []}}