{"id": "2021-02-08", "text": "Summary (as of 08/02/2021, 12:00 AM)\n\u2022 Currently, the number of transmissions in the population in Germany remains high. RKI assesses the level of threat to the\nhealth of the general population to be very high.\n\u2022 Yesterday, +4,535 new laboratory-confirmed COVID-19 cases as well as 158 new deaths associated with COVID-19 were\ntransmitted to the RKI. The national 7-day incidence is 76 cases per 100,000 population. In Saarland, Saxony, Saxony-Anhalt,\nand Thuringia it is considerably above the national incidence.\n\u2022 In 319 of the 412 districts, the 7-day COVID-19 incidence is high (>50 cases/100,000 population). In 96 districts, the 7-day\nincidence is >100 cases/100,000 population and in 6 of these districts it is >250-500 cases/100,000 population.\n\u2022 The 7-day incidence among people aged 60-79 years is currently 60 and of people aged \u226580 years, 132 cases/100,000\npopulation.\n\u2022 The high nationwide number of cases is caused by increasingly diffuse transmission, with numerous clusters especially in\nhouseholds, occupational settings and nursing and long-term care homes.\n\u2022 On 08/02/2021 (12:15 PM) 3,957 COVID-19 patients were in intensive care. In the preceding 24 hours, +348 existing patients had\nbeen discharged (42% of whom had died) and +372 patients were newly admitted. The resulting number of cases under\ntreatment was +24 more than the prior day.\n\u2022 Since 26/12/2020 a total of 2,295,221 people in Germany have been vaccinated at least once (vaccination rate 2.8%) and\n981,914 people twice (vaccination rate 1.2%) against COVID-19 (http://www.rki.de/covid-19-impfquoten).", "mentions": {"date": [{"start_char": 15, "end_char": 25}], "new_cases": [{"start_char": 225, "end_char": 230}], "new_deaths": [{"start_char": 282, "end_char": 285}], "incidence": [{"start_char": 383, "end_char": 385}], "patients_intensive_care": [{"start_char": 1104, "end_char": 1109}], "vaccinated": [{"start_char": 1393, "end_char": 1402}], "twice_vaccinated": [{"start_char": 1484, "end_char": 1491}]}, "mentions_same_attribute_class": {"date": [], "new_cases": [], "new_deaths": [], "incidence": [], "patients_intensive_care": [], "vaccinated": [], "twice_vaccinated": []}}