{"id": "2021-01-26", "text": "Summary (as of 26/01/2021, 12:00 AM)\n\u2022 Currently, the number of transmissions in the population in Germany is high. RKI now assesses the level of threat to the\nhealth of the general population as very high.\n\u2022 Yesterday, 6,412 new laboratory-confirmed COVID-19 cases as well as 903 new deaths associated with COVID-19 were\ntransmitted to the RKI in Germany. The national 7-day incidence is 108 cases per 100,000 population. In Brandenburg,\nSaxony, Saxony-Anhalt, and Thuringia it is markedly above the national incidence. Due to technical issues today, there has\nbeen a small difference between cases displayed in the Dashboard and given in this report. These issues are currently\nbeing resolved.\n\u2022 Of 412 districts, 387 have a high 7-day COVID-19 incidence. 209 districts have an incidence of >100 cases/100,000\npopulation and of these, 9 districts have an incidence of >250-500 cases/100,000 population.\n\u2022 The 7-day incidence of people 60-79 years is currently 85 and of people \u226580 years 224 cases/100,000 population.\n\u2022 The high nationwide number of cases is caused by increasingly diffuse transmission, with numerous clusters especially in\nhouseholds, occupational settings and nursing and long-term care homes.\n\u2022 On 26/01/2021 (12:15 PM) 4,571 COVID-19 patients were in intensive care. In the preceding 24 hours, +580 existing patients\nhad been discharged (29% of whom had died) and +532 patients were newly admitted. The resulting number of cases under\ntreatment was -48 more than the prior day.\n\u2022 Since 26/12/2020 a total of 1,638,425 people in Germany have been vaccinated at least once (vaccination rate 2.0%) and\n283,264 people twice against COVID-19 (http://www.rki.de/covid-19-impfquoten).", "mentions": {"date": [{"start_char": 15, "end_char": 25}], "new_cases": [{"start_char": 220, "end_char": 225}], "new_deaths": [{"start_char": 277, "end_char": 280}], "incidence": [{"start_char": 389, "end_char": 392}], "patients_intensive_care": [{"start_char": 1241, "end_char": 1246}], "vaccinated": [{"start_char": 1530, "end_char": 1539}], "twice_vaccinated": [{"start_char": 1621, "end_char": 1628}]}, "mentions_same_attribute_class": {"date": [], "new_cases": [], "new_deaths": [], "incidence": [], "patients_intensive_care": [], "vaccinated": [], "twice_vaccinated": []}}