{"id": "2021-01-15", "text": "Summary (as of 15/01/2021, 12:00 AM)\n\u2022 Currently, the number of transmissions in the population in Germany is high. RKI now judges the level of threat to the health of the general\npopulation as very high.\n\u2022 Yesterday, 22,368 new laboratory-confirmed COVID-19 cases as well as 1,113 new deaths associated with COVID-19 were transmitted to the\nRKI in Germany. The national 7-day incidence is 146 cases per 100,000 population. In Brandenburg, Saxony, Saxony-Anhalt, and Thuringia it is\nmarkedly above the national incidence.\n\u2022 All 412 districts have a high 7-day COVID-19 incidence. 312 districts have an incidence of >100 cases/100,000 population and of these,\n45 districts have an incidence of >250-500 cases/100,000 population, and two districts have an incidence of >500 cases/100,000 population.\n\u2022 The 7-day incidence of people 60-79 years is currently 113 and of people \u226580 years 299 cases/100,000 population.\n\u2022 The high nationwide number of cases is caused by increasingly diffuse transmission, with numerous clusters especially in households,\noccupational settings and nursing and long-term care homes.\n\u2022 On 15/01/2021, 5,074 COVID-19 patients were in intensive care. In the preceding 24 hours, 1,607 existing patients had been discharged (16 % of\nwhom had died) and 1,556 patients were newly admitted. The resulting number of cases under treatment was 51 less than the prior day.\n\u2022 Since 26/12/2020 a total of 961,682 people in Germany have been vaccinated against COVID-19 (11.6 vaccinated per 1,000 population)\n(http://www.rki.de/covid-19-impfquoten).\n\u2022 Mortality Monitoring: Mortality is significantly increased compared to the 2016-2019 average.", "mentions": {"date": [{"start_char": 15, "end_char": 25}], "new_cases": [{"start_char": 218, "end_char": 224}], "new_deaths": [{"start_char": 276, "end_char": 281}], "incidence": [{"start_char": 390, "end_char": 393}], "patients_intensive_care": [{"start_char": 1125, "end_char": 1130}], "vaccinated": [{"start_char": 1416, "end_char": 1423}], "twice_vaccinated": []}, "mentions_same_attribute_class": {"date": [], "new_cases": [], "new_deaths": [], "incidence": [], "patients_intensive_care": [], "vaccinated": [], "twice_vaccinated": []}}