{"id": "2021-01-22", "text": "Summary (as of 22/01/2021, 12:00 AM)\n\u2022 Currently, the number of transmissions in the population in Germany is high. RKI now assesses the level of threat to the\nhealth of the general population as very high.\n\u2022 Yesterday, 17,862 new laboratory-confirmed COVID-19 cases as well as 859 new deaths associated with COVID-19 were\ntransmitted to the RKI in Germany. The national 7-day incidence is 115 cases per 100,000 population. In Brandenburg,\nSaxony, Saxony-Anhalt, and Thuringia it is markedly above the national incidence.\n\u2022 Of 412 districts, 391 have a high 7-day COVID-19 incidence. 237 districts have an incidence of >100 cases/100,000\npopulation and of these, 20 districts have an incidence of >250-500 cases/100,000 population.\n\u2022 The 7-day incidence of people 60-79 years is currently 73 and of people \u226580 years 202 cases/100,000 population.\n\u2022 The high nationwide number of cases is caused by increasingly diffuse transmission, with numerous clusters especially in\nhouseholds, occupational settings and nursing and long-term care homes.\n\u2022 On 22/01/2021, 4,768 COVID-19 patients were in intensive care. In the preceding 24 hours, +623 existing patients had been\ndischarged (34% of whom had died) and +604 patients were newly admitted. The resulting number of cases under treatment\nwas 19 less than the prior day.\n\u2022 Since 26/12/2020 a total of 1,386,464 people in Germany have been vaccinated once (vaccination rate 1.7%) and 115,175\npeople twice against COVID-19 (http://www.rki.de/covid-19-impfquoten).\n\u2022 In this situation report, the following additional information is given: Mortality Monitoring", "mentions": {"date": [{"start_char": 15, "end_char": 25}], "new_cases": [{"start_char": 220, "end_char": 226}], "new_deaths": [{"start_char": 278, "end_char": 281}], "incidence": [{"start_char": 390, "end_char": 393}], "patients_intensive_care": [{"start_char": 1058, "end_char": 1063}], "vaccinated": [{"start_char": 1346, "end_char": 1355}], "twice_vaccinated": [{"start_char": 1428, "end_char": 1435}]}, "mentions_same_attribute_class": {"date": [], "new_cases": [], "new_deaths": [], "incidence": [], "patients_intensive_care": [], "vaccinated": [], "twice_vaccinated": []}}