{"id": "2021-01-05", "text": "Summary (as of 05/01/2021, 12:00 AM)\n\u2022 Currently, the number of transmissions in the population in Germany is high. RKI now judges the level of threat to the health of the general\npopulation as very high.\n\u2022 Yesterday, 11,897 new laboratory-confirmed COVID-19 cases as well as 944 new deaths associated with COVID-19 were transmitted to the RKI\nin Germany. The national 7-day incidence is 135 cases per 100,000 population. In Saxony and Thuringia, it is markedly above the national\nincidence.\n\u2022 All 412 districts have a high 7-day COVID-19 incidence. 289 districts have an incidence of >100 cases/100,000 population and of these, 42\ndistricts have an incidence of >250-500 cases/100,000 population and 2 districts of >500 cases/100,000 population.\n\u2022 The 7-day incidence of people 60-79 years is currently 111 and of people \u226580 years 275 cases/100,000 population.\n\u2022 The high nationwide number of cases is caused by increasingly diffuse transmission, with numerous clusters especially in households and\nnursing and long-term care homes.\n\u2022 On 05/01/2021 (12:15 PM) 5,678 COVID-19 patients were in intensive care. In the preceding 24 hours, 868 existing patients were discharged\n(37% of whom had died) and 802 patients were newly admitted. The resulting number of cases under treatment was 66 less than the prior\nday.\n\u2022 Since 26/12/2020 a total of 316,962 people in Germany have been vaccinated against COVID-19 (http://www.rki.de/covid-19-impfquoten).\n\u2022 Testing and notification activities may have been lower during the festive season, resulting in a putatively incomplete picture of the\nepidemiological situation in Germany of the previous two weeks. ", "mentions": {"date": [{"start_char": 15, "end_char": 25}], "new_cases": [{"start_char": 218, "end_char": 224}], "new_deaths": [{"start_char": 276, "end_char": 279}], "incidence": [{"start_char": 388, "end_char": 391}], "patients_intensive_care": [{"start_char": 1061, "end_char": 1066}], "vaccinated": [{"start_char": 1343, "end_char": 1350}], "twice_vaccinated": []}, "mentions_same_attribute_class": {"date": [], "new_cases": [], "new_deaths": [], "incidence": [], "patients_intensive_care": [], "vaccinated": [], "twice_vaccinated": []}}